trends_group,phrase,trends_avg_12m,geo,period,captured,note
a,schattenfugenprofil,16,DE,today 12-m,2026-10-10,
a,schattenprofil,2,DE,today 12-m,2026-10-10,
a,schattenfuge decke,3,DE,today 12-m,2026-10-10,
a,schattennut,2,DE,today 12-m,2026-10-10,
a,spanndecke schattenfuge,2,DE,today 12-m,2026-10-10,
b,spanndecke profil,,DE,today 12-m,2026-10-10,n/a (zu wenig Daten) - Trends gibt fuer die ganze Gruppe keine Werte
b,spanndecke leiste,,DE,today 12-m,2026-10-10,n/a (zu wenig Daten)
b,spanndecke wandprofil,,DE,today 12-m,2026-10-10,n/a (zu wenig Daten)
b,spanndecke keder,,DE,today 12-m,2026-10-10,n/a (zu wenig Daten)
b,harpunenprofil,,DE,today 12-m,2026-10-10,n/a (zu wenig Daten)
c,spanndecke vorhangschiene,1,DE,today 12-m,2026-10-10,
c,gardinenschiene decke,47,DE,today 12-m,2026-10-10,
c,gardinennische,0,DE,today 12-m,2026-10-10,
c,vorhangschiene decke,31,DE,today 12-m,2026-10-10,
c,gardinenleiste decke,1,DE,today 12-m,2026-10-10,
d,schattenfuge led,7,DE,today 12-m,2026-10-10,
d,schwebende decke,0,DE,today 12-m,2026-10-10,
d,lichtlinie decke,0,DE,today 12-m,2026-10-10,
d,led profil decke,3,DE,today 12-m,2026-10-10,
d,spanndecke led,0,DE,today 12-m,2026-10-10,
