offerId,title,link,color,size,item_group_id,price
3MLLHH2IjgqO47skfI06r2,Łącznik prosty JOINTEK Y605,https://alumineu.pl/produkty/akcesoria/laczniki/jointek-y605,,,jointek_y605,40 PLN
R2Byo-ePivRzvVzZ6j3813,Łopatka montażowa SPATULA Y804,https://alumineu.pl/produkty/akcesoria/lopatki-montazowe/spatula-y804,,,spatula_y804,210 PLN
ysB7srkLhvaXhUm2B-WED1,Ogranicznik HOOKEND Y704,https://alumineu.pl/produkty/akcesoria/haczyki/hookend-y704?editionuid=527435460662,biały,-,hookend_y704,2 PLN
Zm1YLzGFjDyJzl5BQ2AZK2,Osłona INSERTA Y008,https://alumineu.pl/produkty/akcesoria/oslony/inserta-y008?editionuid=530940509082,czarny,,inserta_y008,2 PLN
MP9kMK6mg9LT--ZPdvSbb1,Osłona INSERTA Y030,https://alumineu.pl/produkty/akcesoria/oslony/inserta-y030?editionuid=167761625542,mleczny,,inserta_y030,6 PLN
Ld9AkcuQi0qA19EQUN-hA0,Profil BANDURA X801,https://alumineu.pl/produkty/profile-harpunowe/inne/bandura-x801?editionuid=828448694242,surowy,,bandura_x801,3.2 PLN
V3cnnvOSiRXwOxWDjbAgp3,Profil CLASSIX X140,https://alumineu.pl/produkty/profile-harpunowe/bezszczelinowe/classix-x140?editionuid=956057347402,surowy,,classix_x140,3.9 PLN
uOmKNKiKhPZzh4UNscvrM3,Profil CONTURA X601,https://alumineu.pl/produkty/profile-harpunowe/konturowe/contura-x601?editionuid=363135129882,surowy,,contura_x601,8 PLN
smfA9ADrg9P4AffHsiprN2,Profil CURTINA X403,https://alumineu.pl/produkty/profile-harpunowe/karniszowe/curtina-x403?editionuid=280441303392,biały połysk,długość 2200 mm,curtina_x403,123.2 PLN
ryMNNy0Vjq1ciFgP2gUaK3,Profil CURTINA X404,https://alumineu.pl/produkty/profile-harpunowe/karniszowe/curtina-x404?editionuid=811654953612,biały połysk,długość 2200 mm,curtina_x404,110 PLN
zRy2mTY3io-ReCRagT1MI2,Profil CURTINA X405,https://alumineu.pl/produkty/profile-harpunowe/karniszowe/curtina-x405?editionuid=578757699002,biały mat,długość 2000 mm,curtina_x405,120 PLN
M7K8jSGug5rmTO1txLm922,Profil CURTINA X405,https://alumineu.pl/produkty/profile-harpunowe/karniszowe/curtina-x405?editionuid=353195082562,biały mat,długość 2200 mm,curtina_x405,132 PLN
9YYv8DXkjKpGTTDe3j99Y3,Profil CURTINA X405,https://alumineu.pl/produkty/profile-harpunowe/karniszowe/curtina-x405?editionuid=400677780532,czarny mat,długość 2000 mm,curtina_x405,120 PLN
QYtmUePthsfmVcpZ7LaHB2,Profil CURTINA X405,https://alumineu.pl/produkty/profile-harpunowe/karniszowe/curtina-x405?editionuid=767458116892,czarny mat,długość 3200 mm,curtina_x405,192 PLN
iSRbWSLtitojIsPO0sI9x2,Profil CURTINA X405 M,https://alumineu.pl/produkty/profile-harpunowe/karniszowe/curtina-x405?editionuid=479658278692,biały mat,długość 2200 mm,curtina_x405_m,250 PLN
CkVvKhJbiGhhK2anvHdB33,Profil CURTINA X405 M,https://alumineu.pl/produkty/profile-harpunowe/karniszowe/curtina-x405?editionuid=339464740812,biały mat,długość 3200 mm,curtina_x405_m,360 PLN
08Gs75cLiwndvRDfwZZkQ2,Profil CURTINA X406,https://alumineu.pl/produkty/profile-harpunowe/karniszowe/curtina-x406?editionuid=713028260252,czarny mat,długość 3200 mm,curtina_x406,64 PLN
vdRmfjJniS9p1gOygMbDs0,Profil CURTINA X406,https://alumineu.pl/produkty/profile-harpunowe/karniszowe/curtina-x406?editionuid=465636530832,biały mat,długość 3200 mm,curtina_x406,64 PLN
gtIKBLtJghv4WzA42yxPP1,Profil CURTINA X407,https://alumineu.pl/produkty/profile-harpunowe/karniszowe/curtina-x407?editionuid=702501896712,czarny mat,długość 2000 mm,curtina_x407,22.4 PLN
KmK1hPPBihH4KDyWNRaPo0,Profil CURTINA X411,https://alumineu.pl/produkty/profile-harpunowe/karniszowe/curtina-x411?editionuid=930688697052,biały mat,,curtina_x411,170 PLN
jzysdA0nhEDukcRfamitz0,Profil FLOATIA X301,https://alumineu.pl/produkty/profile-harpunowe/dystansowe-led/floatia-x301?editionuid=647131319142,biały mat,,floatia_x301,12 PLN
fxcs1s4Sg4i9usohMYyp11,Profil FLOATIA X302,https://alumineu.pl/produkty/profile-harpunowe/dystansowe-led/floatia-x302?editionuid=682226449002,czarny mat,,floatia_x302,14.8 PLN
VL9D-5xNhHiRwdOhXxgjl3,Profil FLOATIA X303,https://alumineu.pl/produkty/profile-harpunowe/dystansowe-led/floatia-x303?editionuid=978567868692,surowy,,floatia_x303,15.6 PLN
xO7PAABriJTHSKVNGiuYl3,Profil FLOATIA X303,https://alumineu.pl/produkty/profile-harpunowe/dystansowe-led/floatia-x303?editionuid=562270940852,biały mat,,floatia_x303,20 PLN
DJNjCqquhcS8YMhhFUUT-3,Profil INVISIA X202,https://alumineu.pl/produkty/profile-harpunowe/dystansowe/invisia-x202?editionuid=187163923112,czarny mat,,invisia_x202,10 PLN
zA59TVMAiMOOTZf15BUvl2,Profil INVISIA X204,https://alumineu.pl/produkty/profile-harpunowe/dystansowe/invisia-x204?editionuid=219418945412,czarny mat,,invisia_x204,16 PLN
lFPD6yXiiis-LJnoPBaa91,Profil INVISIA X205,https://alumineu.pl/produkty/profile-harpunowe/dystansowe/invisia-x205?editionuid=930494652722,czarny mat,,invisia_x205,12 PLN
EGXmtijjgeQdvXQSqdLGi3,Profil INVISIA X206,https://alumineu.pl/produkty/profile-harpunowe/dystansowe/invisia-x206?editionuid=807119127272,czarny mat,,invisia_x206,16 PLN
cTT1GGAZj76alVXu4vaAe1,Profil INVISIA X209,https://alumineu.pl/produkty/profile-harpunowe/dystansowe/invisia-x209?editionuid=464804245532,biały mat,,invisia_x209,24 PLN
MzeeWUC0gyE9JJJLbz34v3,Profil LIGHTRA X030 S,https://alumineu.pl/produkty/profile-harpunowe/swietlne/lightra-x030-s?editionuid=928673577412,surowy,,lightra_x030_s,14 PLN
eSviEBM8guhlvQefni07r1,Profil LUMNOVA Z008,https://alumineu.pl/produkty/profile-klipsowe/swietlne/lumnova-z008?editionuid=243760267412,czarny mat,długość 2000 mm,lumnova_z008,80 PLN
A8KXwZGog4GTrG3uTcqe72,Profil STRATOS X702,https://alumineu.pl/produkty/profile-harpunowy/dwupoziomowe/stratos-x702?editionuid=348189936572,surowy,,stratos_x702,28 PLN
9DTMhoqug8m-s5umlvoUH2,Profil STRATOS X703,https://alumineu.pl/produkty/profile-harpunowy/dwupoziomowe/stratos-x703?editionuid=822678424062,surowy,,stratos_x703,20 PLN
TTCe8rd4gfNWGALqZZ6XQ1,Profil STRATOS X704,https://alumineu.pl/produkty/profile-harpunowy/dwupoziomowe/stratos-x704?editionuid=324744800482,biały mat,,stratos_x704,24 PLN
ASFuUxWDgOBWCHN5ODymF1,Profil TISSURE Z405,https://alumineu.pl/produkty/profile-klipsowe/karniszowe/tissure-z405?editionuid=907892131702,czarny mat,długość 3200 mm,tissure_z405,280 PLN
SQKcK9vigikWY0Agh6ZSX0,Profil UNITEXA Z701,https://alumineu.pl/produkty/profile-klipsowe/dwupoziomowe/unitexa-z701?editionuid=929118351672,biały mat,długość 2000 mm,unitexa_z701,54 PLN
ergHrlZUg2QIND1V8IhSJ2,Przepierzenie DECORRA H005,https://alumineu.pl/produkty/home/przepierzenia/decorra?editionuid=169077060902,biały mat,długość 500 mm,decorra_h005,720 PLN
Uol4AUi6iIvTMzs54EO9j2,Przepierzenie DECORRA H005,https://alumineu.pl/produkty/home/przepierzenia/decorra?editionuid=183762869242,czarny mat,długość 500 mm,decorra_h005,720 PLN
bmi8XCqTjEWJdGyaSuIyc0,Przepierzenie DECORRA H010,https://alumineu.pl/produkty/home/przepierzenia/decorra?editionuid=142180096742,czarny mat,długość 1000 mm,decorra_h010,1300 PLN
lp4e5bsYjDqziPV39cnuC2,Przepierzenie DECORRA H010,https://alumineu.pl/produkty/home/przepierzenia/decorra?editionuid=286760936572,biały mat,długość 1000 mm,decorra_h010,1300 PLN
YvBn2CQPjF0bZ9wS2Otu83,Przyrząd STABILE Y905,https://alumineu.pl/tproduct/260642600522-przyrzd-stabile-y905,,,stabile_y905,40 PLN
yhkL5hiDgxPikbdZZ9Fw-2,Przyrząd STUSLON Y901,https://alumineu.pl/produkty/akcesoria/przyrzady/stuslon-y901,,,stuslon_y901,7.05 PLN
5AoNq6UdhMzzZcpcgTh5m0,Ślizgi SLIDENE Y703,https://alumineu.pl/produkty/akcesoria/haczyki/slidene-y703?editionuid=990277964372,biały,-,slidene_y703,2.6 PLN
ARWzP670jnmjJZpK5JsEU1,Wentylacja AERROLL Z010,https://alumineu.pl/produkty/wentylacja/nawiewniki-szczelinowe/aerroll-z?editionuid=847063302852,czarny mat,długość 1000 mm,aerroll_z010,750 PLN
h5ANH4hyhaQ0ahlbaV9nf3,Zaślepka ENDCAPP Y201,https://alumineu.pl/produkty/akcesoria/zaslepki/endcapp-y201?editionuid=239277149292,czarny połysk,,endcapp_y201,4 PLN
9wJD0JkkglPzVeK5rRpif0,Zaślepka ENDCAPP Y202,https://alumineu.pl/produkty/akcesoria/zaslepki/endcapp-y202?editionuid=698448881602,czarny połysk,,endcapp_y202,4 PLN
