# Optional ,# Optional | Add labels to products to help filter them into product sets. Max characters: 110 per label; 5000 labels per product,# Optional | Use this field to create variants of the same item. Enter the same group ID for all variants within a group. Learn more about variants: https://www.facebook.com/business/help/2256580051262113 Character limit: 100.,# Required | A unique content ID for the item. Use the item's SKU if you can. Each content ID must appear only once in your catalog. To run dynamic ads this ID must exactly match the content ID for the same item in your Meta Pixel code. Character limit: 100,# Required | A specific and relevant title for the item. See title specifications: https://www.facebook.com/business/help/2104231189874655 Character limit: 200,# Required | A short and relevant description of the item. Include specific or unique product features like material or color. Use plain text and don't enter text in all capital letters. See description specifications: https://www.facebook.com/business/help/2302017289821154 Character limit: 9999,# Optional,Alumineu,# Optional | The size of the item written as a word or abbreviation or number. For example: small; XL; 12. Character limit: 200.,# Optional | The color of the item. Use one or more words to describe the color. Don't use a hex code. Character limit: 200.,# Required | The price of the item. Format the price as a number followed by the 3-letter currency code (ISO 4217 standards). Use a period (.) as the decimal point; don't use a comma.,# Required | The URL of the specific product page where people can buy the item.,# Optional | ,# Required | The current condition of the item. | Supported values: new; used,# Required | The current availability of the item. | Supported values: in stock; out of stock,# Optional | The quantity of this item you have to sell on Facebook and Instagram with checkout. Must be 1 or higher or the item won't be buyable,# Optional | The discounted price of the item if it's on sale. Format the price as a number followed by the 3-letter currency code (ISO 4217 standards). Use a period (.) as the decimal point; don't use a comma. A sale price is required if you want to use an overlay for discounted prices.,# Optional | The time range for your sale period. Includes the date and time/time zone when your sale starts and ends. If this field is blank any items with a sale_price remain on sale until you remove the sale price. Use this format: YYYY-MM-DDT23:59+00:00/YYYY-MM-DDT23:59+00:00. Enter the start date as YYYY-MM-DD. Enter a 'T'. Enter the start time in 24-hour format (00:00 to 23:59) followed by the UTC time zone (-12:00 to +14:00). Enter '/' and then repeat the same format for your end date and time. The example row below uses PST time zone (-08:00).,# Optional | The Google product category for the item. Learn more about product categories: https://www.facebook.com/business/help/526764014610932.,# Optional | The Facebook product category for the item. Learn more about product categories: https://www.facebook.com/business/help/526764014610932.
custom_label_1,product_tags[1],item_group_id,id,title,description,rich_text_description,brand,size,color,price,link,additional_image_link,condition,availability,quantity_to_sell_on_facebook,sale_price,sale_price_effective_date,google_product_category,fb_product_category
,light,lightra_x015,olHJtrUhhLVDB5FN2Is6G0,Profile LIGHTRA X015,Patented LIGHTRA X015® separation profile for stretch ceilings with a harpoon mounting system. Designed for creating a light line.,,alumineu,Aluminum,no color,2.83 EUR,https://alumineu.com/products/harpoon-profiles/light/lightra-x015?editionuid=631446513984,"https://drive.google.com/uc?id=17iV6kxFVV-6UxRAO6BWNsDD2IXWu1e81, https://drive.google.com/uc?id=1WcJRUsaDNmuIOKetxO_MF4iAAAHK55_V, https://drive.google.com/uc?id=1rihMoOyXkgST-35QSsU7xZQYxd5d18BK",new,in stock,100,,,7112,1457
,light,lightra_x030,Rv6KF1WLiPamjAv2BaZge3,Profile LIGHTRA X030,Patented LIGHTRA X030® separation profile for stretch ceilings with a harpoon mounting system. Designed for creating a light line.,,alumineu,Aluminum,no color,3.77 EUR,https://alumineu.com/products/harpoon-profiles/light/lightra-x030?editionuid=707683365734,"https://drive.google.com/uc?id=1q7Hts3XHwGIejVqxiVGsKJpdCiQA8pPf, https://drive.google.com/uc?id=1BQBllYQFT0EMogqzRdPczmwCZFWz1Yqy, https://drive.google.com/uc?id=1W78jOKuvbMeYaf-ZkonW14Qzvy6OpXA6",new,in stock,100,,,7112,1457
,light,lightra_x030_s,MzeeWUC0gyE9JJJLbz34v3,Profile LIGHTRA X030 S,Patented LIGHTRA X030® separation profile for stretch ceilings with a harpoon mounting system. Designed for creating a light line.,,alumineu,Aluminum,no color,3.30 EUR,https://alumineu.com/products/harpoon-profiles/light/lightra-x030-s?editionuid=959868546004,"https://drive.google.com/uc?id=15qCEfUTj7bSVVMsuaHMrBqQW7bcq_eZI, https://drive.google.com/uc?id=18Gfax0Zlm0P6c9Qun0v_NDS2JGZ4o8SL, https://drive.google.com/uc?id=1sfutcwagZ85qrgpibibA0bo1Sy0xKsh3, https://drive.google.com/uc?id=1W78jOKuvbMeYaf-ZkonW14Qzvy6OpXA6",new,in stock,100,,,7112,1457
,light,lightra_x050,wDQZybWWgNkn2Zq49zPi30,Profile LIGHTRA X050,Patented LIGHTRA X015® separation profile for stretch ceilings with a harpoon mounting system. Designed for creating a light line.,,alumineu,Aluminum,no color,4.25 EUR,https://alumineu.com/products/harpoon-profiles/light/lightra-x050?editionuid=619983884654,"https://drive.google.com/uc?id=1MqY7Vf5cGaa3CWyf_y_xmKj_wGGcsMoC, https://drive.google.com/uc?id=1Uovd-WdU3rlnadGUDiqU6H81XMolnQCe, https://drive.google.com/uc?id=1KyqcpZd4sXvoMBwm_a6yqP8rNgzGAFL_",new,in stock,100,,,7112,1457
,light,lamplix_x930,63SkQfPpjSYcEKuuMh-YG2,Profile LAMPLIX X930,"Universal LAMPLIX X930® profile for creating surface-mounted, suspended, and recessed light lines as well as lighting fixtures.",,alumineu,Aluminum,no color,4.72 EUR,https://alumineu.com/products/harpoon-profiles/light/lamplix-x930?editionuid=189187775894,https://drive.google.com/uc?id=1xXNkBl86L3quT1nBKIgp8yycX1v1q3Fs,new,in stock,100,,,7112,1457
,light,lamplix_x950,Xo7o90pXhmhKf1FmlwptL2,Profile LAMPLIX X950,"Universal LAMPLIX X950® profile for creating surface-mounted, suspended, and recessed light lines as well as lighting fixtures.",,alumineu,Aluminum,no color,7.08 EUR,https://alumineu.com/products/harpoon-profiles/light/lamplix-x950?editionuid=725321732754,https://drive.google.com/uc?id=11h_ZjHi0RgCfs0mxydWzJL9fBR8VXVzV,new,in stock,100,,,7112,1457
,seamless,classix_x101,rtBsri0AgIfzRs45xlYEo3,Profile CLASSIX X101,Patented CLASSIX X101® profile for stretch ceilings with a harpoon mounting system. Designed for navigating complex walls. The profile perimeter is closed with a wall insert.,,alumineu,Aluminum,no color,2.12 EUR,https://alumineu.com/products/harpoon-profiles/seamless/classix-x101?editionuid=185009411534,"https://drive.google.com/uc?id=1MErYcBb87Sxu_komEHnWC7vCRDOdn_X2, https://drive.google.com/uc?id=1NqfaIYhtHhIdo45z0XHcY59LDSSABIPR, https://drive.google.com/uc?id=1rxYyLf7jDWGOJwsyMqDNvsSkKs9uvvSF",new,in stock,100,,,7112,1457
,seamless,classix_x130,lxFpGXGnhGh-TPEwCLiEt2,Profile CLASSIX X130,Patented CLASSIX X130® profile for stretch ceilings with a harpoon fastening system. The perimeter of the profile is finished with a wall insert.,,alumineu,Aluminum,no color,0.71 EUR,https://alumineu.com/products/harpoon-profiles/seamless/classix-x130?editionuid=261836658024,"https://drive.google.com/uc?id=1ZhZipXy3PhVjxJef-p34_uGcpAKVA9xs, https://drive.google.com/uc?id=14bApwSlV4Be-ifscx95PI5z5EcVbuIRw, https://drive.google.com/uc?id=12rxjKAcddVR-9l0CHSIUzX0YS3ud9FVr",new,in stock,100,,,7112,1457
,seamless,classix_x140,V3cnnvOSiRXwOxWDjbAgp3,Profile CLASSIX X140,Patented CLASSIX X140® wall-mounted profile for stretch ceilings with a harpoon fastening system. Without a wall insert.,,alumineu,Aluminum,no color,0.92 EUR,https://alumineu.com/products/harpoon-profiles/seamless/classix-x140?editionuid=465418283094,"https://drive.google.com/uc?id=1NJlm9rib2fADT2a1KKrDqxRmE-rRjRmf, https://drive.google.com/uc?id=12dVzIY0_2lwsfic_sSkj31l8_t3uwFBU, https://drive.google.com/uc?id=1-Ju5UBs6eNWGpnmWaTA7Fwkd-OX8nZ8v",new,in stock,100,,,7112,1457
,shadow,invisia_x201,oo9OjTbNgZ8SJAWgghj610,Profile INVISIA X201,Patented INVISIA X201® wall-mounted spacer profile for stretch ceilings with a harpoon fastening system.,,alumineu,Aluminum,black matte,2.45 EUR,https://alumineu.com/products/harpoon-profiles/shadow/invisia-x201?editionuid=415709907174,"https://drive.google.com/uc?id=1R-9QlXUhfHmRRNjNI6FFUDC0O1wVOHvn, https://drive.google.com/uc?id=1vSRgPTQS66SjVeqt_obeRAT1BMvbPEuw, https://drive.google.com/uc?id=1doNRn2lC1L7rXkO4RoBlb8wllXxFd2qa",new,in stock,100,,,7112,1457
,shadow,invisia_x202,DJNjCqquhcS8YMhhFUUT-3,Profile INVISIA X202,Patented INVISIA X202® wall-mounted spacer profile for stretch ceilings with a harpoon fastening system.,,alumineu,Aluminum,black matte,2.36 EUR,https://alumineu.com/products/harpoon-profiles/shadow/invisia-x202?editionuid=399031398774,"https://drive.google.com/uc?id=1DNCe7DfN0gJl0KQkX5cWjg-gVYEm9S4D, https://drive.google.com/uc?id=1tPL2tQ2n8vcXLP3c5RpC6tsEGHpdqEMu, https://drive.google.com/uc?id=1QDS4cC_ttZBBn6gFj6CfhoySHqiAQRlI",new,in stock,100,,,7112,1457
,shadow,invisia_x204,zA59TVMAiMOOTZf15BUvl2,Profile INVISIA X204,Patented INVISIA X204® separation profile with a shadow gap for stretch ceilings with a harpoon fastening system. It is used for sloped stretch ceilings in attic spaces or for dividing the ceiling membrane into multiple sections without the use of a separating insert.,,alumineu,Aluminum,black matte,3.77 EUR,https://alumineu.com/tproduct/134565867054-invisia-x204?editionuid=188951275984,"https://drive.google.com/uc?id=1b9OqKZyKscLsLFeGuatj9D7MAR241BRa, https://drive.google.com/uc?id=1XdkJ9sIP6bK3y1fi0SZAZpBDe7Oxl__T, https://drive.google.com/uc?id=17gYm7IBn5ZpKHRPUWVwO4ORpYY9fmWwD",new,in stock,100,,,7112,1457
,shadow,invisia_x206,EGXmtijjgeQdvXQSqdLGi3,Profile INVISIA X206,Patented INVISIA X206® ceiling spacer profile for stretch ceilings featuring a harpoon mounting system.,,alumineu,Aluminum,black matte,3.77 EUR,https://alumineu.com/tproduct/226681894614-invisia-x206?editionuid=790675483284,"https://drive.google.com/uc?id=18mLn1YP3tLwK0ZIw1oAcIbN_5QhS3FII, https://drive.google.com/uc?id=1AeYB_QWBN5kMu2OlHDsuClmHAQ0GGvet, https://drive.google.com/uc?id=16ero6PPZf_A3423gb5Au5VU9msWFrX46",new,in stock,100,,,7112,1457
,shadow,invisia_x207,YZTju3ikgOF1-Sj6ktK6e2,Profile INVISIA X207,Patented INVISIA X207® ceiling-mounted spacer profile for ventilation in stretch ceilings with a harpoon fastening system.,,alumineu,Aluminum,black matte,5.66 EUR,https://alumineu.com/products/harpoon-profiles/shadow/invisia-x207?editionuid=138094009044,"https://drive.google.com/uc?id=1H0BvwoiRN-NKeg-CLyt6n7HGi2lQhh91, https://drive.google.com/uc?id=12TjByIkJwsf5RBMGztMhLgNSn104f6y3, https://drive.google.com/uc?id=1y3IQg_wbMKIFxtGSmMH1KDnvSACPGon3",new,in stock,100,,,7112,1457
,shadow,invisia_x208,eyVbkQihgGQtYR5EF0P4w0,Profile INVISIA X208,Patented INVISIA X208® ceiling-mounted spacer profile for stretch ceilings with a harpoon fastening system. Designed to accommodate complex wall geometries.,,alumineu,Aluminum,black matte,2.83 EUR,https://alumineu.com/tproduct/946367237194-invisia-x208?editionuid=302245781094,"https://drive.google.com/uc?id=1o8vtunjW4J5euLGuvoPNYpFntLporBLP, https://drive.google.com/uc?id=1bEkMg7AIqbRQNWuxPDAex_hO_Tlu6foW, https://drive.google.com/uc?id=1TdO2RkbGPxZAhIf72Nf7rKs9w1mCIByr",new,in stock,100,,,7112,1457
,shadow,invisia_x209,EeRJkcybhq5xX9vhB-xzv3,Profile INVISIA X209,Patented INVISIA X209® spacer profile for stretch ceilings with a harpoon fastening system. Designed to accommodate staircases and skylights.,,alumineu,Aluminum,black matte,5.66 EUR,https://alumineu.com/tproduct/102042709454-invisia-x209?editionuid=403589331054,"https://drive.google.com/uc?id=1oiNbnMd11K2TKxbN1RZDZ_RD-s1VxEGm, https://drive.google.com/uc?id=19-exLUXnyt91DaEEj-yzx0Cnn2STsmJl, https://drive.google.com/uc?id=11op0f9O7ohv6FZeAaGF7ps3DWcMXQLhz",new,in stock,100,,,7112,1457
,shadow,invisia_x209,cTT1GGAZj76alVXu4vaAe1,Profile INVISIA X209,Patented INVISIA X209® spacer profile for stretch ceilings with a harpoon fastening system. Designed to accommodate staircases and skylights.,,alumineu,Aluminum,white matte,5.66 EUR,https://alumineu.com/tproduct/102042709454-invisia-x209?editionuid=793147505754,"https://drive.google.com/uc?id=1oiNbnMd11K2TKxbN1RZDZ_RD-s1VxEGm, https://drive.google.com/uc?id=19-exLUXnyt91DaEEj-yzx0Cnn2STsmJl, https://drive.google.com/uc?id=11op0f9O7ohv6FZeAaGF7ps3DWcMXQLhz",new,in stock,100,,,7112,1457
,floating,floatia_x301,jzysdA0nhEDukcRfamitz0,Profile FLOATIA X301,Patented FLOATIA X301® wall-mounted spacer profile for stretch ceilings with a harpoon fastening system. Features a shelf for LED tape. No cover or diffuser included.,,alumineu,Aluminum,white matte,2.83 EUR,https://alumineu.com/products/harpoon-profiles/floating/floatia-x301?editionuid=366812850644,"https://drive.google.com/uc?id=1f0lXWOdXT9brQqcL-WLmLCC124xiilU2, https://drive.google.com/uc?id=15G1KsEVNW-6ZK75iSn41JZJEB-hkW8so, https://drive.google.com/uc?id=1wnQEHQCl68OS9y3wrId9XnkDW1J5UaL0",new,in stock,100,,,7112,1457
,floating,floatia_x302,IxT7oD8zhIbrnn2LbGw2D0,Profile FLOATIA X302,Patented FLOATIA X302® wall-mounted spacer profile for stretch ceilings with a harpoon fastening system. Features a shelf for LED tape and a protective cover.,,alumineu,Aluminum,no color,2.83 EUR,https://alumineu.com/products/harpoon-profiles/floating/floatia-x302?editionuid=188895409984,"https://drive.google.com/uc?id=113mq-nr-dqVWWUTywjdZS6C2YgO8IobZ, https://drive.google.com/uc?id=1ZG7iLJnATHZF_kKx41iyEQn2w796r-ny, https://drive.google.com/uc?id=1eRjiHdpiXyT6vpdvZcEuAkMsaKiNYqus",new,in stock,100,,,7112,1457
,floating,floatia_x302,fxcs1s4Sg4i9usohMYyp11,Profile FLOATIA X302,Patented FLOATIA X302® wall-mounted spacer profile for stretch ceilings with a harpoon fastening system. Features a shelf for LED tape and a protective cover.,,alumineu,Aluminum,black matte,3.49 EUR,https://alumineu.com/products/harpoon-profiles/floating/floatia-x302?editionuid=333602276984,"https://drive.google.com/uc?id=113mq-nr-dqVWWUTywjdZS6C2YgO8IobZ, https://drive.google.com/uc?id=1ZG7iLJnATHZF_kKx41iyEQn2w796r-ny, https://drive.google.com/uc?id=1eRjiHdpiXyT6vpdvZcEuAkMsaKiNYqus",new,in stock,100,,,7112,1457
,floating,floatia_x302,Y7mho3jShobDY2hUqkXX83,Profile FLOATIA X302,Patented FLOATIA X302® wall-mounted spacer profile for stretch ceilings with a harpoon fastening system. Features a shelf for LED tape and a protective cover.,,alumineu,Aluminum,white matte,3.49 EUR,https://alumineu.com/products/harpoon-profiles/floating/floatia-x302?editionuid=169150378804,"https://drive.google.com/uc?id=113mq-nr-dqVWWUTywjdZS6C2YgO8IobZ, https://drive.google.com/uc?id=1ZG7iLJnATHZF_kKx41iyEQn2w796r-ny, https://drive.google.com/uc?id=1eRjiHdpiXyT6vpdvZcEuAkMsaKiNYqus",new,in stock,100,,,7112,1457
,floating,floatia_x303,VL9D-5xNhHiRwdOhXxgjl3,Profile FLOATIA X303,Patented FLOATIA X303® ceiling-mounted spacer profile for stretch ceilings with a harpoon fastening system. Features a shelf for LED tape and a protective cover.,,alumineu,Aluminum,no color,3.68 EUR,https://alumineu.com/products/harpoon-profiles/floating/floatia-x303,"https://drive.google.com/uc?id=1IS1XUEu_gYZRP52nVAepof4sGID-VTCb, https://drive.google.com/uc?id=1T0qBjtoV0pvbQjzgYm5X5xNBz6NX1f6b, https://drive.google.com/uc?id=1dnKkAnTLxceytOUp6Q6we0HcL0K6fMwM",new,in stock,100,,,7112,1457
,floating,floatia_x303,MyI2v2JMhnRtUrh6H58nz0,Profile FLOATIA X303,Patented FLOATIA X303® ceiling-mounted spacer profile for stretch ceilings with a harpoon fastening system. Features a shelf for LED tape and a protective cover.,,alumineu,Aluminum,black matte,4.72 EUR,https://alumineu.com/products/harpoon-profiles/floating/floatia-x303?editionuid=882917313494,"https://drive.google.com/uc?id=1IS1XUEu_gYZRP52nVAepof4sGID-VTCb, https://drive.google.com/uc?id=1T0qBjtoV0pvbQjzgYm5X5xNBz6NX1f6b, https://drive.google.com/uc?id=1dnKkAnTLxceytOUp6Q6we0HcL0K6fMwM",new,in stock,100,,,7112,1457
,floating,floatia_x303,xO7PAABriJTHSKVNGiuYl3,Profile FLOATIA X303,Patented FLOATIA X303® ceiling-mounted spacer profile for stretch ceilings with a harpoon fastening system. Features a shelf for LED tape and a protective cover.,,alumineu,Aluminum,white matte,4.72 EUR,https://alumineu.com/products/harpoon-profiles/floating/floatia-x303?editionuid=239210141254,"https://drive.google.com/uc?id=1IS1XUEu_gYZRP52nVAepof4sGID-VTCb, https://drive.google.com/uc?id=1T0qBjtoV0pvbQjzgYm5X5xNBz6NX1f6b, https://drive.google.com/uc?id=1dnKkAnTLxceytOUp6Q6we0HcL0K6fMwM",new,in stock,100,,,7112,1457
,floating,floatia_x304,OGuLhFuVjSlwHsBusU5Sf1,Profile FLOATIA X304,Patented FLOATIA X304® ceiling spacer profile for stretch ceilings featuring a harpoon mounting system. Includes an LED tape shelf and cover.,,alumineu,Aluminum,black matte,7.08 EUR,https://alumineu.com/products/harpoon-profiles/floating/floatia-x304?editionuid=239901295214,,new,in stock,100,,,7112,1457
,cornice,curtina_x402,eePmEHIghXucCCjWcE2zy3,Profile CURTINA X402,Patented CURTINA X402® profile for creating concealed curtain niches with two tracks for hanging curtains and sheers in stretch ceilings with a harpoon system. Features side membrane fastening.,,alumineu,length 3200 m,black matte,36.23 EUR,https://alumineu.com/products/harpoon-profiles/cornice/curtina-x402?editionuid=209603887604,"https://drive.google.com/uc?id=1ynKYdymEqYZBoDEr1pY5bHEDos_89VZ3, https://drive.google.com/uc?id=1aBe3YYINuIjLq_TU_51qXcU1TlQNw2C-, https://drive.google.com/uc?id=1XU3HngUBFnrkdha_329UxQB9nCP6vr-2",new,in stock,100,,,7112,1457
,cornice,curtina_x402,vdjAWIcdhHNfZhVE150J92,Profile CURTINA X402,Patented CURTINA X402® profile for creating concealed curtain niches with two tracks for hanging curtains and sheers in stretch ceilings with a harpoon system. Features side membrane fastening.,,alumineu,length 3200 m,white gloss,36.23 EUR,https://alumineu.com/products/harpoon-profiles/cornice/curtina-x402?editionuid=294848956284,"https://drive.google.com/uc?id=1ynKYdymEqYZBoDEr1pY5bHEDos_89VZ3, https://drive.google.com/uc?id=1aBe3YYINuIjLq_TU_51qXcU1TlQNw2C-, https://drive.google.com/uc?id=1XU3HngUBFnrkdha_329UxQB9nCP6vr-2",new,in stock,100,,,7112,1457
,cornice,curtina_x402,DKTDmwA2icCZL2vSUjXum3,Profile CURTINA X402,Patented CURTINA X402® profile for creating concealed curtain niches with two tracks for hanging curtains and sheers in stretch ceilings with a harpoon system. Features side membrane fastening.,,alumineu,length 2200 m,black matte,24.91 EUR,https://alumineu.com/products/harpoon-profiles/cornice/curtina-x402?editionuid=366578292554,"https://drive.google.com/uc?id=1ynKYdymEqYZBoDEr1pY5bHEDos_89VZ3, https://drive.google.com/uc?id=1aBe3YYINuIjLq_TU_51qXcU1TlQNw2C-, https://drive.google.com/uc?id=1XU3HngUBFnrkdha_329UxQB9nCP6vr-2",new,in stock,100,,,7112,1457
,cornice,curtina_x402,e9yQf8rDjzi3XjGnnx3Iw3,Profile CURTINA X402,Patented CURTINA X402® profile for creating concealed curtain niches with two tracks for hanging curtains and sheers in stretch ceilings with a harpoon system. Features side membrane fastening.,,alumineu,length 2200 m,white gloss,24.91 EUR,https://alumineu.com/products/harpoon-profiles/cornice/curtina-x402?editionuid=535578291034,"https://drive.google.com/uc?id=1ynKYdymEqYZBoDEr1pY5bHEDos_89VZ3, https://drive.google.com/uc?id=1aBe3YYINuIjLq_TU_51qXcU1TlQNw2C-, https://drive.google.com/uc?id=1XU3HngUBFnrkdha_329UxQB9nCP6vr-2",new,in stock,100,,,7112,1457
,cornice,curtina_x403,jx2sQ0lhiTZsQVWNF9X2z0,Profile CURTINA X403,Patented CURTINA X403® profile for creating concealed curtain niches with two tracks for hanging curtains and sheers in stretch ceilings with a harpoon system. Features side membrane fastening.,,alumineu,length 3200 m,black matte,42.26 EUR,https://alumineu.com/products/harpoon-profiles/cornice/curtina-x403?editionuid=272879839094,"https://drive.google.com/uc?id=16binchgKBfvxs4TWxiIM0VByGN-ggVQM, https://drive.google.com/uc?id=1DuwVPqqnHj0m3om9AszdxPPMGcRhLo88, https://drive.google.com/uc?id=1ttlBOvfwWEh65Lp_9hpUMCIUExIzcRDR",new,in stock,100,,,7112,1457
,cornice,curtina_x403,34WwfpBUjupvpuPa3EpLr3,Profile CURTINA X403,Patented CURTINA X403® profile for creating concealed curtain niches with two tracks for hanging curtains and sheers in stretch ceilings with a harpoon system. Features side membrane fastening.,,alumineu,length 3200 m,white gloss,42.26 EUR,https://alumineu.com/products/harpoon-profiles/cornice/curtina-x403?editionuid=531211385824,"https://drive.google.com/uc?id=16binchgKBfvxs4TWxiIM0VByGN-ggVQM, https://drive.google.com/uc?id=1DuwVPqqnHj0m3om9AszdxPPMGcRhLo88, https://drive.google.com/uc?id=1ttlBOvfwWEh65Lp_9hpUMCIUExIzcRDR",new,in stock,100,,,7112,1457
,cornice,curtina_x403,i3hGepcZiU3L8JqEJ2rtV0,Profile CURTINA X403,Patented CURTINA X403® profile for creating concealed curtain niches with two tracks for hanging curtains and sheers in stretch ceilings with a harpoon system. Features side membrane fastening.,,alumineu,length 3200 m,white matte,42.26 EUR,https://alumineu.com/products/harpoon-profiles/cornice/curtina-x403?editionuid=641987260674,"https://drive.google.com/uc?id=16binchgKBfvxs4TWxiIM0VByGN-ggVQM, https://drive.google.com/uc?id=1DuwVPqqnHj0m3om9AszdxPPMGcRhLo88, https://drive.google.com/uc?id=1ttlBOvfwWEh65Lp_9hpUMCIUExIzcRDR",new,in stock,100,,,7112,1457
,cornice,curtina_x403,Hxf-n56DhLa95Jq8oTmSb3,Profile CURTINA X403,Patented CURTINA X403® profile for creating concealed curtain niches with two tracks for hanging curtains and sheers in stretch ceilings with a harpoon system. Features side membrane fastening.,,alumineu,length 2200 m,black matte,29.06 EUR,https://alumineu.com/products/harpoon-profiles/cornice/curtina-x403?editionuid=364376584494,"https://drive.google.com/uc?id=16binchgKBfvxs4TWxiIM0VByGN-ggVQM, https://drive.google.com/uc?id=1DuwVPqqnHj0m3om9AszdxPPMGcRhLo88, https://drive.google.com/uc?id=1ttlBOvfwWEh65Lp_9hpUMCIUExIzcRDR",new,in stock,100,,,7112,1457
,cornice,curtina_x403,smfA9ADrg9P4AffHsiprN2,Profile CURTINA X403,Patented CURTINA X403® profile for creating concealed curtain niches with two tracks for hanging curtains and sheers in stretch ceilings with a harpoon system. Features side membrane fastening.,,alumineu,length 2200 m,white gloss,29.06 EUR,https://alumineu.com/products/harpoon-profiles/cornice/curtina-x403?editionuid=375002317964,"https://drive.google.com/uc?id=16binchgKBfvxs4TWxiIM0VByGN-ggVQM, https://drive.google.com/uc?id=1DuwVPqqnHj0m3om9AszdxPPMGcRhLo88, https://drive.google.com/uc?id=1ttlBOvfwWEh65Lp_9hpUMCIUExIzcRDR",new,in stock,100,,,7112,1457
,cornice,curtina_x403,hSqFGvnTjaggVAymnovmh0,Profile CURTINA X403,Patented CURTINA X403® profile for creating concealed curtain niches with two tracks for hanging curtains and sheers in stretch ceilings with a harpoon system. Features side membrane fastening.,,alumineu,length 2000 m,black matte,26.42 EUR,https://alumineu.com/products/harpoon-profiles/cornice/curtina-x403?editionuid=681009609414,"https://drive.google.com/uc?id=16binchgKBfvxs4TWxiIM0VByGN-ggVQM, https://drive.google.com/uc?id=1DuwVPqqnHj0m3om9AszdxPPMGcRhLo88, https://drive.google.com/uc?id=1ttlBOvfwWEh65Lp_9hpUMCIUExIzcRDR",new,in stock,100,,,7112,1457
,cornice,curtina_x403,yUubMVw1hqQAZdBztKRgZ2,Profile CURTINA X403,Patented CURTINA X403® profile for creating concealed curtain niches with two tracks for hanging curtains and sheers in stretch ceilings with a harpoon system. Features side membrane fastening.,,alumineu,length 2000 m,white matte,26.42 EUR,https://alumineu.com/products/harpoon-profiles/cornice/curtina-x403?editionuid=406739692434,"https://drive.google.com/uc?id=16binchgKBfvxs4TWxiIM0VByGN-ggVQM, https://drive.google.com/uc?id=1DuwVPqqnHj0m3om9AszdxPPMGcRhLo88, https://drive.google.com/uc?id=1ttlBOvfwWEh65Lp_9hpUMCIUExIzcRDR",new,in stock,100,,,7112,1457
,cornice,curtina_x404,ryMNNy0Vjq1ciFgP2gUaK3,Profile CURTINA X404,Patented CURTINA X404® profile for creating concealed curtain niches with three tracks for installing curtains and sheers. Designed for a harpoon fastening system with bottom membrane insertion.,,alumineu,length 2200 m,white gloss,25.94 EUR,https://alumineu.com/products/harpoon-profiles/cornice/curtina-x404?editionuid=841975518824,https://drive.google.com/uc?id=1Zh-kAq7z-BYeT6NMWakb6O32xkk16rei,new,in stock,100,,,7112,1457
,cornice,curtina_x404,6UZy5OEYgiU2cDd92z2R00,Profile CURTINA X404,Patented CURTINA X404® profile for creating concealed curtain niches with three tracks for installing curtains and sheers. Designed for a harpoon fastening system with bottom membrane insertion.,,alumineu,length 3200 m,white gloss,37.74 EUR,https://alumineu.com/products/harpoon-profiles/cornice/curtina-x404?editionuid=195413785364,https://drive.google.com/uc?id=1Zh-kAq7z-BYeT6NMWakb6O32xkk16rei,new,in stock,100,,,7112,1457
,cornice,curtina_x405,QYtmUePthsfmVcpZ7LaHB2,Profile CURTINA X405,Patented CURTINA X405® profile for creating concealed curtain niches with two tracks for hanging curtains and sheers in stretch ceilings with a harpoon system. Integrated lighting.,,alumineu,length 3200 m,black matte,45.28 EUR,https://alumineu.com/products/harpoon-profiles/cornice/curtina-x405?editionuid=684498184424,"https://drive.google.com/uc?id=1FlKyhr1NvR2Q6AdEQId-RKSyO8tYyl2T, https://drive.google.com/uc?id=1jRQIdGfC1vdkHLmqF9_2V-L2wOhjrmh_, https://drive.google.com/uc?id=1yv9vmtsWTknPryPO-TcIQVhgYhj7URQe",new,in stock,100,,,7112,1457
,cornice,curtina_x405,hRYJaVIahB4Jg-O10ZpbV0,Profile CURTINA X405,Patented CURTINA X405® profile for creating concealed curtain niches with two tracks for hanging curtains and sheers in stretch ceilings with a harpoon system. Integrated lighting.,,alumineu,length 3200 m,white matte,45.28 EUR,https://alumineu.com/products/harpoon-profiles/cornice/curtina-x405?editionuid=371979066194,"https://drive.google.com/uc?id=1FlKyhr1NvR2Q6AdEQId-RKSyO8tYyl2T, https://drive.google.com/uc?id=1jRQIdGfC1vdkHLmqF9_2V-L2wOhjrmh_, https://drive.google.com/uc?id=1yv9vmtsWTknPryPO-TcIQVhgYhj7URQe",new,in stock,100,,,7112,1457
,cornice,curtina_x405,Rid7eYeaihDEYyuGmwIm10,Profile CURTINA X405,Patented CURTINA X405® profile for creating concealed curtain niches with two tracks for hanging curtains and sheers in stretch ceilings with a harpoon system. Integrated lighting.,,alumineu,length 2200 m,black matte,31.13 EUR,https://alumineu.com/products/harpoon-profiles/cornice/curtina-x405?editionuid=370584765214,"https://drive.google.com/uc?id=1FlKyhr1NvR2Q6AdEQId-RKSyO8tYyl2T, https://drive.google.com/uc?id=1jRQIdGfC1vdkHLmqF9_2V-L2wOhjrmh_, https://drive.google.com/uc?id=1yv9vmtsWTknPryPO-TcIQVhgYhj7URQe",new,in stock,100,,,7112,1457
,cornice,curtina_x405,M7K8jSGug5rmTO1txLm922,Profile CURTINA X405,Patented CURTINA X405® profile for creating concealed curtain niches with two tracks for hanging curtains and sheers in stretch ceilings with a harpoon system. Integrated lighting.,,alumineu,length 2200 m,white matte,31.13 EUR,https://alumineu.com/products/harpoon-profiles/cornice/curtina-x405?editionuid=337690171964,"https://drive.google.com/uc?id=1FlKyhr1NvR2Q6AdEQId-RKSyO8tYyl2T, https://drive.google.com/uc?id=1jRQIdGfC1vdkHLmqF9_2V-L2wOhjrmh_, https://drive.google.com/uc?id=1yv9vmtsWTknPryPO-TcIQVhgYhj7URQe",new,in stock,100,,,7112,1457
,cornice,curtina_x405,9YYv8DXkjKpGTTDe3j99Y3,Profile CURTINA X405,Patented CURTINA X405® profile for creating concealed curtain niches with two tracks for hanging curtains and sheers in stretch ceilings with a harpoon system. Integrated lighting.,,alumineu,length 2000 m,black matte,28.30 EUR,https://alumineu.com/products/harpoon-profiles/cornice/curtina-x405?editionuid=693683013204,"https://drive.google.com/uc?id=1FlKyhr1NvR2Q6AdEQId-RKSyO8tYyl2T, https://drive.google.com/uc?id=1jRQIdGfC1vdkHLmqF9_2V-L2wOhjrmh_, https://drive.google.com/uc?id=1yv9vmtsWTknPryPO-TcIQVhgYhj7URQe",new,in stock,100,,,7112,1457
,cornice,curtina_x405,zRy2mTY3io-ReCRagT1MI2,Profile CURTINA X405,Patented CURTINA X405® profile for creating concealed curtain niches with two tracks for hanging curtains and sheers in stretch ceilings with a harpoon system. Integrated lighting.,,alumineu,length 2000 m,white matte,28.30 EUR,https://alumineu.com/products/harpoon-profiles/cornice/curtina-x405?editionuid=565494671354,"https://drive.google.com/uc?id=1FlKyhr1NvR2Q6AdEQId-RKSyO8tYyl2T, https://drive.google.com/uc?id=1jRQIdGfC1vdkHLmqF9_2V-L2wOhjrmh_, https://drive.google.com/uc?id=1yv9vmtsWTknPryPO-TcIQVhgYhj7URQe",new,in stock,100,,,7112,1457
,cornice,curtina_x405_m,CkVvKhJbiGhhK2anvHdB33,Profile CURTINA X405 M,Patented CURTINA X405 M® profile for creating concealed curtain niches with two tracks for hanging curtains and sheers in stretch ceilings with a harpoon system. Integrated lighting.,,alumineu,length 3200 m,white matte,84.91 EUR,https://alumineu.com/products/harpoon-profiles/cornice/curtina-x405-m?editionuid=781659984744,"https://drive.google.com/uc?id=1LQhswd_FvnqBvncalibfpuzfZdqy4k4t, https://drive.google.com/uc?id=1BLHL-F_FcDCa7aDVwNmZcwpngT4kGP4j, https://drive.google.com/uc?id=1yv9vmtsWTknPryPO-TcIQVhgYhj7URQe",new,in stock,100,,,7112,1457
,cornice,curtina_x405_m,iSRbWSLtitojIsPO0sI9x2,Profile CURTINA X405 M,Patented CURTINA X405 M® profile for creating concealed curtain niches with two tracks for hanging curtains and sheers in stretch ceilings with a harpoon system. Integrated lighting.,,alumineu,length 2200 m,white matte,58.96 EUR,https://alumineu.com/products/harpoon-profiles/cornice/curtina-x405-m?editionuid=783478043974,"https://drive.google.com/uc?id=1LQhswd_FvnqBvncalibfpuzfZdqy4k4t, https://drive.google.com/uc?id=1BLHL-F_FcDCa7aDVwNmZcwpngT4kGP4j, https://drive.google.com/uc?id=1yv9vmtsWTknPryPO-TcIQVhgYhj7URQe",new,in stock,100,,,7112,1457
,cornice,curtina_x405_m,PIsjk6JZiDyyFLIyu2lyU0,Profile CURTINA X405 M,Patented CURTINA X405 M® profile for creating concealed curtain niches with two tracks for hanging curtains and sheers in stretch ceilings with a harpoon system. Integrated lighting.,,alumineu,length 3200 m,black matte,84.91 EUR,https://alumineu.com/products/harpoon-profiles/cornice/curtina-x405-m?editionuid=398952671364,"https://drive.google.com/uc?id=1LQhswd_FvnqBvncalibfpuzfZdqy4k4t, https://drive.google.com/uc?id=1BLHL-F_FcDCa7aDVwNmZcwpngT4kGP4j, https://drive.google.com/uc?id=1yv9vmtsWTknPryPO-TcIQVhgYhj7URQe",new,in stock,100,,,7112,1457
,cornice,curtina_x405_m,gA28ToLCggK3W8YPSsFkT1,Profile CURTINA X405 M,Patented CURTINA X405 M® profile for creating concealed curtain niches with two tracks for hanging curtains and sheers in stretch ceilings with a harpoon system. Integrated lighting.,,alumineu,length 2200 m,black matte,58.96 EUR,https://alumineu.com/products/harpoon-profiles/cornice/curtina-x405-m?editionuid=809068533744,"https://drive.google.com/uc?id=1LQhswd_FvnqBvncalibfpuzfZdqy4k4t, https://drive.google.com/uc?id=1BLHL-F_FcDCa7aDVwNmZcwpngT4kGP4j, https://drive.google.com/uc?id=1yv9vmtsWTknPryPO-TcIQVhgYhj7URQe",new,in stock,100,,,7112,1457
,cornice,curtina_x406,08Gs75cLiwndvRDfwZZkQ2,Profile CURTINA X406,Patented CURTINA X406® curtain track with two channels for hanging curtains and drapes. Designed for a harpoon fastening system.,,alumineu,length 3200 m,black matte,15.09 EUR,https://alumineu.com/products/harpoon-profiles/cornice/curtina-x406?editionuid=540791256714,"https://drive.google.com/uc?id=1h05s95EriS093NPzVfcRf0553QzNiHc6, https://drive.google.com/uc?id=1TbIKFsqgrUJtjNbTZLEucYcNRJDNeTsJ, https://drive.google.com/uc?id=1HW0v2eRGZxTG_PlWuvTV9ChJDBdYj89I, https://drive.google.com/uc?id=1PpsGYfHzM3vLHmC5XwSlDsLOmmj7-WRM, https://drive.google.com/uc?id=1vkZCqLlWHBOt8niWHO31BoRmG9OhtUNl, https://drive.google.com/uc?id=1nASpDUFtBKznbk97D-EkocSBPK-ZyCUt",new,in stock,100,,,7112,1457
,cornice,curtina_x406,vdRmfjJniS9p1gOygMbDs0,Profile CURTINA X406,Patented CURTINA X406® curtain track with two channels for hanging curtains and drapes. Designed for a harpoon fastening system.,,alumineu,length 3200 m,white matte,15.09 EUR,https://alumineu.com/products/harpoon-profiles/cornice/curtina-x406?editionuid=411291985764,"https://drive.google.com/uc?id=1h05s95EriS093NPzVfcRf0553QzNiHc6, https://drive.google.com/uc?id=1TbIKFsqgrUJtjNbTZLEucYcNRJDNeTsJ, https://drive.google.com/uc?id=1HW0v2eRGZxTG_PlWuvTV9ChJDBdYj89I, https://drive.google.com/uc?id=1PpsGYfHzM3vLHmC5XwSlDsLOmmj7-WRM, https://drive.google.com/uc?id=1vkZCqLlWHBOt8niWHO31BoRmG9OhtUNl, https://drive.google.com/uc?id=1nASpDUFtBKznbk97D-EkocSBPK-ZyCUt",new,in stock,100,,,7112,1457
,cornice,curtina_x407,gtIKBLtJghv4WzA42yxPP1,Profile CURTINA X407,Patented CURTINA X407® curtain track with a single channel for hanging curtains and drapes. Designed for a harpoon fastening system.,,alumineu,Aluminum,black matte,5.28 EUR,https://alumineu.com/products/harpoon-profiles/cornice/curtina-x407?editionuid=327186460894,"https://drive.google.com/uc?id=1bOjo3GILRJr5-VEzrO8xYJ1owUad_Dmq, https://drive.google.com/uc?id=1vpltZ1o_Ab30eQSsjZSNzWVmdo5wi-Rj, https://drive.google.com/uc?id=1fW5B2QLDQybKSWj5cbseJnYLYbEtgPSa, https://drive.google.com/uc?id=1PIwL2wUSEcPCTfdAnRu8t32ZTWGXBMuF, https://drive.google.com/uc?id=1ZGd_mMlUvPkPy6RcYXxFn6mIFsjsF1Mo",new,in stock,100,,,7112,1457
,cornice,curtina_x407,cJyPtbDhhRAmihZrojWDn0,Profile CURTINA X407,Patented CURTINA X407® curtain track with a single channel for hanging curtains and drapes. Designed for a harpoon fastening system.,,alumineu,Aluminum,white matte,5.28 EUR,https://alumineu.com/products/harpoon-profiles/cornice/curtina-x407?editionuid=903333210334,"https://drive.google.com/uc?id=1bOjo3GILRJr5-VEzrO8xYJ1owUad_Dmq, https://drive.google.com/uc?id=1vpltZ1o_Ab30eQSsjZSNzWVmdo5wi-Rj, https://drive.google.com/uc?id=1fW5B2QLDQybKSWj5cbseJnYLYbEtgPSa, https://drive.google.com/uc?id=1PIwL2wUSEcPCTfdAnRu8t32ZTWGXBMuF, https://drive.google.com/uc?id=1ZGd_mMlUvPkPy6RcYXxFn6mIFsjsF1Mo",new,in stock,100,,,7112,1457
,cornice,curtina_x408,FWceQ5ETivN6fBl0i-tWJ2,Profile CURTINA X408,"Patented CURTINA X408® profile for creating straight curtain niches with integrated lighting, allowing for the later installation of surface-mounted curtain tracks. Designed for a harpoon-type membrane fastening system.",,alumineu,Aluminum,no color,24.76 EUR,https://alumineu.com/products/harpoon-profiles/cornice/curtina-x408?editionuid=878271241484,https://drive.google.com/uc?id=1SAiruBfQBhaOlE3Uo89kwjzTMS7sfk4W,new,in stock,100,,,7112,1457
,cornice,curtina_x409,LhsJi728gSt1-qEKriOWU2,Profile CURTINA X409,Patented CURTINA X409® profile for creating straight curtain niches with integrated lighting and the option for later installation of surface-mounted curtain tracks. Designed for a harpoon-type membrane fastening system.,,alumineu,Aluminum,no color,31.84 EUR,https://alumineu.com/products/harpoon-profiles/cornice/curtina-x409?editionuid=792558199144,https://drive.google.com/uc?id=1WLU_u1deSGTzd_jh7DtG0pq_itn5rCXT,new,in stock,100,,,7112,1457
,cornice,curtina_x410,JLVFDRdrgtcM9IORQDzXv0,Profile CURTINA X410,Patented CURTINA X410® profile for creating straight curtain niches with integrated lighting and the option for later installation of surface-mounted curtain tracks. Designed for a harpoon-type membrane fastening system.,,alumineu,Aluminum,white matte,28.30 EUR,https://alumineu.com/products/harpoon-profiles/cornice/curtina-x410?editionuid=766485856544,https://drive.google.com/uc?id=114zNW95Wgu-EYdEpvW9bZgS4mtqrgLRD,new,in stock,100,,,7112,1457
,cornice,curtina_x411,KmK1hPPBihH4KDyWNRaPo0,Profile CURTINA X411,Patented CURTINA X411® profile for creating straight curtain niches with integrated lighting and the option for later installation of surface-mounted curtain tracks. Designed for a harpoon-type membrane fastening system.,,alumineu,Aluminum,white matte,40.09 EUR,https://alumineu.com/products/harpoon-profiles/cornice/curtina-x411?editionuid=379638214714,https://drive.google.com/uc?id=1buVKaDHlclpLqBkOQyvRc6B7JbcSJwlA,new,in stock,100,,,7112,1457
,contour,contura_x601,uOmKNKiKhPZzh4UNscvrM3,Profile CONTURA X601,Patented CONTURA X601® wall-mounted contour profile for stretch ceilings with a harpoon fastening system. Features an LED tape shelf for downward lighting through the ceiling membrane. The profile perimeter is closed with a wall insert.,,alumineu,Aluminum,no color,1.89 EUR,https://alumineu.com/products/harpoon-profiles/contour/contura-x601?editionuid=271158968594,"https://drive.google.com/uc?id=1Uai6Kvin25Li0RBtQGn85UgwI3PEhKUz, https://drive.google.com/uc?id=1N9x5k0-dddkZMTVGCkmK56924q0woVsP, https://drive.google.com/uc?id=16TtxyoGYPWZtLV8I3uCqjZJCwtZs3nG_",new,in stock,100,,,7112,1457
,two-level,stratos_x701,mCMAr4yQhDaPX-LNJ5RD73,Profile STRATOS X701,Patented STRATOS X701® profile designed for two-level stretch ceilings featuring a harpoon mounting system. Without lighting.,,alumineu,Aluminum,no color,6.60 EUR,https://alumineu.com/products/harpoon-profiles/two-levels/stratos-x701?editionuid=701502639974,"https://drive.google.com/uc?id=11jbAnupZdMQshUJvTlkEuf0s1wApQjCs, https://drive.google.com/uc?id=1pdWmsihIV6-TV-rbSUE1PNca97iAHer-",new,in stock,100,,,7112,1457
,two-level,stratos_x702,A8KXwZGog4GTrG3uTcqe72,Profile STRATOS X702,Patented STRATOS X702® profile for double-level stretch ceilings with a harpoon fastening system. Features an LED tape shelf and protective cover.,,alumineu,Aluminum,no color,6.60 EUR,https://alumineu.com/products/harpoon-profiles/two-levels/stratos-x702?editionuid=629106179164,"https://drive.google.com/uc?id=1dfMpbX0zDZxOLGic6aMwT89mhE_CMpvg, https://drive.google.com/uc?id=1jIDeVvkbqCwk5QD8nDN6CQ_-PL1mKNXe",new,in stock,100,,,7112,1457
,two-level,stratos_x703,9DTMhoqug8m-s5umlvoUH2,Profile STRATOS X703,"Patented STRATOS X703® profile for stretch ceilings with a harpoon fastening system. Designed for constructing structures, niches, and bypassing complex walls. Features an LED tape shelf.",,alumineu,Aluminum,no color,4.72 EUR,https://alumineu.com/products/harpoon-profiles/two-levels/stratos-x703?editionuid=837311328234,"https://drive.google.com/uc?id=1QHGL4HPpYp44nBYDsL9TYSWI3tg7uP7T, https://drive.google.com/uc?id=1je9yHqZnhxk_C-CNcrewWBp1DHZahd5l, https://drive.google.com/uc?id=1HwS4t9NsiRawRnOCR2yx-qiqjDqZReds",new,in stock,100,,,7112,1457
,two-level,stratos_x704,5rGDU6PghnaCaAB4hbK363,Profile STRATOS X704,Patented STRATOS X704® profile for stretch ceilings with a harpoon fastening system. Designed for creating structures and niches.,,alumineu,Aluminum,black matte,5.66 EUR,https://alumineu.com/products/harpoon-profiles/two-levels/stratos-x704?editionuid=426177316144,"https://drive.google.com/uc?id=1S_pwcNmdPiJx5XkAkT-wWm8VM0aPeDfh, https://drive.google.com/uc?id=17NTWw1vQ6vaxq0Wj4W9ZFNTc434PcI1B, https://drive.google.com/uc?id=1KikebZM-yKGqkKOUimzpbQ6boO4ufpEd",new,in stock,100,,,7112,1457
,two-level,stratos_x704,TTCe8rd4gfNWGALqZZ6XQ1,Profile STRATOS X704,Patented STRATOS X704® profile for stretch ceilings with a harpoon fastening system. Designed for creating structures and niches.,,alumineu,Aluminum,white matte,5.66 EUR,https://alumineu.com/products/harpoon-profiles/two-levels/stratos-x704?editionuid=714004622814,"https://drive.google.com/uc?id=1S_pwcNmdPiJx5XkAkT-wWm8VM0aPeDfh, https://drive.google.com/uc?id=17NTWw1vQ6vaxq0Wj4W9ZFNTc434PcI1B, https://drive.google.com/uc?id=1KikebZM-yKGqkKOUimzpbQ6boO4ufpEd",new,in stock,100,,,7112,1457
,shadow,invisia_x205,lFPD6yXiiis-LJnoPBaa91,Profile INVISIA X205,Patented INVISIA X205® wall spacer profile for stretch ceilings featuring a harpoon mounting system.,,alumineu,Aluminum,black matte,2.83 EUR,https://alumineu.com/tproduct/643081748314-invisia-x205?editionuid=649881887524,"https://drive.google.com/uc?id=18xfKHyviISwnbcQ2kHKrPlI2Mc5pHQqX, https://drive.google.com/uc?id=1UBoYh8ZgDflzTx4uLeHWuq5c3gGZ2AK1, https://drive.google.com/uc?id=1f5tP8WFaO6ygvx8wWFvTCSUbs6e_X0XD",new,in stock,100,,,7112,1457
,profiles,bandura_x801,Ld9AkcuQi0qA19EQUN-hA0,Profile BANDURA X801,Patented BANDURA X801® profile for mounting curved structures. For joining profiles together.,,alumineu,Aluminum,no color,0.75 EUR,https://alumineu.com/products/accessories/profiles/bandura-x801?editionuid=388899646534,"https://drive.google.com/uc?id=1UE3YRgfKOivR2coigGR3YWzk9Ewcjmjw, https://drive.google.com/uc?id=1YHZGSTMqT_Nhv1-jFZXa8MsSL7NCylAv",new,in stock,100,,,7112,1457
,light,lumnova_z008,eSviEBM8guhlvQefni07r1,Profile LUMNOVA Z008,Patented LUMNOVA Z008® profile for creating linear lighting in fabric stretch ceilings.,,alumineu,Aluminum,black matte,18.87 EUR,https://alumineu.com/products/clip-in-profiles/light/lumnova-z008?editionuid=875710172994,https://drive.google.com/uc?id=1qGiUxfgAPuXIkKkV6xLV7mM7yHwhDQRD,new,in stock,100,,,7112,1457
,cornice,tissure_z401,1BcJh8vVg8aapGEcAUDrg1,Profile TISSURE Z401,Patented TISSURE Z401® profile with a single track for hanging curtains and drapes in fabric stretch ceilings.,,alumineu,length 2000 m,white matte,23.58 EUR,https://alumineu.com/products/clip-in-profiles/cornice/tissure-z401?editionuid=566415895794,https://drive.google.com/uc?id=1JDRh7u_t4rrm2C4ewXjq7pAanXMDjvIx,new,in stock,100,,,7112,1457
,cornice,tissure_z401,hymJQJJTjY-YeQVF1giqT1,Profile TISSURE Z401,Patented TISSURE Z401® profile with a single track for hanging curtains and drapes in fabric stretch ceilings.,,alumineu,length 2000 m,black matte,23.58 EUR,https://alumineu.com/products/clip-in-profiles/cornice/tissure-z401?editionuid=567784715024,https://drive.google.com/uc?id=1JDRh7u_t4rrm2C4ewXjq7pAanXMDjvIx,new,in stock,100,,,7112,1457
,cornice,tissure_z405,ASFuUxWDgOBWCHN5ODymF1,Profile TISSURE Z405,Patented TISSURE Z405® profile for creating concealed curtain niches with two tracks for hanging curtains and sheers in fabric stretch ceilings. Integrated lighting.,,alumineu,length 3200 m,black matte,66.04 EUR,https://alumineu.com/products/clip-in-profiles/cornice/tissure-z405?editionuid=778975696054,https://drive.google.com/uc?id=12TPzBBDpvER1Ee7-9P993qxGkLpg4pSa,new,in stock,100,,,7112,1457
,cornice,tissure_z405,Zroo3n3djONt0OopEffYs1,Profile TISSURE Z405,Patented TISSURE Z405® profile for creating concealed curtain niches with two tracks for hanging curtains and sheers in fabric stretch ceilings. Integrated lighting.,,alumineu,length 3200 m,white matte,66.04 EUR,https://alumineu.com/products/clip-in-profiles/cornice/tissure-z405?editionuid=667843649034,https://drive.google.com/uc?id=12TPzBBDpvER1Ee7-9P993qxGkLpg4pSa,new,in stock,100,,,7112,1457
,track,voltiva_z501,0WyuTzYWjCQp6Fj0LuztH0,Profile VOLTIVA Z501,Patented VOLTIVA Z501® profile for fabric stretch ceilings. Track lighting can be installed in the VOLTIVA Z501® profile.,,alumineu,Aluminum,black matte,28.30 EUR,https://alumineu.com/products/clip-in-profiles/track/voltiva-z501?editionuid=489540779794,https://drive.google.com/uc?id=1Bw406T2tPlLvLHEKSZHFK_BmPdrrgMoV,new,in stock,100,,,7112,1457
,two-level,unitexa_z701,zSQvbSNEiHa6S1KQEwaCY2,Profile UNITEXA Z701,Patented UNITEXA Z701® profile for creating ceiling niches and lighting fixtures in fabric stretch ceilings.,,alumineu,Aluminum,black matte,12.74 EUR,https://alumineu.com/products/clip-in-profiles/two-level/unitexa-z701?editionuid=261482144794,,new,in stock,100,,,7112,1457
,two-level,unitexa_z701,SQKcK9vigikWY0Agh6ZSX0,Profile UNITEXA Z701,Patented UNITEXA Z701® profile for creating ceiling niches and lighting fixtures in fabric stretch ceilings.,,alumineu,Aluminum,white matte,12.74 EUR,https://alumineu.com/products/clip-in-profiles/two-level/unitexa-z701?editionuid=850212823214,,new,in stock,100,,,7112,1457
,inserts,inserta_y008,5A33vrjxg2INi6FdYvYHV1,Insert INSERTA Y008,"Separating insert for CURTINA X405, STRATOS X701, STRATOS X704 profiles.",,alumineu,Polyvinyl chloride – open,milky,0.47 EUR,https://alumineu.com/products/accessories/inserts/inserta-y008?editionuid=947470277374,https://drive.google.com/uc?id=1VBfVypSVQdSZAOdNKUfOk6TWz4apJ9-9,new,in stock,100,,,7112,1457
,inserts,inserta_y008,Zm1YLzGFjDyJzl5BQ2AZK2,Insert INSERTA Y008,"Separating insert for CURTINA X405, STRATOS X701, STRATOS X704 profiles.",,alumineu,Polyvinyl chloride – open,black,0.47 EUR,https://alumineu.com/products/accessories/inserts/inserta-y008?editionuid=129340911404,https://drive.google.com/uc?id=1VBfVypSVQdSZAOdNKUfOk6TWz4apJ9-9,new,in stock,100,,,7112,1457
,inserts,inserta_y015,jWf3YVZMj28oz3Vn9Ruwa1,Insert INSERTA Y015,"Light-diffusing insert for LIGHTRA X015, CURTINA X405, STRATOS X702 profiles.",,alumineu,Polyvinyl chloride,milky,0.75 EUR,https://alumineu.com/products/accessories/inserts/inserta-y015?editionuid=802176234914,https://drive.google.com/uc?id=1ASsbKkOhxsqvuRhQTlkuEnQFv_1geFz2,new,in stock,100,,,7112,1457
,inserts,inserta_y015_f,CWpGaKdlgRQIwS9TWZI6n0,Insert INSERTA Y015 F,Light-diffusing insert for FLOATIA X302 and FLOATIA X303 profiles.,,alumineu,Polyvinyl chloride,milky,1.42 EUR,https://alumineu.com/products/accessories/inserts/inserta-y015-f?editionuid=669152941234,https://drive.google.com/uc?id=1ASsbKkOhxsqvuRhQTlkuEnQFv_1geFz2,new,in stock,100,,,7112,1457
,inserts,inserta_y030,MP9kMK6mg9LT--ZPdvSbb1,Insert INSERTA Y030,Light-diffusing insert for LIGHTRA X030 profile.,,alumineu,Polyvinyl chloride,milky,1.42 EUR,https://alumineu.com/products/accessories/inserts/inserta-y030?editionuid=862420646924,,new,in stock,100,,,7112,1457
,diffusers,diffusy_y108,I8dRSyr4j1PDRW6-je8T00,Diffuser DIFFUSY Y108,Light-diffusing strip for LUMNOVA Z008 profiles.,,alumineu,Polycarbonate,milky,7.08 EUR,https://alumineu.com/products/accessories/diffusers/diffusy-y108?editionuid=723632658304,,new,in stock,100,,,7112,1457
,diffusers,diffusy_y114,SVjKGGnNhIO8Ovbe-z0yF3,Diffuser DIFFUSY Y114,"Light-diffusing screen for LIGHTRA X015, CURTINA X405, STRATOS X702 profiles.",,alumineu,Polycarbonate,milky,1.42 EUR,https://alumineu.com/products/accessories/diffusers/diffusy-y114?editionuid=374720388434,https://drive.google.com/uc?id=10kpvKhzUh4pwJTwFLuolfHgmMHF7Cro1,new,in stock,100,,,7112,1457
,diffusers,diffusy_y130,5ET97eXngrRKDRbIJ4YhN2,Diffuser DIFFUSY Y130,Light-diffusing screen for LIGHTRA X030 and LIGHTRA X030 s profiles.,,alumineu,Polycarbonate,milky,1.89 EUR,https://alumineu.com/products/accessories/diffusers/diffusy-y130?editionuid=577456007104,,new,in stock,100,,,7112,1457
,diffusers,diffusy_y130,yfcIPkXYi7hGeHi9sRjg51,Diffuser DIFFUSY Y130 B,Light-diffusing screen for LIGHTRA X030 and LIGHTRA X030 s profiles.,,alumineu,Polycarbonate,black,2.36 EUR,https://alumineu.com/products/accessories/diffusers/diffusy-y130?editionuid=456293992584,,new,in stock,100,,,7112,1457
,diffusers,diffusy_y134,OKOeFss5i43IMv6ZjYcRM3,Diffuser DIFFUSY Y134,Light-diffusing screen for CURTINA X406 profiles.,,alumineu,Polycarbonate,milky,2.36 EUR,https://alumineu.com/products/accessories/diffusers/diffusy-y134?editionuid=110349279104,,new,in stock,100,,,7112,1457
,diffusers,diffusy_y150,Z0jQpgcsgfNvDPq3zycpi1,Diffuser DIFFUSY Y150,Light-diffusing screen for LIGHTRA X050 profiles.,,alumineu,Polycarbonate,milky,2.83 EUR,https://alumineu.com/products/accessories/diffusers/diffusy-y150?editionuid=270682441274,,new,in stock,100,,,7112,1457
,end caps,endcapp_y201,h5ANH4hyhaQ0ahlbaV9nf3,End cap ENDCAPP Y201,End cap for cutting off the light line boundary for LIGHTRA X015 profile.,,alumineu,X015,black gloss,0.94 EUR,https://alumineu.com/products/accessories/end-caps/endcapp-y201?editionuid=528211734034,,new,in stock,100,,,7112,1457
,end caps,endcapp_y202,9wJD0JkkglPzVeK5rRpif0,End cap ENDCAPP Y202,End cap for cutting off the light line boundary for LIGHTRA X030 profile.,,alumineu,X030,black gloss,0.94 EUR,https://alumineu.com/products/accessories/end-caps/endcapp-y202?editionuid=846471137694,,new,in stock,100,,,7112,1457
,end caps,endcapp_y203,gjxLSmpZiFX6ORefsKjSS1,End cap ENDCAPP Y203,End cap for cutting off the light line boundary for LIGHTRA X050 profile.,,alumineu,X050,black gloss,0.94 EUR,https://alumineu.com/products/accessories/end-caps/endcapp-y203?editionuid=202357982334,,new,in stock,100,,,7112,1457
,end caps,endcapp_y204,mY3nP58iiQbbhe6E8ifuq2,End cap ENDCAPP Y204,End cap for cutting off the light line boundary for LIGHTRA X030 s profile.,,alumineu,X030 s,black gloss,0.94 EUR,https://alumineu.com/products/accessories/end-caps/endcapp-y204?editionuid=757396441414,,new,in stock,100,,,7112,1457
,end caps,endcapp_y205,s3hlPBkThtLs9b-VgS5-72,End cap ENDCAPP Y205,End cap for CURTINA X405 profile.,,alumineu,X405,black matte,4.72 EUR,https://alumineu.com/products/accessories/end-caps/endcapp-y205?editionuid=448887119114,,new,in stock,100,,,7112,1457
,end caps,endcapp_y205,0tjwIdlUikOX0Ujz8iz0g0,End cap ENDCAPP Y205,End cap for CURTINA X405 profile.,,alumineu,X405,white matte,4.72 EUR,https://alumineu.com/products/accessories/end-caps/endcapp-y205?editionuid=293017693034,,new,in stock,100,,,7112,1457
,end caps,endcapp_y206,qbmrWdNBhQrZ9Ppq1rO-N2,End cap ENDCAPP Y206,End cap for CURTINA X406 profile.,,alumineu,X406,black matte,1.89 EUR,https://alumineu.com/products/accessories/end-caps/endcapp-y206?editionuid=640746518934,,new,in stock,100,,,7112,1457
,end caps,endcapp_y206,tPFY8g6HhI3goBhXwFAdR2,End cap ENDCAPP Y206,End cap for CURTINA X406 profile.,,alumineu,X406,white matte,1.89 EUR,https://alumineu.com/products/accessories/end-caps/endcapp-y206?editionuid=432881431874,,new,in stock,100,,,7112,1457
,end caps,endcapp_y207,cLEZP2Ssga1osq6fjuzBl3,End cap ENDCAPP Y207,End cap for INVISIA X207 profile.,,alumineu,X207,black matte,1.89 EUR,https://alumineu.com/products/accessories/end-caps/endcapp-y207?editionuid=443074976914,,new,in stock,100,,,7112,1457
,end caps,endcapp_y208,zk72JAY9i0ugmwAbZomQB0,End cap ENDCAPP Y208,End cap for CURTINA X405 M profile.,,alumineu,X405 m,white matte,4.72 EUR,https://alumineu.com/products/accessories/end-caps/endcapp-y208?editionuid=346148212064,,new,in stock,100,,,7112,1457
,end caps,endcapp_y208,cs1iWyovjnR0O5ccF07Z40,End cap ENDCAPP Y208,End cap for CURTINA X405 M profile.,,alumineu,X405 m,black matte,4.72 EUR,https://alumineu.com/products/accessories/end-caps/endcapp-y208?editionuid=895241693614,,new,in stock,100,,,7112,1457
,end caps,endcapp_y209,caaW9qg3jIDvmqBhtmo3R3,End cap ENDCAPP Y209,End cap for LUMNOVA Z008 profile.,,alumineu,Z008,black matte,11.79 EUR,https://alumineu.com/products/accessories/end-caps/endcapp-y209?editionuid=158516926484,,new,in stock,100,,,7112,1457
,end caps,endcapp_y210,XfbpuCp4jKYvNsRl05mSV0,End cap ENDCAPP Y210,End cap for TISSURE Z401 profile.,,alumineu,Z401,white matte,12.97 EUR,https://alumineu.com/products/accessories/end-caps/endcapp-y210?editionuid=182789534114,,new,in stock,100,,,7112,1457
,end caps,endcapp_y210,Ue5JxBS6h-xDmc-T5sYN21,End cap ENDCAPP Y210,End cap for TISSURE Z401 profile.,,alumineu,Z401,black matte,12.97 EUR,https://alumineu.com/products/accessories/end-caps/endcapp-y210?editionuid=768807965894,,new,in stock,100,,,7112,1457
,end caps,endcapp_y211,w7Y6MOgigz2Y0sizhfBYt3,End cap ENDCAPP Y211,End cap for TISSURE Z405 profile.,,alumineu,Z405,white matte,24.76 EUR,https://alumineu.com/products/accessories/end-caps/endcapp-y211?editionuid=118180344304,,new,in stock,100,,,7112,1457
,end caps,endcapp_y211,B-1IK5jxibF9dkLSg6OE11,End cap ENDCAPP Y211,End cap for TISSURE Z405 profile.,,alumineu,Z405,black matte,24.76 EUR,https://alumineu.com/products/accessories/end-caps/endcapp-y211?editionuid=304181575724,,new,in stock,100,,,7112,1457
,end caps,endcapp_y212,Y7HL3H--ifpDooOZXnkT61,End cap ENDCAPP Y212,End cap for VOLTIVA Z501 profile.,,alumineu,Z501,black matte,20.05 EUR,https://alumineu.com/products/accessories/end-caps/endcapp-y212?editionuid=919814430674,,new,in stock,100,,,7112,1457
,clips,lockium_y301,TssncDOBgvi587XAXxOMF2,Clip LOCKIUM Y301,LOCKIUM Y301 clip for attaching ceiling film to clip-in profiles.,,alumineu,-,white,1.42 EUR,https://alumineu.com/products/accessories/clips/lockium-y301?editionuid=318258196334,,new,in stock,100,,,7112,1457
,mounts,anglova_y401,5Iae0Kl7jHu3J80n7k6Nu3,Mount ANGLOVA Y401,Bracket for fastening the profile to the ceiling.,,alumineu,Galvanized steel,no color,0.38 EUR,https://alumineu.com/products/accessories/mounts/anglova-y401?editionuid=781082061494,https://drive.google.com/uc?id=12oM2Uf8ge0GHoi0KL4CtZC95nD8gpaJ1,new,in stock,100,,,7112,1457
,connectors,jointek_y603,68OGLVL0i2Yh2ygfi-iJ00,Straight connector JOINTEK Y603,"Straight connector JOINTEK Y603, a set for direct profile connection.",,alumineu,Z701,-,4.72 EUR,https://alumineu.com/products/accessories/connectors/jointek-y603,,new,in stock,100,,,7112,1457
,connectors,jointek_y604,BxeEFynvjXZ-sYop6JbwX1,Corner connector JOINTEK Y604,"Angular connector JOINTEK Y604, a set for direct profile connection.",,alumineu,Z701,-,4.72 EUR,https://alumineu.com/products/accessories/connectors/jointek-y604,,new,in stock,100,,,7112,1457
,connectors,jointek_y605,3MLLHH2IjgqO47skfI06r2,Straight connector JOINTEK Y605,"Straight connector JOINTEK Y605, a set for direct profile connection.",,alumineu,Z501,-,9.43 EUR,https://alumineu.com/products/accessories/connectors/jointek-y605,,new,in stock,100,,,7112,1457
,connectors,jointek_y606,PQjsDtuygZ8U2CBSD-yFM3,Corner connector JOINTEK Y606,JOINTEK Y606 angle connector — kit for direct profile connection.,,alumineu,Z501,-,9.43 EUR,https://alumineu.com/products/accessories/connectors/jointek-y606,,new,in stock,100,,,7112,1457
,hooks,hookara_y701,mCFJaYpDhGQpcRyrmU8W81,hooks HOOKARA Y701,"Hooks for cornice profiles CURTINA X402, CURTINA X403, CURTINA X404, CURTINA X405, CURTINA X406, CURTINA X407, CURTINA X408, CURTINA X409, CURTINA X410, CURTINA X411, TISSURE Z405.",,alumineu,-,black,3.77 EUR,https://alumineu.com/products/accessories/hooks/hookara-y701?editionuid=266558187974,https://drive.google.com/uc?id=1Am-KW75AE2T67UZKpkaY_ByuPZmt0ksX,new,in stock,100,,,7112,1457
,hooks,hookara_y701,46uEut1Sg0K3ORag6S9WZ0,hooks HOOKARA Y701,"Hooks for cornice profiles CURTINA X402, CURTINA X403, CURTINA X404, CURTINA X405, CURTINA X406, CURTINA X407, CURTINA X408, CURTINA X409, CURTINA X410, CURTINA X411, TISSURE Z405.",,alumineu,-,white,3.77 EUR,https://alumineu.com/products/accessories/hooks/hookara-y701?editionuid=252163632314,https://drive.google.com/uc?id=1Am-KW75AE2T67UZKpkaY_ByuPZmt0ksX,new,in stock,100,,,7112,1457
,hooks,slidene_y702,AxdssG3zilcc0nq8IRQCg0,gliders SLIDENE Y702,"Gliders for cornice profiles CURTINA X402, CURTINA X403, CURTINA X404, CURTINA X405, CURTINA X406, CURTINA X407, CURTINA X408, CURTINA X409, CURTINA X410, CURTINA X411, TISSURE Z405.",,alumineu,-,white,11.32 EUR,https://alumineu.com/products/accessories/hooks/slidene-y702?editionuid=185136045354,,new,in stock,100,,,7112,1457
,hooks,slidene_y703,5AoNq6UdhMzzZcpcgTh5m0,gliders SLIDENE Y703,"Gliders for cornice profiles alumineu CURTINA X405 M, TISSURE Z401.",,alumineu,-,white,0.61 EUR,https://alumineu.com/products/accessories/hooks/slidene-y703?editionuid=916850049764,,new,in stock,100,,,7112,1457
,hooks,slidene_y703,FJSc0Zp5hm1Mg4SMhSTTh0,gliders SLIDENE Y703,"Gliders for cornice profiles alumineu CURTINA X405 M, TISSURE Z401.",,alumineu,-,black,0.61 EUR,https://alumineu.com/products/accessories/hooks/slidene-y703?editionuid=913020548074,,new,in stock,100,,,7112,1457
,hooks,hookend_y704,rTvzIoD8go7VbGrUSWHeb2,Stopper HOOKEND Y704,Stops for cornice profiles.,,alumineu,-,black,0.47 EUR,https://alumineu.com/products/accessories/hooks/hookend-y704?editionuid=726059097434,,new,in stock,100,,,7112,1457
,hooks,hookend_y704,ysB7srkLhvaXhUm2B-WED1,Stopper HOOKEND Y704,Stops for cornice profiles.,,alumineu,-,white,0.47 EUR,https://alumineu.com/products/accessories/hooks/hookend-y704?editionuid=233606898194,,new,in stock,100,,,7112,1457
,tools,spatula_y801,LAScFxUfgjRWkQO7x3vPO3,Installation spatula SPATULA Y801,Spatula for inserting the harpoon into the INVISIA X205 profile.,,alumineu,X205,-,20.99 EUR,https://alumineu.com/products/accessories/tools/spatula-y801,,new,in stock,100,,,7112,1457
,tools,spatula_y802,yhUnPSjLg-Bdtn9a16e4K1,Installation spatula SPATULA Y802,Spatula for inserting the harpoon into seamless profiles.,,alumineu,CLASSIX,-,20.99 EUR,https://alumineu.com/products/accessories/tools/spatula-y802,,new,in stock,100,,,7112,1457
,tools,spatula_y803,7EuwsAnyhMnvk1iniWvNZ2,Installation spatula SPATULA Y803,Spatula for inserting the harpoon into seamless profiles.,,alumineu,CLASSIX,-,20.99 EUR,https://alumineu.com/products/accessories/tools/spatula-y803,,new,in stock,100,,,7112,1457
,tools,spatula_y804,R2Byo-ePivRzvVzZ6j3813,Installation spatula SPATULA Y804,"Teflon-coated spatula for inserting fabric ceilings and stretch ceiling into clip profiles LUMNOVA Z008, TISSURE Z401, TISSURE Z405, VOLTIVA Z501, UNITEXA Z701, AERROLL.",,alumineu,With Teflon coating,-,49.53 EUR,https://alumineu.com/products/accessories/tools/spatula-y804,,new,in stock,100,,,7112,1457
,tools,praseka_y805,zVHat4UNjWloiFXNPDt4r0,Hole punch PRASEKA Y805,"A tool for making oval holes in cornice profiles CURTINA X402, CURTINA X403, CURTINA X404, CURTINA X405, CURTINA X406, CURTINA X407, CURTINA X408, CURTINA X409, CURTINA X410, CURTINA X411, TISSURE Z405.",,alumineu,Rounded – 15 x 8 mm,-,61.32 EUR,https://alumineu.com/products/accessories/tools/praseka-y805,,new,in stock,100,,,7112,1457
,devices,stuslon_y901,yhkL5hiDgxPikbdZZ9Fw-2,Device STUSLON Y901,Alumineu STUSLON Y901 tool for trimming the DIFFUSY Y130 diffuser.,,alumineu,Y130,-,1.66 EUR,https://alumineu.com/products/accessories/devices/stuslon-y901,,new,in stock,100,,,7112,1457
,devices,stuslon_y902,Ttlz5AqejNP0X23dgdQNF0,Device STUSLON Y902,Alumineu STUSLON Y902 tool for trimming the DIFFUSY Y150 diffuser.,,alumineu,Y150,-,1.89 EUR,https://alumineu.com/products/accessories/devices/stuslon-y902,,new,in stock,100,,,7112,1457
,devices,stuslon_y903,6BeeaaaDifZDxIxPgfCsB2,Device STUSLON Y903,Alumineu STUSLON Y903 tool for trimming the INSERTA Y015 f cover.,,alumineu,Y015 f,-,1.65 EUR,https://alumineu.com/products/accessories/devices/stuslon-y903,,new,in stock,100,,,7112,1457
,devices,stabile_y904,OZHBJ5GwjxX4GRRLp--5I0,Device STABILE Y904,Tool for trimming the INVISIA X202 profile.,,alumineu,X202,-,9.43 EUR,https://alumineu.com/products/accessories/devices/stabile-y904,,new,in stock,100,,,7112,1457
,devices,stabile_y905,YvBn2CQPjF0bZ9wS2Otu83,Device STABILE Y905,Tool for trimming the INVISIA X205 profile.,,alumineu,X205,-,9.43 EUR,https://alumineu.com/products/accessories/devices/stabile-y905,,new,in stock,100,,,7112,1457
,devices,stabile_y906,BhYSYrYwjZw4w-mkseFLK1,Device STABILE Y906,Tool for trimming the FLOATIA X302 profile.,,alumineu,X302,-,9.43 EUR,https://alumineu.com/products/accessories/devices/stabile-y906,,new,in stock,100,,,7112,1457
,ventilation reducers,aerooom_y911,kKSei7ZTjZ4PuyPiq34942,Ventilation adapter AEROOOM Y911,"Ventilation reducer for connecting AEROOOM, AERROLL, INVISIA X207 profiles with air ducts.",,alumineu,-,-,14.15 EUR,https://alumineu.com/products/accessories/ventilation-reducers/aerooom-y911?editionuid=490065845164,"https://drive.google.com/uc?id=1-TCJIr40Z_WouNhZWb9H260SvIV9RhI0, https://drive.google.com/uc?id=1lz1B2MIyP3vPWtK4lsvvOa2SL-K5DiZc",new,in stock,100,,,7112,1457
,slot diffusers,aerooom,67Bbx0xngULuV9UzemHTF3,ventilation AEROOOM W007,"Linear slot diffuser for concealed installation, alumineum AEROOM, in a stretch ceiling",,alumineu,Length 700 mm,black matte,67.92 EUR,https://alumineu.com/products/ventilation/slot-diffusers/aerooom?editionuid=499105603194,"https://drive.google.com/uc?id=1-TCJIr40Z_WouNhZWb9H260SvIV9RhI0, https://drive.google.com/uc?id=1lz1B2MIyP3vPWtK4lsvvOa2SL-K5DiZc",new,in stock,100,,,7112,1457
,slot diffusers,aerooom,jvZowSDbjriTyuZ4gKOP73,ventilation AEROOOM W010,"Linear slot diffuser for concealed installation, alumineum AEROOM, in a stretch ceiling",,alumineu,Length 1000 mm,black matte,84.91 EUR,https://alumineu.com/products/ventilation/slot-diffusers/aerooom?editionuid=855843645484,"https://drive.google.com/uc?id=1-TCJIr40Z_WouNhZWb9H260SvIV9RhI0, https://drive.google.com/uc?id=1lz1B2MIyP3vPWtK4lsvvOa2SL-K5DiZc",new,in stock,100,,,7112,1457
,slot diffusers,aerooom,QUUROkmnjacZooCUHKa9k1,ventilation AEROOOM W014,"Linear slot diffuser for concealed installation, alumineum AEROOM, in a stretch ceiling",,alumineu,Length 1400 mm,black matte,94.34 EUR,https://alumineu.com/products/ventilation/slot-diffusers/aerooom?editionuid=248474771124,"https://drive.google.com/uc?id=1-TCJIr40Z_WouNhZWb9H260SvIV9RhI0, https://drive.google.com/uc?id=1lz1B2MIyP3vPWtK4lsvvOa2SL-K5DiZc",new,in stock,100,,,7112,1457
,slot diffusers,aerroll,KKdTYiB5ilH9EwahKpKah0,ventilation AERROLL Z007,Linear slot diffuser for concealed installation alumineu AERROLL for textile canvas in a stretch ceiling.,,alumineu,Length 700 mm,black matte,139.15 EUR,https://alumineu.com/products/ventilation/slot-diffusers/aerroll?editionuid=330495212334,"https://drive.google.com/uc?id=1YVgm1sgIFNHm_HPju16k9zmAnQ9aLNj6, https://drive.google.com/uc?id=1iIbmZ_hCRgqh3Hg4bgUiB2LrW14jSWIF",new,in stock,100,,,7112,1457
,slot diffusers,aerroll,ARWzP670jnmjJZpK5JsEU1,ventilation AERROLL Z010,Linear slot diffuser for concealed installation alumineu AERROLL for textile canvas in a stretch ceiling.,,alumineu,Length 1000 mm,black matte,176.89 EUR,https://alumineu.com/products/ventilation/slot-diffusers/aerroll?editionuid=248730094784,"https://drive.google.com/uc?id=1YVgm1sgIFNHm_HPju16k9zmAnQ9aLNj6, https://drive.google.com/uc?id=1iIbmZ_hCRgqh3Hg4bgUiB2LrW14jSWIF",new,in stock,100,,,7112,1457
,slot diffusers,aerroll,xP5AwirJg8GaTPI5ZRvbx2,ventilation AERROLL Z014,Linear slot diffuser for concealed installation alumineu AERROLL for textile canvas in a stretch ceiling.,,alumineu,Length 1400 mm,black matte,188.68 EUR,https://alumineu.com/products/ventilation/slot-diffusers/aerroll?editionuid=284335948554,"https://drive.google.com/uc?id=1YVgm1sgIFNHm_HPju16k9zmAnQ9aLNj6, https://drive.google.com/uc?id=1iIbmZ_hCRgqh3Hg4bgUiB2LrW14jSWIF",new,in stock,100,,,7112,1457
,room dividers,decorra,Uol4AUi6iIvTMzs54EO9j2,Room divider DECORRA H005,Decorative aluminum partitions alumineu DECCORA for installation in a stretch ceiling.,,alumineu,Length 500 mm,black matte,169.81 EUR,https://alumineu.com/products/architectural-solutions/room-dividers/decorra?editionuid=404845127174,,new,in stock,100,,,7112,1457
,room dividers,decorra,ergHrlZUg2QIND1V8IhSJ2,Room divider DECORRA H005,Decorative aluminum partitions alumineu DECCORA for installation in a stretch ceiling.,,alumineu,Length 500 mm,white matte,169.81 EUR,https://alumineu.com/products/architectural-solutions/room-dividers/decorra?editionuid=830946647674,,new,in stock,100,,,7112,1457
,room dividers,decorra,bmi8XCqTjEWJdGyaSuIyc0,Room divider DECORRA H010,Decorative aluminum partitions alumineu DECCORA for installation in a stretch ceiling.,,alumineu,Length 1000 mm,black matte,306.60 EUR,https://alumineu.com/products/architectural-solutions/room-dividers/decorra?editionuid=427716012144,,new,in stock,100,,,7112,1457
,room dividers,decorra,lp4e5bsYjDqziPV39cnuC2,Room divider DECORRA H010,Decorative aluminum partitions alumineu DECCORA for installation in a stretch ceiling.,,alumineu,Length 1000 mm,white matte,306.60 EUR,https://alumineu.com/products/architectural-solutions/room-dividers/decorra?editionuid=670624142664,,new,in stock,100,,,7112,1457
,room dividers,decorra,Mi1z6scziBgnL27xWxmwT2,Room divider DECORRA H015,Decorative aluminum partitions alumineu DECCORA for installation in a stretch ceiling.,,alumineu,Length 1500 mm,black matte,452.83 EUR,https://alumineu.com/products/architectural-solutions/room-dividers/decorra?editionuid=455943154964,,new,in stock,100,,,7112,1457
,room dividers,decorra,1DXQpiEKjE3GouFX6fQLj1,Room divider DECORRA H015,Decorative aluminum partitions alumineu DECCORA for installation in a stretch ceiling.,,alumineu,Length 1500 mm,white matte,452.83 EUR,https://alumineu.com/products/architectural-solutions/room-dividers/decorra?editionuid=858044786404,,new,in stock,100,,,7112,1457
