id,title,description,availability,availability date,expiration date,link,mobile link,image link,price,sale price,sale price effective date,identifier exists,gtin,mpn,brand,product highlight,product detail,additional image link,condition,adult,color,size,size type,size system,gender,material,pattern,age group,multipack,is bundle,unit pricing measure,unit pricing base measure,energy efficiency class,min energy efficiency class,item group id,sell on google quantity
olHJtrUhhLVDB5FN2Is6G0,Profil LIGHTRA X015,Patentowany profil LIGHTRA x015® separacyjny do sufitów napinanych z harpunowym systemem mocowania płótna. Do wykorzystania przy tworzeniu linii światła.,in_stock,,,https://alumineu.pl/produkty/profile-harpunowe/swietlne/lightra-x015,,https://drive.google.com/uc?id=1MQGzg9P1nq7D9KtwS2bRRAM4WHnPjajH,12.00 PLN,,,no,,,alumineu,,google_product_category: 7112,"https://drive.google.com/uc?id=17iV6kxFVV-6UxRAO6BWNsDD2IXWu1e81, https://drive.google.com/uc?id=1WcJRUsaDNmuIOKetxO_MF4iAAAHK55_V, https://drive.google.com/uc?id=1rihMoOyXkgST-35QSsU7xZQYxd5d18BK",new,,surowy,aluminowy,,,,,,,,,,,,,lightra_x015,100
Rv6KF1WLiPamjAv2BaZge3,Profil LIGHTRA X030,Patentowany profil LIGHTRA x030® separacyjny do sufitów napinanych z harpunowym systemem mocowania płótna. Do wykorzystania przy tworzeniu linii światła.,in_stock,,,https://alumineu.pl/produkty/profile-harpunowe/swietlne/lightra-x030,,https://drive.google.com/uc?id=1JcRLFzKFeMaiWDZwJsAK7h3YQFkf8adc,16.00 PLN,,,no,,,alumineu,,google_product_category: 7112,"https://drive.google.com/uc?id=1q7Hts3XHwGIejVqxiVGsKJpdCiQA8pPf, https://drive.google.com/uc?id=1BQBllYQFT0EMogqzRdPczmwCZFWz1Yqy, https://drive.google.com/uc?id=1sfutcwagZ85qrgpibibA0bo1Sy0xKsh3, https://drive.google.com/uc?id=1W78jOKuvbMeYaf-ZkonW14Qzvy6OpXA6",new,,surowy,aluminowy,,,,,,,,,,,,,lightra_x030,100
MzeeWUC0gyE9JJJLbz34v3,Profil LIGHTRA X030 S,Patentowany profil LIGHTRA x030 s® separacyjny do sufitów napinanych z harpunowym systemem mocowania płótna. Do wykorzystania przy tworzeniu linii światła.,in_stock,,,https://alumineu.pl/produkty/profile-harpunowe/swietlne/lightra-x030-s,,https://drive.google.com/uc?id=1TSh1oXbujCByOF5x447EjDqwb_Y4ESNw,14.00 PLN,,,no,,,alumineu,,google_product_category: 7112,"https://drive.google.com/uc?id=15qCEfUTj7bSVVMsuaHMrBqQW7bcq_eZI, https://drive.google.com/uc?id=18Gfax0Zlm0P6c9Qun0v_NDS2JGZ4o8SL, https://drive.google.com/uc?id=1sfutcwagZ85qrgpibibA0bo1Sy0xKsh3, https://drive.google.com/uc?id=1W78jOKuvbMeYaf-ZkonW14Qzvy6OpXA6",new,,surowy,aluminowy,,,,,,,,,,,,,lightra_x030_s,100
wDQZybWWgNkn2Zq49zPi30,Profil LIGHTRA X050,Patentowany profil LIGHTRA x050® separacyjny do sufitów napinanych z harpunowym systemem mocowania płótna. Do wykorzystania przy tworzeniu linii światła.,in_stock,,,https://alumineu.pl/produkty/profile-harpunowe/swietlne/lightra-x050,,https://drive.google.com/uc?id=1gfiRzqUaMR-dbS2WXuJRBetvkH8SAYkj,18.00 PLN,,,no,,,alumineu,,google_product_category: 7112,"https://drive.google.com/uc?id=1MqY7Vf5cGaa3CWyf_y_xmKj_wGGcsMoC, https://drive.google.com/uc?id=1Uovd-WdU3rlnadGUDiqU6H81XMolnQCe, https://drive.google.com/uc?id=1KyqcpZd4sXvoMBwm_a6yqP8rNgzGAFL_",new,,surowy,aluminowy,,,,,,,,,,,,,lightra_x050,100
63SkQfPpjSYcEKuuMh-YG2,Profil LAMPLIX X930,"Uniwersalny profil LAMPLIX x930® do wykonywania natynkowych, podwieszanych i wpuszczanych linii świetlnych oraz opraw oświetleniowych.",in_stock,,,https://alumineu.pl/produkty/profile-harpunowe/swietlne/lamplix-x930,,https://drive.google.com/uc?id=10CFhfti539lUpLRo9_1Tj8HPlW8Gj7VF,20.00 PLN,,,no,,,alumineu,,google_product_category: 7112,https://drive.google.com/uc?id=1xXNkBl86L3quT1nBKIgp8yycX1v1q3Fs,new,,surowy,aluminowy,,,,,,,,,,,,,lamplix_x930,100
Xo7o90pXhmhKf1FmlwptL2,Profil LAMPLIX X950,"Uniwersalny profil LAMPLIX x950® do wykonywania natynkowych, podwieszanych i wpuszczanych linii świetlnych oraz opraw oświetleniowych.",in_stock,,,https://alumineu.pl/produkty/profile-harpunowe/swietlne/lamplix-x950,,https://drive.google.com/uc?id=1aHtF1w8W1t1sKp72gjN-IKEOvpROFIVU,30.00 PLN,,,no,,,alumineu,,google_product_category: 7112,https://drive.google.com/uc?id=11h_ZjHi0RgCfs0mxydWzJL9fBR8VXVzV,new,,surowy,aluminowy,,,,,,,,,,,,,lamplix_x950,100
rtBsri0AgIfzRs45xlYEo3,Profil CLASSIX X101,Patentowany profil CLASSIX x101® do sufitów napinanych z harpunowym systemem mocowania płótna. Do obejścia skomplikowanych ścian. Obwód profilu jest zamknięty wkładką ścienną.,in_stock,,,https://alumineu.pl/produkty/profile-harpunowe/bezszczelinowe/classix-x101,,https://drive.google.com/uc?id=1yZhexEW6DL9rrCoaL1_Df5A9nL4XhHrE,9.00 PLN,,,no,,,alumineu,,google_product_category: 7112,"https://drive.google.com/uc?id=1MErYcBb87Sxu_komEHnWC7vCRDOdn_X2, https://drive.google.com/uc?id=1NqfaIYhtHhIdo45z0XHcY59LDSSABIPR, https://drive.google.com/uc?id=1rxYyLf7jDWGOJwsyMqDNvsSkKs9uvvSF",new,,surowy,aluminowy,,,,,,,,,,,,,classix_x101,100
lxFpGXGnhGh-TPEwCLiEt2,Profil CLASSIX X130,Patentowany profil CLASSIX x130® do sufitów napinanych z harpunowym systemem mocowania płótna. Obwód profilu jest zamknięty wkładką ścienną.,in_stock,,,https://alumineu.pl/produkty/profile-harpunowe/bezszczelinowe/classix-x130,,https://drive.google.com/uc?id=1-t_RzppxoCZSt-0gwEcKvR057rMSm9ns,3.00 PLN,,,no,,,alumineu,,google_product_category: 7112,"https://drive.google.com/uc?id=1ZhZipXy3PhVjxJef-p34_uGcpAKVA9xs, https://drive.google.com/uc?id=14bApwSlV4Be-ifscx95PI5z5EcVbuIRw, https://drive.google.com/uc?id=12rxjKAcddVR-9l0CHSIUzX0YS3ud9FVr",new,,surowy,aluminowy,,,,,,,,,,,,,classix_x130,100
V3cnnvOSiRXwOxWDjbAgp3,Profil CLASSIX X140,Patentowany profil CLASSIX x140® ścienny do sufitów napinanych z harpunowym systemem mocowania płótna. Bez osłony ściennej.,in_stock,,,https://alumineu.pl/produkty/profile-harpunowe/bezszczelinowe/classix-x140,,https://drive.google.com/uc?id=1lv-C-QED20jlJS5sf8OxXUwsdNJ1FjGL,3.90 PLN,,,no,,,alumineu,,google_product_category: 7112,"https://drive.google.com/uc?id=1NJlm9rib2fADT2a1KKrDqxRmE-rRjRmf, https://drive.google.com/uc?id=12dVzIY0_2lwsfic_sSkj31l8_t3uwFBU, https://drive.google.com/uc?id=1-Ju5UBs6eNWGpnmWaTA7Fwkd-OX8nZ8v",new,,surowy,aluminowy,,,,,,,,,,,,,classix_x140,100
oo9OjTbNgZ8SJAWgghj610,Profil INVISIA X201,Patentowany profil INVISIA x201® ścienny dystansowy do sufitów napinanych z harpunowym systemem mocowania płótna.,in_stock,,,https://alumineu.pl/produkty/profile-harpunowe/dystansowe/invisia-x201,,https://drive.google.com/uc?id=17KWlQvsVjXsCYacbbgYyqEeNw9Kyq0sK,10.40 PLN,,,no,,,alumineu,,google_product_category: 7112,"https://drive.google.com/uc?id=1R-9QlXUhfHmRRNjNI6FFUDC0O1wVOHvn, https://drive.google.com/uc?id=1vSRgPTQS66SjVeqt_obeRAT1BMvbPEuw, https://drive.google.com/uc?id=1doNRn2lC1L7rXkO4RoBlb8wllXxFd2qa",new,,czarny mat,aluminowy,,,,,,,,,,,,,invisia_x201,100
DJNjCqquhcS8YMhhFUUT-3,Profil INVISIA X202,Patentowany profil INVISIA x202® ścienny dystansowy do sufitów napinanych z harpunowym systemem mocowania płótna.,in_stock,,,https://alumineu.pl/produkty/profile-harpunowe/dystansowe/invisia-x202,,https://drive.google.com/uc?id=1nnFODITgP8hTw1IMFHnquQXMcTIfv7uO,10.00 PLN,,,no,,,alumineu,,google_product_category: 7112,"https://drive.google.com/uc?id=1DNCe7DfN0gJl0KQkX5cWjg-gVYEm9S4D, https://drive.google.com/uc?id=1tPL2tQ2n8vcXLP3c5RpC6tsEGHpdqEMu, https://drive.google.com/uc?id=1QDS4cC_ttZBBn6gFj6CfhoySHqiAQRlI",new,,czarny mat,aluminowy,,,,,,,,,,,,,invisia_x202,100
zA59TVMAiMOOTZf15BUvl2,Profil INVISIA X204,Patentowany profil INVISIA x204® separacyjny ze szczeliną cieniową do sufitów napinanych z harpunowym systemem mocowania płótna. Stosowany jest do pochyłych sufitów napinanych na poddaszach lub do dzielenia powierzchni płótna na kilka segmentów bez użycia wkładki rozdzielającej.,in_stock,,,https://alumineu.pl/produkty/profile-harpunowe/dystansowe/invisia-x204,,https://drive.google.com/uc?id=1375WO1UdG_ehzyGcjxCB0n292HFMWLRA,16.00 PLN,,,no,,,alumineu,,google_product_category: 7112,"https://drive.google.com/uc?id=1b9OqKZyKscLsLFeGuatj9D7MAR241BRa, https://drive.google.com/uc?id=1XdkJ9sIP6bK3y1fi0SZAZpBDe7Oxl__T, https://drive.google.com/uc?id=17gYm7IBn5ZpKHRPUWVwO4ORpYY9fmWwD",new,,czarny mat,aluminowy,,,,,,,,,,,,,invisia_x204,100
EGXmtijjgeQdvXQSqdLGi3,Profil INVISIA X206,Patentowany profil INVISIA x206® sufitowy dystansowy do sufitów napinanych z harpunowym systemem mocowania płótna.,in_stock,,,https://alumineu.pl/produkty/profile-harpunowe/dystansowe/invisia-x206,,https://drive.google.com/uc?id=1lDP595S0X_3KXxoZ7QTlNO81bPUCAS7U,16.00 PLN,,,no,,,alumineu,,google_product_category: 7112,"https://drive.google.com/uc?id=18mLn1YP3tLwK0ZIw1oAcIbN_5QhS3FII, https://drive.google.com/uc?id=1AeYB_QWBN5kMu2OlHDsuClmHAQ0GGvet, https://drive.google.com/uc?id=16ero6PPZf_A3423gb5Au5VU9msWFrX46",new,,czarny mat,aluminowy,,,,,,,,,,,,,invisia_x206,100
YZTju3ikgOF1-Sj6ktK6e2,Profil INVISIA X207,Patentowany profil INVISIA x207® sufitowy dystansowy do wentylacji w sufitach napinanych z harpunowym systemem mocowania płótna.,in_stock,,,https://alumineu.pl/produkty/profile-harpunowe/dystansowe/invisia-x207,,https://drive.google.com/uc?id=1PvSGgp_U9emq8naSZ1Xjf8zemIwbI9mS,24.00 PLN,,,no,,,alumineu,,google_product_category: 7112,"https://drive.google.com/uc?id=1H0BvwoiRN-NKeg-CLyt6n7HGi2lQhh91, https://drive.google.com/uc?id=12TjByIkJwsf5RBMGztMhLgNSn104f6y3, https://drive.google.com/uc?id=1y3IQg_wbMKIFxtGSmMH1KDnvSACPGon3",new,,czarny mat,aluminowy,,,,,,,,,,,,,invisia_x207,100
eyVbkQihgGQtYR5EF0P4w0,Profil INVISIA X208,Patentowany profil INVISIA x208® sufitowy dystansowy do sufitów napinanych z harpunowym systemem mocowania płótna. Do obejścia skomplikowanych ścian.,in_stock,,,https://alumineu.pl/produkty/profile-harpunowe/dystansowe/invisia-x208,,https://drive.google.com/uc?id=1_fM6UZo5xckNGR9PO0fvRWTFIQ-gGmR4,12.00 PLN,,,no,,,alumineu,,google_product_category: 7112,"https://drive.google.com/uc?id=1o8vtunjW4J5euLGuvoPNYpFntLporBLP, https://drive.google.com/uc?id=1bEkMg7AIqbRQNWuxPDAex_hO_Tlu6foW, https://drive.google.com/uc?id=1TdO2RkbGPxZAhIf72Nf7rKs9w1mCIByr",new,,czarny mat,aluminowy,,,,,,,,,,,,,invisia_x208,100
EeRJkcybhq5xX9vhB-xzv3,Profil INVISIA X209,Patentowany profil INVISIA x209® dystansowy do sufitów napinanych z harpunowym systemem mocowania płótna. Do obejścia schodów i świetlików.,in_stock,,,https://alumineu.pl/produkty/profile-harpunowe/dystansowe/invisia-x209,,https://drive.google.com/uc?id=1qfGCpe6l_jupuhrOccmxB6oiJ7JHz1Jh,24.00 PLN,,,no,,,alumineu,,google_product_category: 7112,"https://drive.google.com/uc?id=1oiNbnMd11K2TKxbN1RZDZ_RD-s1VxEGm, https://drive.google.com/uc?id=19-exLUXnyt91DaEEj-yzx0Cnn2STsmJl, https://drive.google.com/uc?id=11op0f9O7ohv6FZeAaGF7ps3DWcMXQLhz",new,,czarny mat,aluminowy,,,,,,,,,,,,,invisia_x209,100
cTT1GGAZj76alVXu4vaAe1,Profil INVISIA X209,Patentowany profil INVISIA x209® dystansowy do sufitów napinanych z harpunowym systemem mocowania płótna. Do obejścia schodów i świetlików.,in_stock,,,https://alumineu.pl/produkty/profile-harpunowe/dystansowe/invisia-x209,,https://drive.google.com/uc?id=1qfGCpe6l_jupuhrOccmxB6oiJ7JHz1Jh,24.00 PLN,,,no,,,alumineu,,google_product_category: 7112,"https://drive.google.com/uc?id=1oiNbnMd11K2TKxbN1RZDZ_RD-s1VxEGm, https://drive.google.com/uc?id=19-exLUXnyt91DaEEj-yzx0Cnn2STsmJl, https://drive.google.com/uc?id=11op0f9O7ohv6FZeAaGF7ps3DWcMXQLhz",new,,biały mat,aluminowy,,,,,,,,,,,,,invisia_x209,100
jzysdA0nhEDukcRfamitz0,Profil FLOATIA X301,Patentowany profil FLOATIA x301® ścienny dystansowy do sufitów napinanych z harpunowym systemem mocowania płótna. Z półką na taśmę led. Bez osłony i klosza.,in_stock,,,https://alumineu.pl/produkty/profile-harpunowe/dystansowe-led/floatia-x301,,https://drive.google.com/uc?id=1_k1IvvzMXX0neKBhdGJVFh1paRDhzl9E,12.00 PLN,,,no,,,alumineu,,google_product_category: 7112,"https://drive.google.com/uc?id=1f0lXWOdXT9brQqcL-WLmLCC124xiilU2, https://drive.google.com/uc?id=15G1KsEVNW-6ZK75iSn41JZJEB-hkW8so, https://drive.google.com/uc?id=1wnQEHQCl68OS9y3wrId9XnkDW1J5UaL0",new,,biały mat,aluminowy,,,,,,,,,,,,,floatia_x301,100
IxT7oD8zhIbrnn2LbGw2D0,Profil FLOATIA X302,Patentowany profil FLOATIA x302® ścienny dystansowy do sufitów napinanych z harpunowym systemem mocowania płótna. Z półką na taśmę led i osłoną.,in_stock,,,https://alumineu.pl/produkty/profile-harpunowe/dystansowe-led/floatia-x302,,https://drive.google.com/uc?id=18F6m8x9gtxJrBlDEiaj3icTPngQQ4QKl,12.00 PLN,,,no,,,alumineu,,google_product_category: 7112,"https://drive.google.com/uc?id=113mq-nr-dqVWWUTywjdZS6C2YgO8IobZ, https://drive.google.com/uc?id=1ZG7iLJnATHZF_kKx41iyEQn2w796r-ny, https://drive.google.com/uc?id=1eRjiHdpiXyT6vpdvZcEuAkMsaKiNYqus",new,,surowy,aluminowy,,,,,,,,,,,,,floatia_x302,100
fxcs1s4Sg4i9usohMYyp11,Profil FLOATIA X302,Patentowany profil FLOATIA x302® ścienny dystansowy do sufitów napinanych z harpunowym systemem mocowania płótna. Z półką na taśmę led i osłoną.,in_stock,,,https://alumineu.pl/produkty/profile-harpunowe/dystansowe-led/floatia-x302,,https://drive.google.com/uc?id=18F6m8x9gtxJrBlDEiaj3icTPngQQ4QKl,14.80 PLN,,,no,,,alumineu,,google_product_category: 7112,"https://drive.google.com/uc?id=113mq-nr-dqVWWUTywjdZS6C2YgO8IobZ, https://drive.google.com/uc?id=1ZG7iLJnATHZF_kKx41iyEQn2w796r-ny, https://drive.google.com/uc?id=1eRjiHdpiXyT6vpdvZcEuAkMsaKiNYqus",new,,czarny mat,aluminowy,,,,,,,,,,,,,floatia_x302,100
Y7mho3jShobDY2hUqkXX83,Profil FLOATIA X302,Patentowany profil FLOATIA x302® ścienny dystansowy do sufitów napinanych z harpunowym systemem mocowania płótna. Z półką na taśmę led i osłoną.,in_stock,,,https://alumineu.pl/produkty/profile-harpunowe/dystansowe-led/floatia-x302,,https://drive.google.com/uc?id=18F6m8x9gtxJrBlDEiaj3icTPngQQ4QKl,14.80 PLN,,,no,,,alumineu,,google_product_category: 7112,"https://drive.google.com/uc?id=113mq-nr-dqVWWUTywjdZS6C2YgO8IobZ, https://drive.google.com/uc?id=1ZG7iLJnATHZF_kKx41iyEQn2w796r-ny, https://drive.google.com/uc?id=1eRjiHdpiXyT6vpdvZcEuAkMsaKiNYqus",new,,biały mat,aluminowy,,,,,,,,,,,,,floatia_x302,100
VL9D-5xNhHiRwdOhXxgjl3,Profil FLOATIA X303,Patentowany profil FLOATIA x303® sufitowy dystansowy do sufitów napinanych z harpunowym systemem mocowania płótna. Z półką na taśmę led i osłoną.,in_stock,,,https://alumineu.pl/produkty/profile-harpunowe/dystansowe-led/floatia-x303,,https://drive.google.com/uc?id=1RPba_Rt0CI9VnHixYbVZlINfmiDrQxnX,15.60 PLN,,,no,,,alumineu,,google_product_category: 7112,"https://drive.google.com/uc?id=1IS1XUEu_gYZRP52nVAepof4sGID-VTCb, https://drive.google.com/uc?id=1T0qBjtoV0pvbQjzgYm5X5xNBz6NX1f6b, https://drive.google.com/uc?id=1dnKkAnTLxceytOUp6Q6we0HcL0K6fMwM",new,,surowy,aluminowy,,,,,,,,,,,,,floatia_x303,100
MyI2v2JMhnRtUrh6H58nz0,Profil FLOATIA X303,Patentowany profil FLOATIA x303® sufitowy dystansowy do sufitów napinanych z harpunowym systemem mocowania płótna. Z półką na taśmę led i osłoną.,in_stock,,,https://alumineu.pl/produkty/profile-harpunowe/dystansowe-led/floatia-x303,,https://drive.google.com/uc?id=1RPba_Rt0CI9VnHixYbVZlINfmiDrQxnX,20.00 PLN,,,no,,,alumineu,,google_product_category: 7112,"https://drive.google.com/uc?id=1IS1XUEu_gYZRP52nVAepof4sGID-VTCb, https://drive.google.com/uc?id=1T0qBjtoV0pvbQjzgYm5X5xNBz6NX1f6b, https://drive.google.com/uc?id=1dnKkAnTLxceytOUp6Q6we0HcL0K6fMwM",new,,czarny mat,aluminowy,,,,,,,,,,,,,floatia_x303,100
xO7PAABriJTHSKVNGiuYl3,Profil FLOATIA X303,Patentowany profil FLOATIA x303® sufitowy dystansowy do sufitów napinanych z harpunowym systemem mocowania płótna. Z półką na taśmę led i osłoną.,in_stock,,,https://alumineu.pl/produkty/profile-harpunowe/dystansowe-led/floatia-x303,,https://drive.google.com/uc?id=1RPba_Rt0CI9VnHixYbVZlINfmiDrQxnX,20.00 PLN,,,no,,,alumineu,,google_product_category: 7112,"https://drive.google.com/uc?id=1IS1XUEu_gYZRP52nVAepof4sGID-VTCb, https://drive.google.com/uc?id=1T0qBjtoV0pvbQjzgYm5X5xNBz6NX1f6b, https://drive.google.com/uc?id=1dnKkAnTLxceytOUp6Q6we0HcL0K6fMwM",new,,biały mat,aluminowy,,,,,,,,,,,,,floatia_x303,100
OGuLhFuVjSlwHsBusU5Sf1,Profil FLOATIA X304,Patentowany profil FLOATIA x304® sufitowy dystansowy do sufitów napinanych z harpunowym systemem mocowania płótna. Z półką na taśmę led i osłoną.,in_stock,,,https://alumineu.pl/produkty/profile-harpunowe/dystansowe-led/floatia-x304,,https://drive.google.com/uc?id=1V9oI3oESxE0N2Pb7DQDc33Znj7OpjLea,30.00 PLN,,,no,,,alumineu,,google_product_category: 7112,,new,,czarny mat,aluminowy,,,,,,,,,,,,,floatia_x304,100
eePmEHIghXucCCjWcE2zy3,Profil CURTINA X402,Patentowany profil CURTINA x402® do wykonania ukrytych wnęk karniszowych z dwoma rowkami do wieszania zasłon i firan w sufitach napinanych z systemem harpunowym. Z bocznym mocowaniem płótna.,in_stock,,,https://alumineu.pl/produkty/profile-harpunowe/karniszowe/curtina-x402,,https://drive.google.com/uc?id=1S1fRqPlb2RyRt7AKEzWppL25sNkbn1AP,153.60 PLN,,,no,,,alumineu,,google_product_category: 7112,"https://drive.google.com/uc?id=1ynKYdymEqYZBoDEr1pY5bHEDos_89VZ3, https://drive.google.com/uc?id=1aBe3YYINuIjLq_TU_51qXcU1TlQNw2C-, https://drive.google.com/uc?id=1XU3HngUBFnrkdha_329UxQB9nCP6vr-2",new,,czarny mat,długość 3200 mm,,,,,,,,,,,,,curtina_x402,100
vdjAWIcdhHNfZhVE150J92,Profil CURTINA X402,Patentowany profil CURTINA x402® do wykonania ukrytych wnęk karniszowych z dwoma rowkami do wieszania zasłon i firan w sufitach napinanych z systemem harpunowym. Z bocznym mocowaniem płótna.,in_stock,,,https://alumineu.pl/produkty/profile-harpunowe/karniszowe/curtina-x402,,https://drive.google.com/uc?id=1S1fRqPlb2RyRt7AKEzWppL25sNkbn1AP,153.60 PLN,,,no,,,alumineu,,google_product_category: 7112,"https://drive.google.com/uc?id=1ynKYdymEqYZBoDEr1pY5bHEDos_89VZ3, https://drive.google.com/uc?id=1aBe3YYINuIjLq_TU_51qXcU1TlQNw2C-, https://drive.google.com/uc?id=1XU3HngUBFnrkdha_329UxQB9nCP6vr-2",new,,biały połysk,długość 3200 mm,,,,,,,,,,,,,curtina_x402,100
DKTDmwA2icCZL2vSUjXum3,Profil CURTINA X402,Patentowany profil CURTINA x402® do wykonania ukrytych wnęk karniszowych z dwoma rowkami do wieszania zasłon i firan w sufitach napinanych z systemem harpunowym. Z bocznym mocowaniem płótna.,in_stock,,,https://alumineu.pl/produkty/profile-harpunowe/karniszowe/curtina-x402,,https://drive.google.com/uc?id=1S1fRqPlb2RyRt7AKEzWppL25sNkbn1AP,105.60 PLN,,,no,,,alumineu,,google_product_category: 7112,"https://drive.google.com/uc?id=1ynKYdymEqYZBoDEr1pY5bHEDos_89VZ3, https://drive.google.com/uc?id=1aBe3YYINuIjLq_TU_51qXcU1TlQNw2C-, https://drive.google.com/uc?id=1XU3HngUBFnrkdha_329UxQB9nCP6vr-2",new,,czarny mat,długość 2200 mm,,,,,,,,,,,,,curtina_x402,100
e9yQf8rDjzi3XjGnnx3Iw3,Profil CURTINA X402,Patentowany profil CURTINA x402® do wykonania ukrytych wnęk karniszowych z dwoma rowkami do wieszania zasłon i firan w sufitach napinanych z systemem harpunowym. Z bocznym mocowaniem płótna.,in_stock,,,https://alumineu.pl/produkty/profile-harpunowe/karniszowe/curtina-x402,,https://drive.google.com/uc?id=1S1fRqPlb2RyRt7AKEzWppL25sNkbn1AP,105.60 PLN,,,no,,,alumineu,,google_product_category: 7112,"https://drive.google.com/uc?id=1ynKYdymEqYZBoDEr1pY5bHEDos_89VZ3, https://drive.google.com/uc?id=1aBe3YYINuIjLq_TU_51qXcU1TlQNw2C-, https://drive.google.com/uc?id=1XU3HngUBFnrkdha_329UxQB9nCP6vr-2",new,,biały połysk,długość 2200 mm,,,,,,,,,,,,,curtina_x402,100
jx2sQ0lhiTZsQVWNF9X2z0,Profil CURTINA X403,Patentowany profil CURTINA x403® do wykonania ukrytych wnęk karniszowych z trzema rowkami do wieszania zasłon i firan w sufitach napinanych z systemem harpunowym. Z bocznym mocowaniem płótna.,in_stock,,,https://alumineu.pl/produkty/profile-harpunowe/karniszowe/curtina-x403,,https://drive.google.com/uc?id=1asAao30eZwFjfoUzY7SH5V4UineOk_H_,179.20 PLN,,,no,,,alumineu,,google_product_category: 7112,"https://drive.google.com/uc?id=16binchgKBfvxs4TWxiIM0VByGN-ggVQM, https://drive.google.com/uc?id=1DuwVPqqnHj0m3om9AszdxPPMGcRhLo88, https://drive.google.com/uc?id=1ttlBOvfwWEh65Lp_9hpUMCIUExIzcRDR",new,,czarny mat,długość 3200 mm,,,,,,,,,,,,,curtina_x403,100
34WwfpBUjupvpuPa3EpLr3,Profil CURTINA X403,Patentowany profil CURTINA x403® do wykonania ukrytych wnęk karniszowych z trzema rowkami do wieszania zasłon i firan w sufitach napinanych z systemem harpunowym. Z bocznym mocowaniem płótna.,in_stock,,,https://alumineu.pl/produkty/profile-harpunowe/karniszowe/curtina-x403,,https://drive.google.com/uc?id=1asAao30eZwFjfoUzY7SH5V4UineOk_H_,179.20 PLN,,,no,,,alumineu,,google_product_category: 7112,"https://drive.google.com/uc?id=16binchgKBfvxs4TWxiIM0VByGN-ggVQM, https://drive.google.com/uc?id=1DuwVPqqnHj0m3om9AszdxPPMGcRhLo88, https://drive.google.com/uc?id=1ttlBOvfwWEh65Lp_9hpUMCIUExIzcRDR",new,,biały połysk,długość 3200 mm,,,,,,,,,,,,,curtina_x403,100
i3hGepcZiU3L8JqEJ2rtV0,Profil CURTINA X403,Patentowany profil CURTINA x403® do wykonania ukrytych wnęk karniszowych z trzema rowkami do wieszania zasłon i firan w sufitach napinanych z systemem harpunowym. Z bocznym mocowaniem płótna.,in_stock,,,https://alumineu.pl/produkty/profile-harpunowe/karniszowe/curtina-x403,,https://drive.google.com/uc?id=1asAao30eZwFjfoUzY7SH5V4UineOk_H_,179.20 PLN,,,no,,,alumineu,,google_product_category: 7112,"https://drive.google.com/uc?id=16binchgKBfvxs4TWxiIM0VByGN-ggVQM, https://drive.google.com/uc?id=1DuwVPqqnHj0m3om9AszdxPPMGcRhLo88, https://drive.google.com/uc?id=1ttlBOvfwWEh65Lp_9hpUMCIUExIzcRDR",new,,biały mat,długość 3200 mm,,,,,,,,,,,,,curtina_x403,100
Hxf-n56DhLa95Jq8oTmSb3,Profil CURTINA X403,Patentowany profil CURTINA x403® do wykonania ukrytych wnęk karniszowych z trzema rowkami do wieszania zasłon i firan w sufitach napinanych z systemem harpunowym. Z bocznym mocowaniem płótna.,in_stock,,,https://alumineu.pl/produkty/profile-harpunowe/karniszowe/curtina-x403,,https://drive.google.com/uc?id=1asAao30eZwFjfoUzY7SH5V4UineOk_H_,123.20 PLN,,,no,,,alumineu,,google_product_category: 7112,"https://drive.google.com/uc?id=16binchgKBfvxs4TWxiIM0VByGN-ggVQM, https://drive.google.com/uc?id=1DuwVPqqnHj0m3om9AszdxPPMGcRhLo88, https://drive.google.com/uc?id=1ttlBOvfwWEh65Lp_9hpUMCIUExIzcRDR",new,,czarny mat,długość 2200 mm,,,,,,,,,,,,,curtina_x403,100
smfA9ADrg9P4AffHsiprN2,Profil CURTINA X403,Patentowany profil CURTINA x403® do wykonania ukrytych wnęk karniszowych z trzema rowkami do wieszania zasłon i firan w sufitach napinanych z systemem harpunowym. Z bocznym mocowaniem płótna.,in_stock,,,https://alumineu.pl/produkty/profile-harpunowe/karniszowe/curtina-x403,,https://drive.google.com/uc?id=1asAao30eZwFjfoUzY7SH5V4UineOk_H_,123.20 PLN,,,no,,,alumineu,,google_product_category: 7112,"https://drive.google.com/uc?id=16binchgKBfvxs4TWxiIM0VByGN-ggVQM, https://drive.google.com/uc?id=1DuwVPqqnHj0m3om9AszdxPPMGcRhLo88, https://drive.google.com/uc?id=1ttlBOvfwWEh65Lp_9hpUMCIUExIzcRDR",new,,biały połysk,długość 2200 mm,,,,,,,,,,,,,curtina_x403,100
hSqFGvnTjaggVAymnovmh0,Profil CURTINA X403,Patentowany profil CURTINA x403® do wykonania ukrytych wnęk karniszowych z trzema rowkami do wieszania zasłon i firan w sufitach napinanych z systemem harpunowym. Z bocznym mocowaniem płótna.,in_stock,,,https://alumineu.pl/produkty/profile-harpunowe/karniszowe/curtina-x403,,https://drive.google.com/uc?id=1asAao30eZwFjfoUzY7SH5V4UineOk_H_,112.00 PLN,,,no,,,alumineu,,google_product_category: 7112,"https://drive.google.com/uc?id=16binchgKBfvxs4TWxiIM0VByGN-ggVQM, https://drive.google.com/uc?id=1DuwVPqqnHj0m3om9AszdxPPMGcRhLo88, https://drive.google.com/uc?id=1ttlBOvfwWEh65Lp_9hpUMCIUExIzcRDR",new,,czarny mat,długość 2000 mm,,,,,,,,,,,,,curtina_x403,100
yUubMVw1hqQAZdBztKRgZ2,Profil CURTINA X403,Patentowany profil CURTINA x403® do wykonania ukrytych wnęк karniszowych z trzema rowkami do wieszania zasłon i firan w sufitach napinanych z systemem harpunowym. Z bocznym mocowaniem płótna.,in_stock,,,https://alumineu.pl/produkty/profile-harpunowe/karniszowe/curtina-x403,,https://drive.google.com/uc?id=1asAao30eZwFjfoUzY7SH5V4UineOk_H_,112.00 PLN,,,no,,,alumineu,,google_product_category: 7112,"https://drive.google.com/uc?id=16binchgKBfvxs4TWxiIM0VByGN-ggVQM, https://drive.google.com/uc?id=1DuwVPqqnHj0m3om9AszdxPPMGcRhLo88, https://drive.google.com/uc?id=1ttlBOvfwWEh65Lp_9hpUMCIUExIzcRDR",new,,biały mat,długość 2000 mm,,,,,,,,,,,,,curtina_x403,100
ryMNNy0Vjq1ciFgP2gUaK3,Profil CURTINA X404,Patentowany profil CURTINA x404® do wykonania ukrytych wnęk karniszowych z trzema rowkami do montażu zasłon i firan. Do systemu mocowania harpunowego z dolnym wsunięciem płótna.,in_stock,,,https://alumineu.pl/produkty/profile-harpunowe/karniszowe/curtina-x404,,https://drive.google.com/uc?id=10-9CnBDVYJg17hjhN27x6AY2ZxHJtOfK,110.00 PLN,,,no,,,alumineu,,google_product_category: 7112,https://drive.google.com/uc?id=1Zh-kAq7z-BYeT6NMWakb6O32xkk16rei,new,,biały połysk,długość 2200 mm,,,,,,,,,,,,,curtina_x404,100
6UZy5OEYgiU2cDd92z2R00,Profil CURTINA X404,Patentowany profil CURTINA x404® do wykonania ukrytych wnęk karniszowych z trzema rowkami do montażu zasłon i firan. Do systemu mocowania harpunowego z dolnym wsunięciem płótna.,in_stock,,,https://alumineu.pl/produkty/profile-harpunowe/karniszowe/curtina-x404,,https://drive.google.com/uc?id=10-9CnBDVYJg17hjhN27x6AY2ZxHJtOfK,160.00 PLN,,,no,,,alumineu,,google_product_category: 7112,https://drive.google.com/uc?id=1Zh-kAq7z-BYeT6NMWakb6O32xkk16rei,new,,biały połysk,długość 3200 mm,,,,,,,,,,,,,curtina_x404,100
QYtmUePthsfmVcpZ7LaHB2,Profil CURTINA X405,Patentowany profil CURTINA x405® do wykonania ukrytych wnęk karniszowych z dwoma rowkami do wieszania zasłon i firan w sufitach napinanych z systemem harpunowym. Podświetlany.,in_stock,,,https://alumineu.pl/produkty/profile-harpunowe/karniszowe/curtina-x405,,https://drive.google.com/uc?id=1imtqRjRLR691HPzPc9iImJHyJWKV2RJT,192.00 PLN,,,no,,,alumineu,,google_product_category: 7112,"https://drive.google.com/uc?id=1FlKyhr1NvR2Q6AdEQId-RKSyO8tYyl2T, https://drive.google.com/uc?id=1jRQIdGfC1vdkHLmqF9_2V-L2wOhjrmh_, https://drive.google.com/uc?id=1yv9vmtsWTknPryPO-TcIQVhgYhj7URQe",new,,czarny mat,długość 3200 mm,,,,,,,,,,,,,curtina_x405,100
hRYJaVIahB4Jg-O10ZpbV0,Profil CURTINA X405,Patentowany profil CURTINA x405® do wykonania ukrytych wnęк karniszowych z dwoma rowkami do wieszania zasłon i firan w sufitach napinanych z systemem harpunowym. Podświetlany.,in_stock,,,https://alumineu.pl/produkty/profile-harpunowe/karniszowe/curtina-x405,,https://drive.google.com/uc?id=1imtqRjRLR691HPzPc9iImJHyJWKV2RJT,192.00 PLN,,,no,,,alumineu,,google_product_category: 7112,"https://drive.google.com/uc?id=1FlKyhr1NvR2Q6AdEQId-RKSyO8tYyl2T, https://drive.google.com/uc?id=1jRQIdGfC1vdkHLmqF9_2V-L2wOhjrmh_, https://drive.google.com/uc?id=1yv9vmtsWTknPryPO-TcIQVhgYhj7URQe",new,,biały mat,długość 3200 mm,,,,,,,,,,,,,curtina_x405,100
Rid7eYeaihDEYyuGmwIm10,Profil CURTINA X405,Patentowany profil CURTINA x405® do wykonania ukrytych wnęк karniszowych z dwoma rowkami do wieszania zasłon i firan w sufitach napinanych z systemem harpunowym. Podświetlany.,in_stock,,,https://alumineu.pl/produkty/profile-harpunowe/karniszowe/curtina-x405,,https://drive.google.com/uc?id=1imtqRjRLR691HPzPc9iImJHyJWKV2RJT,132.00 PLN,,,no,,,alumineu,,google_product_category: 7112,"https://drive.google.com/uc?id=1FlKyhr1NvR2Q6AdEQId-RKSyO8tYyl2T, https://drive.google.com/uc?id=1jRQIdGfC1vdkHLmqF9_2V-L2wOhjrmh_, https://drive.google.com/uc?id=1yv9vmtsWTknPryPO-TcIQVhgYhj7URQe",new,,czarny mat,długość 2200 mm,,,,,,,,,,,,,curtina_x405,100
M7K8jSGug5rmTO1txLm922,Profil CURTINA X405,Patentowany profil CURTINA x405® do wykonania ukrytych wnęк karniszowych z dwoma rowkami do wieszania zasłon i firan w sufitach napinanych z systemem harpunowym. Podświetlany.,in_stock,,,https://alumineu.pl/produkty/profile-harpunowe/karniszowe/curtina-x405,,https://drive.google.com/uc?id=1imtqRjRLR691HPzPc9iImJHyJWKV2RJT,132.00 PLN,,,no,,,alumineu,,google_product_category: 7112,"https://drive.google.com/uc?id=1FlKyhr1NvR2Q6AdEQId-RKSyO8tYyl2T, https://drive.google.com/uc?id=1jRQIdGfC1vdkHLmqF9_2V-L2wOhjrmh_, https://drive.google.com/uc?id=1yv9vmtsWTknPryPO-TcIQVhgYhj7URQe",new,,biały mat,długość 2200 mm,,,,,,,,,,,,,curtina_x405,100
9YYv8DXkjKpGTTDe3j99Y3,Profil CURTINA X405,Patentowany profil CURTINA x405 m® do wykonania ukrytych wnęк karniszowych z dwoma rowkami do wieszania zasłon i firan w sufitach napinanych z systemem harpunowym. Podświetlany.,in_stock,,,https://alumineu.pl/produkty/profile-harpunowe/karniszowe/curtina-x405,,https://drive.google.com/uc?id=1imtqRjRLR691HPzPc9iImJHyJWKV2RJT,120.00 PLN,,,no,,,alumineu,,google_product_category: 7112,"https://drive.google.com/uc?id=1FlKyhr1NvR2Q6AdEQId-RKSyO8tYyl2T, https://drive.google.com/uc?id=1jRQIdGfC1vdkHLmqF9_2V-L2wOhjrmh_, https://drive.google.com/uc?id=1yv9vmtsWTknPryPO-TcIQVhgYhj7URQe",new,,czarny mat,długość 2000 mm,,,,,,,,,,,,,curtina_x405,100
zRy2mTY3io-ReCRagT1MI2,Profil CURTINA X405,Patentowany profil CURTINA x405 m® do wykonania ukrytych wnęк karniszowych z dwoma rowkami do wieszania zasłон и firan w sufitах napinanych z systemem harpunowym. Podświetlany.,in_stock,,,https://alumineu.pl/produkty/profile-harpunowe/karniszowe/curtina-x405,,https://drive.google.com/uc?id=1imtqRjRLR691HPzPc9iImJHyJWKV2RJT,120.00 PLN,,,no,,,alumineu,,google_product_category: 7112,"https://drive.google.com/uc?id=1FlKyhr1NvR2Q6AdEQId-RKSyO8tYyl2T, https://drive.google.com/uc?id=1jRQIdGfC1vdkHLmqF9_2V-L2wOhjrmh_, https://drive.google.com/uc?id=1yv9vmtsWTknPryPO-TcIQVhgYhj7URQe",new,,biały mat,długość 2000 mm,,,,,,,,,,,,,curtina_x405,100
CkVvKhJbiGhhK2anvHdB33,Profil CURTINA X405 M,Patentowany profil CURTINA x405 m® do wykonania ukrytych wnęк karniszowych z dwoma rowkami do wieszania zasłon и firan w sufitах napinanych z systemem harpunowym. Podświetlany.,in_stock,,,https://alumineu.pl/produkty/profile-harpunowe/karniszowe/curtina-x405-m,,https://drive.google.com/uc?id=1gzdLI0r_0DnNG7mwmpGAO32iwVsXrUnf,360.00 PLN,,,no,,,alumineu,,google_product_category: 7112,"https://drive.google.com/uc?id=1LQhswd_FvnqBvncalibfpuzfZdqy4k4t, https://drive.google.com/uc?id=1BLHL-F_FcDCa7aDVwNmZcwpngT4kGP4j, https://drive.google.com/uc?id=1yv9vmtsWTknPryPO-TcIQVhgYhj7URQe",new,,biały mat,długość 3200 mm,,,,,,,,,,,,,curtina_x405_m,100
iSRbWSLtitojIsPO0sI9x2,Profil CURTINA X405 M,Patentowany karnisz CURTINA x406® z dwoma rowkami do wieszania zasłon i kurtyn. Do harpunowego systema mocowania płótna.,in_stock,,,https://alumineu.pl/produkty/profile-harpunowe/karniszowe/curtina-x405-m,,https://drive.google.com/uc?id=1gzdLI0r_0DnNG7mwmpGAO32iwVsXrUnf,250.00 PLN,,,no,,,alumineu,,google_product_category: 7112,"https://drive.google.com/uc?id=1LQhswd_FvnqBvncalibfpuzfZdqy4k4t, https://drive.google.com/uc?id=1BLHL-F_FcDCa7aDVwNmZcwpngT4kGP4j, https://drive.google.com/uc?id=1yv9vmtsWTknPryPO-TcIQVhgYhj7URQe",new,,biały mat,długość 2200 mm,,,,,,,,,,,,,curtina_x405_m,100
PIsjk6JZiDyyFLIyu2lyU0,Profil CURTINA X405 M,Patentowany karnisz CURTINA x406® z dwoma rowkami do wieszania zasłon i kurtyn. Do harpunowego systema mocowania płótna.,in_stock,,,https://alumineu.pl/produkty/profile-harpunowe/karniszowe/curtina-x405-m,,https://drive.google.com/uc?id=1gzdLI0r_0DnNG7mwmpGAO32iwVsXrUnf,360.00 PLN,,,no,,,alumineu,,google_product_category: 7112,"https://drive.google.com/uc?id=1LQhswd_FvnqBvncalibfpuzfZdqy4k4t, https://drive.google.com/uc?id=1BLHL-F_FcDCa7aDVwNmZcwpngT4kGP4j, https://drive.google.com/uc?id=1yv9vmtsWTknPryPO-TcIQVhgYhj7URQe",new,,czarny mat,długość 3200 mm,,,,,,,,,,,,,curtina_x405_m,100
gA28ToLCggK3W8YPSsFkT1,Profil CURTINA X405 M,Patentowany karnisz CURTINA x407® z jednym rowkiem do wieszania zasłon i kurtyn. Do harpunowego systema mocowania płótna.,in_stock,,,https://alumineu.pl/produkty/profile-harpunowe/karniszowe/curtina-x405-m,,https://drive.google.com/uc?id=1gzdLI0r_0DnNG7mwmpGAO32iwVsXrUnf,250.00 PLN,,,no,,,alumineu,,google_product_category: 7112,"https://drive.google.com/uc?id=1LQhswd_FvnqBvncalibfpuzfZdqy4k4t, https://drive.google.com/uc?id=1BLHL-F_FcDCa7aDVwNmZcwpngT4kGP4j, https://drive.google.com/uc?id=1yv9vmtsWTknPryPO-TcIQVhgYhj7URQe",new,,czarny mat,długość 2200 mm,,,,,,,,,,,,,curtina_x405_m,100
08Gs75cLiwndvRDfwZZkQ2,Profil CURTINA X406,Patentowany karnisz CURTINA x407® z jednym rowkiem do wieszania zasłon i kurtyn. Do harpunowego systema mocowania płótna.,in_stock,,,https://alumineu.pl/produkty/profile-harpunowe/karniszowe/curtina-x406,,https://drive.google.com/uc?id=1shlsdb1s9f3bjTdgmUg1_m6UnTkpuAuC,64.00 PLN,,,no,,,alumineu,,google_product_category: 7112,"https://drive.google.com/uc?id=1h05s95EriS093NPzVfcRf0553QzNiHc6, https://drive.google.com/uc?id=1TbIKFsqgrUJtjNbTZLEucYcNRJDNeTsJ, https://drive.google.com/uc?id=1HW0v2eRGZxTG_PlWuvTV9ChJDBdYj89I, https://drive.google.com/uc?id=1PpsGYfHzM3vLHmC5XwSlDsLOmmj7-WRM, https://drive.google.com/uc?id=1vkZCqLlWHBOt8niWHO31BoRmG9OhtUNl, https://drive.google.com/uc?id=1nASpDUFtBKznbk97D-EkocSBPK-ZyCUt",new,,czarny mat,długość 3200 mm,,,,,,,,,,,,,curtina_x406,100
vdRmfjJniS9p1gOygMbDs0,Profil CURTINA X406,"Patentowany profil CURTINA x408® do wykonywania prostych wnęк na zasłony z podświetleniem, z możliwością późniejszego montażu karniszy natynkowych. Przeznaczony do systemu mocowania membrany typu harpun.",in_stock,,,https://alumineu.pl/produkty/profile-harpunowe/karniszowe/curtina-x406,,https://drive.google.com/uc?id=1shlsdb1s9f3bjTdgmUg1_m6UnTkpuAuC,64.00 PLN,,,no,,,alumineu,,google_product_category: 7112,"https://drive.google.com/uc?id=1h05s95EriS093NPzVfcRf0553QzNiHc6, https://drive.google.com/uc?id=1TbIKFsqgrUJtjNbTZLEucYcNRJDNeTsJ, https://drive.google.com/uc?id=1HW0v2eRGZxTG_PlWuvTV9ChJDBdYj89I, https://drive.google.com/uc?id=1PpsGYfHzM3vLHmC5XwSlDsLOmmj7-WRM, https://drive.google.com/uc?id=1vkZCqLlWHBOt8niWHO31BoRmG9OhtUNl, https://drive.google.com/uc?id=1nASpDUFtBKznbk97D-EkocSBPK-ZyCUt",new,,biały mat,długość 3200 mm,,,,,,,,,,,,,curtina_x406,100
gtIKBLtJghv4WzA42yxPP1,Profil CURTINA X407,"Patentowany profil CURTINA x409® do wykonywania prostych wnęк na zasłony z podświetleniem, z możliwością późniejszego montażu karniszy natynkowych. Przeznaczony do systemu mocowania membrany typu harpun.",in_stock,,,https://alumineu.pl/produkty/profile-harpunowe/karniszowe/curtina-x407,,https://drive.google.com/uc?id=1nzFWff7gjlwltTuSlIW312B7vXkN95FC,22.40 PLN,,,no,,,alumineu,,google_product_category: 7112,"https://drive.google.com/uc?id=1bOjo3GILRJr5-VEzrO8xYJ1owUad_Dmq, https://drive.google.com/uc?id=1vpltZ1o_Ab30eQSsjZSNzWVmdo5wi-Rj, https://drive.google.com/uc?id=1fW5B2QLDQybKSWj5cbseJnYLYbEtgPSa, https://drive.google.com/uc?id=1PIwL2wUSEcPCTfdAnRu8t32ZTWGXBMuF, https://drive.google.com/uc?id=1ZGd_mMlUvPkPy6RcYXxFn6mIFsjsF1Mo",new,,czarny mat,aluminowy,,,,,,,,,,,,,curtina_x407,100
cJyPtbDhhRAmihZrojWDn0,Profil CURTINA X407,"Patentowany profil CURTINA x410® do wykonywania prostych wnęк na zasłony z podświetleniem, z możliwością późniejszego montażu karniszy natynkowych. Przeznaczony do systemu mocowania membrany typu harpun.",in_stock,,,https://alumineu.pl/produkty/profile-harpunowe/karniszowe/curtina-x407,,https://drive.google.com/uc?id=1nzFWff7gjlwltTuSlIW312B7vXkN95FC,22.40 PLN,,,no,,,alumineu,,google_product_category: 7112,"https://drive.google.com/uc?id=1bOjo3GILRJr5-VEzrO8xYJ1owUad_Dmq, https://drive.google.com/uc?id=1vpltZ1o_Ab30eQSsjZSNzWVmdo5wi-Rj, https://drive.google.com/uc?id=1fW5B2QLDQybKSWj5cbseJnYLYbEtgPSa, https://drive.google.com/uc?id=1PIwL2wUSEcPCTfdAnRu8t32ZTWGXBMuF, https://drive.google.com/uc?id=1ZGd_mMlUvPkPy6RcYXxFn6mIFsjsF1Mo",new,,biały mat,aluminowy,,,,,,,,,,,,,curtina_x407,100
FWceQ5ETivN6fBl0i-tWJ2,Profil CURTINA X408,"Patentowany profil CURTINA x411® do wykonywania prostych wnęк na zasłony z podświetleniem, z możliwością późniejszego montażu karniszy natynkowych. Przeznaczony do systemu mocowania membrany typu harpun.",in_stock,,,https://alumineu.pl/produkty/profile-harpunowe/karniszowe/curtina-x408,,https://drive.google.com/uc?id=18LpwO4HzTgYDdFBRjAl236p5-KRCFDt5,105.00 PLN,,,no,,,alumineu,,google_product_category: 7112,https://drive.google.com/uc?id=1SAiruBfQBhaOlE3Uo89kwjzTMS7sfk4W,new,,surowy,aluminowy,,,,,,,,,,,,,curtina_x408,100
LhsJi728gSt1-qEKriOWU2,Profil CURTINA X409,Patentowany profil CONTURA x601® ścienny konturowy do sufitów napinanych z harpunowym systemem mocowania płótna. Z półką na taśmę led do oświetlenia w dół przez płótno. Obwód profilu jest zamknięty wkładką ścienną.,in_stock,,,https://alumineu.pl/produkty/profile-harpunowe/karniszowe/curtina-x409,,https://drive.google.com/uc?id=1hdn6NzAT8UOAZSgOtQaFHdpX5EIT4TK9,135.00 PLN,,,no,,,alumineu,,google_product_category: 7112,https://drive.google.com/uc?id=1WLU_u1deSGTzd_jh7DtG0pq_itn5rCXT,new,,surowy,aluminowy,,,,,,,,,,,,,curtina_x409,100
JLVFDRdrgtcM9IORQDzXv0,Profil CURTINA X410,Patentowany profil STRATOS x701® do dwupoziomowych sufitów napinanych z harpunowym systemem mocowania płótna. Bez podświetlenia.,in_stock,,,https://alumineu.pl/produkty/profile-harpunowe/karniszowe/curtina-x410,,https://drive.google.com/uc?id=1_92Unwhsk3kul7mXQAuK9ttw0BNJ9H6P,120.00 PLN,,,no,,,alumineu,,google_product_category: 7112,https://drive.google.com/uc?id=114zNW95Wgu-EYdEpvW9bZgS4mtqrgLRD,new,,biały mat,aluminowy,,,,,,,,,,,,,curtina_x410,100
KmK1hPPBihH4KDyWNRaPo0,Profil CURTINA X411,Patentowany profil STRATOS x702® do dwupoziomowych sufitów napinanych z harpunowym systemem mocowania płótna. Z półką na taśmę led i osłoną.,in_stock,,,https://alumineu.pl/produkty/profile-harpunowe/karniszowe/curtina-x411,,https://drive.google.com/uc?id=1yGfawmz30ZCp5vU-4yY4nAB1bCAIPNLu,170.00 PLN,,,no,,,alumineu,,google_product_category: 7112,https://drive.google.com/uc?id=1buVKaDHlclpLqBkOQyvRc6B7JbcSJwlA,new,,biały mat,aluminowy,,,,,,,,,,,,,curtina_x411,100
uOmKNKiKhPZzh4UNscvrM3,Profil CONTURA X601,"Patentowany profil STRATOS x703® do sufitów napinanych z harpunowym systemem mocowania płótna. Do wykonywania konstrukcji, wnęк, obejścia skomplikowanych ścian. Z półką na taśmę led.",in_stock,,,https://alumineu.pl/produkty/profile-harpunowe/konturowe/contura-x601,,https://drive.google.com/uc?id=1E2i-qoXQjDZL7JL90mhAQqUMvfNarKpg,8.00 PLN,,,no,,,alumineu,,google_product_category: 7112,"https://drive.google.com/uc?id=1Uai6Kvin25Li0RBtQGn85UgwI3PEhKUz, https://drive.google.com/uc?id=1N9x5k0-dddkZMTVGCkmK56924q0woVsP, https://drive.google.com/uc?id=16TtxyoGYPWZtLV8I3uCqjZJCwtZs3nG_",new,,surowy,aluminowy,,,,,,,,,,,,,contura_x601,100
mCMAr4yQhDaPX-LNJ5RD73,Profil STRATOS X701,"Patentowany profil STRATOS x704® do sufitów napinanych z harpunowym systemem mocowania płótna. Do wykonywania konstrukcji, wnęк.",in_stock,,,https://alumineu.pl/produkty/profile-harpunowe/dwupoziomowe/stratos-x701,,https://drive.google.com/uc?id=1J0UhMZWo5rCh9DsEc3XTy_d1HEVWU9wx,28.00 PLN,,,no,,,alumineu,,google_product_category: 7112,"https://drive.google.com/uc?id=11jbAnupZdMQshUJvTlkEuf0s1wApQjCs, https://drive.google.com/uc?id=1pdWmsihIV6-TV-rbSUE1PNca97iAHer-",new,,surowy,aluminowy,,,,,,,,,,,,,stratos_x701,100
A8KXwZGog4GTrG3uTcqe72,Profil STRATOS X702,"Patentowany profil STRATOS x704® do sufitów napinanych z harpunowym systemem mocowania płótna. Do wykonywania konstrukcji, wnęк.",in_stock,,,https://alumineu.pl/produkty/profile-harpunowe/dwupoziomowe/stratos-x702,,https://drive.google.com/uc?id=1iT33BMATNExzmWxtF8wAezUvhGlsmKJx,28.00 PLN,,,no,,,alumineu,,google_product_category: 7112,"https://drive.google.com/uc?id=1dfMpbX0zDZxOLGic6aMwT89mhE_CMpvg, https://drive.google.com/uc?id=1jIDeVvkbqCwk5QD8nDN6CQ_-PL1mKNXe",new,,surowy,aluminowy,,,,,,,,,,,,,stratos_x702,100
9DTMhoqug8m-s5umlvoUH2,Profil STRATOS X703,Patentowany profil INVISIA x205® ścienny dystansowy do sufitów napinanych z harpunowym systemem mocowania płótna.,in_stock,,,https://alumineu.pl/produkty/profile-harpunowe/dwupoziomowe/stratos-x703,,https://drive.google.com/uc?id=1m79DF684cJJpH5wAJ0uelkOShshTdoK_,20.00 PLN,,,no,,,alumineu,,google_product_category: 7112,"https://drive.google.com/uc?id=1QHGL4HPpYp44nBYDsL9TYSWI3tg7uP7T, https://drive.google.com/uc?id=1je9yHqZnhxk_C-CNcrewWBp1DHZahd5l, https://drive.google.com/uc?id=1HwS4t9NsiRawRnOCR2yx-qiqjDqZReds",new,,surowy,aluminowy,,,,,,,,,,,,,stratos_x703,100
5rGDU6PghnaCaAB4hbK363,Profil STRATOS X704,Patentowany profil BANDURA x801® do mocowania krzywoliniowych konstrukcji. Do łączenia profili ze sobą.,in_stock,,,https://alumineu.pl/produkty/profile-harpunowy/dwupoziomowe/stratos-x704?editionuid=226755699832,,https://drive.google.com/uc?id=11GKnPZ3w_rPajDqtdDrF5Ki-gtI2FwAw,24.00 PLN,,,no,,,alumineu,,google_product_category: 7112,"https://drive.google.com/uc?id=1S_pwcNmdPiJx5XkAkT-wWm8VM0aPeDfh, https://drive.google.com/uc?id=17NTWw1vQ6vaxq0Wj4W9ZFNTc434PcI1B, https://drive.google.com/uc?id=1KikebZM-yKGqkKOUimzpbQ6boO4ufpEd",new,,czarny mat,aluminowy,,,,,,,,,,,,,stratos_x704,100
TTCe8rd4gfNWGALqZZ6XQ1,Profil STRATOS X704,Patentowany profil LUMNOVA z008® do tworzenia linii świetlnych w sufitach napinanych z tkaniny.,in_stock,,,https://alumineu.pl/produkty/profile-harpunowy/dwupoziomowe/stratos-x704?editionuid=324744800482,,https://drive.google.com/uc?id=11GKnPZ3w_rPajDqtdDrF5Ki-gtI2FwAw,24.00 PLN,,,no,,,alumineu,,google_product_category: 7112,"https://drive.google.com/uc?id=1S_pwcNmdPiJx5XkAkT-wWm8VM0aPeDfh, https://drive.google.com/uc?id=17NTWw1vQ6vaxq0Wj4W9ZFNTc434PcI1B, https://drive.google.com/uc?id=1KikebZM-yKGqkKOUimzpbQ6boO4ufpEd",new,,biały mat,aluminowy,,,,,,,,,,,,,stratos_x704,100
lFPD6yXiiis-LJnoPBaa91,Profil INVISIA X205,Patentowany profil TISSURE z401® z jednym rowkiem do wieszania zasłон i kurtyн w sufitах napinanych z tkaniny.,in_stock,,,https://alumineu.pl/produkty/profile-harpunowe/dystansowe/invisia-x205?editionuid=930494652722,,https://drive.google.com/uc?id=1XSZu6MfIKTW_OBeNgw-mAR4Pj4fxVNK3,12.00 PLN,,,no,,,alumineu,,google_product_category: 7112,"https://drive.google.com/uc?id=18xfKHyviISwnbcQ2kHKrPlI2Mc5pHQqX, https://drive.google.com/uc?id=1UBoYh8ZgDflzTx4uLeHWuq5c3gGZ2AK1, https://drive.google.com/uc?id=1f5tP8WFaO6ygvx8wWFvTCSUbs6e_X0XD",new,,czarny mat,aluminowy,,,,,,,,,,,,,invisia_x205,100
Ld9AkcuQi0qA19EQUN-hA0,Profil BANDURA X801,Patentowany profil TISSURE z401® z jednym rowkiem do wieszania zasłон i kurtyн w sufitах napinanych z tkaniny.,in_stock,,,https://alumineu.pl/produkty/profile-harpunowe/inne/bandura-x801?editionuid=828448694242,,https://drive.google.com/uc?id=1n8F8-iJLLf1ujyfgjc-ldxYgTGQVHVcD,3.20 PLN,,,no,,,alumineu,,google_product_category: 7112,"https://drive.google.com/uc?id=1UE3YRgfKOivR2coigGR3YWzk9Ewcjmjw, https://drive.google.com/uc?id=1YHZGSTMqT_Nhv1-jFZXa8MsSL7NCylAv",new,,surowy,aluminowy,,,,,,,,,,,,,bandura_x801,100
eSviEBM8guhlvQefni07r1,Profil LUMNOVA Z008,Patentowany profil TISSURE z405® do wykonania ukrytych wnęк karniszowych z dwoma rowkami do wieszania zasłон i firan w sufitах napinanych z tkaniny podświetlany.,in_stock,,,https://alumineu.pl/produkty/profile-klipsowe/swietlne/lumnova-z008?editionuid=243760267412,,https://drive.google.com/uc?id=1WskL82GQFgS4bpEq-4TOpiKPfomkwR9I,80.00 PLN,,,no,,,alumineu,,google_product_category: 7112,https://drive.google.com/uc?id=1qGiUxfgAPuXIkKkV6xLV7mM7yHwhDQRD,new,,czarny mat,aluminowy,,,,,,,,,,,,,lumnova_z008,100
1BcJh8vVg8aapGEcAUDrg1,Profil TISSURE Z401,Patentowany profil TISSURE z405® do wykonania ukrytych wnęк karniszowych z dwoma rowkami do wieszania zasłон i firan w sufitах napinanych z tkaniny podświetlany.,in_stock,,,https://alumineu.pl/produkty/profile-klipsowe/karniszowe/tissure-z401?editionuid=172769532402,,https://drive.google.com/uc?id=1lz2GWhT8yjYwHm62yHQhRUnFJ_4-ZoJB,100.00 PLN,,,no,,,alumineu,,google_product_category: 7112,https://drive.google.com/uc?id=1JDRh7u_t4rrm2C4ewXjq7pAanXMDjvIx,new,,biały mat,długość 2000 mm,,,,,,,,,,,,,tissure_z401,100
hymJQJJTjY-YeQVF1giqT1,Profil TISSURE Z401,Patentowany profil VOLTIVA z501® do sufitów napinanych z tkaniny. W profil VOLTIVA z501® montuje się oświetlenie szynowe.,in_stock,,,https://alumineu.pl/produkty/profile-klipsowe/karniszowe/tissure-z401?editionuid=202776240732,,https://drive.google.com/uc?id=1lz2GWhT8yjYwHm62yHQhRUnFJ_4-ZoJB,100.00 PLN,,,no,,,alumineu,,google_product_category: 7112,https://drive.google.com/uc?id=1JDRh7u_t4rrm2C4ewXjq7pAanXMDjvIx,new,,czarny mat,długość 2000 mm,,,,,,,,,,,,,tissure_z401,100
ASFuUxWDgOBWCHN5ODymF1,Profil TISSURE Z405,Patentowany profil UNITEXA z701® do wykonywania wnęк sufitowych i opraw oświetleniowych w sufitах napinanych z tkaniny.,in_stock,,,https://alumineu.pl/produkty/profile-klipsowe/karniszowe/tissure-z405?editionuid=907892131702,,https://drive.google.com/uc?id=1eDAuBDNTc9u2cMbbdKPzPTs_pwybBtIp,280.00 PLN,,,no,,,alumineu,,google_product_category: 7112,https://drive.google.com/uc?id=12TPzBBDpvER1Ee7-9P993qxGkLpg4pSa,new,,czarny mat,długość 3200 mm,,,,,,,,,,,,,tissure_z405,100
Zroo3n3djONt0OopEffYs1,Profil TISSURE Z405,Patentowany profil UNITEXA z701® do wykonywania wnęк sufitowych i opraw oświetleniowych w sufitах napinanych z tkaniny.,in_stock,,,https://alumineu.pl/produkty/profile-klipsowe/karniszowe/tissure-z405?editionuid=427322588352,,https://drive.google.com/uc?id=1eDAuBDNTc9u2cMbbdKPzPTs_pwybBtIp,280.00 PLN,,,no,,,alumineu,,google_product_category: 7112,https://drive.google.com/uc?id=12TPzBBDpvER1Ee7-9P993qxGkLpg4pSa,new,,biały mat,długość 3200 mm,,,,,,,,,,,,,tissure_z405,100
0WyuTzYWjCQp6Fj0LuztH0,Profil VOLTIVA Z501,Patentowany profil voltiva z501® do sufitów napinanych z tkaniny. W profil voltiva z501® montuje się oświetlenie szynowe.,in_stock,,,https://alumineu.pl/produkty/profile-klipsowe/szynowe/voltiva-z501?editionuid=263103690522,,https://drive.google.com/uc?id=1i7Z472NdWOohxGVyNz-7vMKLr1TwUBpI,120.00 PLN,,,no,,,alumineu,,google_product_category: 7112,https://drive.google.com/uc?id=1Bw406T2tPlLvLHEKSZHFK_BmPdrrgMoV,new,,czarny mat,aluminowy,,,,,,,,,,,,,voltiva_z501,100
zSQvbSNEiHa6S1KQEwaCY2,Profil UNITEXA Z701,Patentowany profil unitexa z701® do wykonywania wnęk sufitowych i opraw oświetleniowych w sufitach napinanych z tkaniny.,in_stock,,,https://alumineu.pl/produkty/profile-klipsowe/dwupoziomowe/unitexa-z701?editionuid=623092361922,,https://drive.google.com/uc?id=1Rv4nYvIfHUXeoN0YfoMHkH9KfrfJHhDe,54.00 PLN,,,no,,,alumineu,,google_product_category: 7112,,new,,czarny mat,aluminowy,,,,,,,,,,,,,unitexa_z701,100
SQKcK9vigikWY0Agh6ZSX0,Profil UNITEXA Z701,Patentowany profil unitexa z701® do wykonywania wnęk sufitowych i opraw oświetleniowych w sufitach napinanych z tkaniny.,in_stock,,,https://alumineu.pl/produkty/profile-klipsowe/dwupoziomowe/unitexa-z701?editionuid=929118351672,,https://drive.google.com/uc?id=1Rv4nYvIfHUXeoN0YfoMHkH9KfrfJHhDe,54.00 PLN,,,no,,,alumineu,,google_product_category: 7112,,new,,biały mat,aluminowy,,,,,,,,,,,,,unitexa_z701,100
5A33vrjxg2INi6FdYvYHV1,Osłona INSERTA Y008,"Wkładka do ukrycia rowka na harpun do profili CURTINA x405, STRATOS x701, STRATOS x704.",in_stock,,,https://alumineu.pl/produkty/akcesoria/oslony/inserta-y008?editionuid=544791563252,,https://drive.google.com/uc?id=1FXpOnQX5abrg_5VqOUkqbNdE8Iiv0CCV,2.00 PLN,,,no,,,alumineu,,google_product_category: 7112,https://drive.google.com/uc?id=1VBfVypSVQdSZAOdNKUfOk6TWz4apJ9-9,new,,mleczny,polichlorek winylu - otw.,,,,,,,,,,,,,inserta_y008,100
Zm1YLzGFjDyJzl5BQ2AZK2,Osłona INSERTA Y008,"Wkładka do ukrycia rowka na harpun do profili CURTINA x405, STRATOS x701, STRATOS x704.",in_stock,,,https://alumineu.pl/produkty/akcesoria/oslony/inserta-y008?editionuid=530940509082,,https://drive.google.com/uc?id=1FXpOnQX5abrg_5VqOUkqbNdE8Iiv0CCV,2.00 PLN,,,no,,,alumineu,,google_product_category: 7112,https://drive.google.com/uc?id=1VBfVypSVQdSZAOdNKUfOk6TWz4apJ9-9,new,,czarny,polichlorek winylu - otw.,,,,,,,,,,,,,inserta_y008,100
jWf3YVZMj28oz3Vn9Ruwa1,Osłona INSERTA Y015,"Wkładka rozpraszająca światło do profili LIGHTRA x015, CURTINA x405, STRATOS x702.",in_stock,,,https://alumineu.pl/produkty/akcesoria/oslony/inserta-y015?editionuid=657090068192,,https://drive.google.com/uc?id=1PHFrcZniFShuBiT4F_JAOUVYDWxDbdr8,3.20 PLN,,,no,,,alumineu,,google_product_category: 7112,https://drive.google.com/uc?id=1ASsbKkOhxsqvuRhQTlkuEnQFv_1geFz2,new,,mleczny,polichlorek winylu,,,,,,,,,,,,,inserta_y015,100
CWpGaKdlgRQIwS9TWZI6n0,Osłona INSERTA Y015 F,"Wkładka rozpraszająca światło do profili FLOATIA x302, FLOATIA x303.",in_stock,,,https://alumineu.pl/produkty/akcesoria/oslony/inserta-y015-f?editionuid=205632574742,,https://drive.google.com/uc?id=1pzLYMqSahEsxGXKLZuaq-wrBoLPOuoBw,6.00 PLN,,,no,,,alumineu,,google_product_category: 7112,https://drive.google.com/uc?id=1ASsbKkOhxsqvuRhQTlkuEnQFv_1geFz2,new,,mleczny,polichlorek winylu,,,,,,,,,,,,,inserta_y015_f,100
MP9kMK6mg9LT--ZPdvSbb1,Osłona INSERTA Y030,Wkładka rozpraszająca światło do profili LIGHTRA x030.,in_stock,,,https://alumineu.pl/produkty/akcesoria/oslony/inserta-y030?editionuid=167761625542,,https://drive.google.com/uc?id=18rx0tavuO01T4pI_hgJUzybiLe812hu1,6.00 PLN,,,no,,,alumineu,,google_product_category: 7112,,new,,mleczny,polichlorek winylu,,,,,,,,,,,,,inserta_y030,100
I8dRSyr4j1PDRW6-je8T00,Klosz DIFFUSY Y108,Listwa rozpraszająca światło do profili LUMNOVA z008.,in_stock,,,https://alumineu.pl/produkty/akcesoria/klosze/diffusy-y108?editionuid=655197739742,,https://drive.google.com/uc?id=1e33MrXNwoycKgUmkaqoaiODCoKCmxjv6,30.00 PLN,,,no,,,alumineu,,google_product_category: 7112,,new,,mleczny,poliwęglan,,,,,,,,,,,,,diffusy_y108,100
SVjKGGnNhIO8Ovbe-z0yF3,Klosz DIFFUSY Y114,"Listwa rozpraszająca światło do profili LIGHTRA x015, CURTINA x405, STRATOS x702.",in_stock,,,https://alumineu.pl/produkty/akcesoria/klosze/diffusy-y114?editionuid=603162593602,,https://drive.google.com/uc?id=1wEIpr7JPoOyfmOugP5YT5R-cc7U2wRGc,6.00 PLN,,,no,,,alumineu,,google_product_category: 7112,https://drive.google.com/uc?id=10kpvKhzUh4pwJTwFLuolfHgmMHF7Cro1,new,,mleczny,poliwęglan,,,,,,,,,,,,,diffusy_y114,100
5ET97eXngrRKDRbIJ4YhN2,Klosz DIFFUSY Y130,"Listwa rozpraszająca światło do profili LIGHTRA x030, LIGHTRA x030 s.",in_stock,,,https://alumineu.pl/produkty/akcesoria/klosze/diffusy-y130?editionuid=799634883332,,https://drive.google.com/uc?id=1J3ysWY5lYN6f-NcLpeBGRZkLAad7KNow,8.00 PLN,,,no,,,alumineu,,google_product_category: 7112,,new,,mleczny,poliwęglan,,,,,,,,,,,,,diffusy_y130,100
yfcIPkXYi7hGeHi9sRjg51,Klosz DIFFUSY Y130 B,"Listwa rozpraszająca światło do profili LIGHTRA x030, LIGHTRA x030 s.",in_stock,,,https://alumineu.pl/produkty/akcesoria/klosze/diffusy-y130?editionuid=427448362392,,https://drive.google.com/uc?id=1f6MeH2IkpGEMoXIGAq2QXkbLUlHXrxE_,10.00 PLN,,,no,,,alumineu,,google_product_category: 7112,,new,,czarny,poliwęglan,,,,,,,,,,,,,diffusy_y130,100
OKOeFss5i43IMv6ZjYcRM3,Klosz DIFFUSY Y134,Osłona rozdzielająca DIFFUSY y134 do profili CURTINA x407.,in_stock,,,https://alumineu.pl/produkty/akcesoria/klosze/diffusy-y134?editionuid=796975875442,,https://drive.google.com/uc?id=1P0udDDFi0mDzbWvsZEL0qVB58xQQs4GL,10.00 PLN,,,no,,,alumineu,,google_product_category: 7112,,new,,mleczny,poliwęglan,,,,,,,,,,,,,diffusy_y134,100
Z0jQpgcsgfNvDPq3zycpi1,Klosz DIFFUSY Y150,"Osłona rozdzielająca INSERTA y008 do profili CURTINA x405, STRATOS x701, STRATOS x704",in_stock,,,https://alumineu.pl/produkty/akcesoria/klosze/diffusy-y150?editionuid=333939180002,,https://drive.google.com/uc?id=1gg5YxZ9aXiAyVg2oi7Cpq4lfo0CBZ294,12.00 PLN,,,no,,,alumineu,,google_product_category: 7112,,new,,mleczny,poliwęglan,,,,,,,,,,,,,diffusy_y150,100
h5ANH4hyhaQ0ahlbaV9nf3,Zaślepka ENDCAPP Y201,Zaślepka do odcięcia granicy linii świetlnej dla profilu LIGHTRA x015.,in_stock,,,https://alumineu.pl/produkty/akcesoria/zaslepki/endcapp-y201?editionuid=239277149292,,https://drive.google.com/uc?id=1Q73iAMYECD3giQhu6BB_CHZGzXb2N8cS,4.00 PLN,,,no,,,alumineu,,google_product_category: 7112,,new,,czarny połysk,X015,,,,,,,,,,,,,endcapp_y201,100
9wJD0JkkglPzVeK5rRpif0,Zaślepka ENDCAPP Y202,Zaślepka do odcięcia granicy linii świetlnej dla profilu LIGHTRA x030.,in_stock,,,https://alumineu.pl/produkty/akcesoria/zaslepki/endcapp-y202?editionuid=698448881602,,https://drive.google.com/uc?id=1tKnInNOPa7OuzEOGG_VAvmGY6UtW99iZ,4.00 PLN,,,no,,,alumineu,,google_product_category: 7112,,new,,czarny połysk,X030,,,,,,,,,,,,,endcapp_y202,100
gjxLSmpZiFX6ORefsKjSS1,Zaślepka ENDCAPP Y203,Zaślepka do odcięcia granicy linii świetlnej dla profilu LIGHTRA x050.,in_stock,,,https://alumineu.pl/produkty/akcesoria/zaslepki/endcapp-y203?editionuid=136351521022,,https://drive.google.com/uc?id=1IyF0I9dsHV4dCw8zplFrzIjnybXfOdNu,4.00 PLN,,,no,,,alumineu,,google_product_category: 7112,,new,,czarny połysk,X050,,,,,,,,,,,,,endcapp_y203,100
mY3nP58iiQbbhe6E8ifuq2,Zaślepka ENDCAPP Y204,Zaślepka do odcięcia granicy linii świetlnej dla profilu LIGHTRA x030 s.,in_stock,,,https://alumineu.pl/produkty/akcesoria/zaslepki/endcapp-y204?editionuid=904018718232,,https://drive.google.com/uc?id=172RR37AVzhqnPJrJOtUpyswxRZgaI5m6,4.00 PLN,,,no,,,alumineu,,google_product_category: 7112,,new,,czarny połysk,X030 s,,,,,,,,,,,,,endcapp_y204,100
s3hlPBkThtLs9b-VgS5-72,Zaślepka ENDCAPP Y205,Zaślepka do profilu CURTINA x405,in_stock,,,https://alumineu.pl/produkty/akcesoria/zaslepki/endcapp-y205?editionuid=692395679122,,https://drive.google.com/uc?id=1JEG8agzqBrUFf6IQWigoBefGLNXrDRYy,20.00 PLN,,,no,,,alumineu,,google_product_category: 7112,,new,,czarny mat,X405,,,,,,,,,,,,,endcapp_y205,100
0tjwIdlUikOX0Ujz8iz0g0,Zaślepka ENDCAPP Y205,Zaślepka do profilu CURTINA x405,in_stock,,,https://alumineu.pl/produkty/akcesoria/zaslepki/endcapp-y205?editionuid=472351853372,,https://drive.google.com/uc?id=1JEG8agzqBrUFf6IQWigoBefGLNXrDRYy,20.00 PLN,,,no,,,alumineu,,google_product_category: 7112,,new,,biały mat,X405,,,,,,,,,,,,,endcapp_y205,100
qbmrWdNBhQrZ9Ppq1rO-N2,Zaślepka ENDCAPP Y206,Zaślepka do profilu CURTINA x406.,in_stock,,,https://alumineu.pl/produkty/akcesoria/zaslepki/endcapp-y206?editionuid=430276725522,,https://drive.google.com/uc?id=1caduJYUiOgf7gWdr4E_kz7hsdewGSFRe,8.00 PLN,,,no,,,alumineu,,google_product_category: 7112,,new,,czarny mat,X406,,,,,,,,,,,,,endcapp_y206,100
tPFY8g6HhI3goBhXwFAdR2,Zaślepka ENDCAPP Y206,Zaślepka do profilu CURTINA x406.,in_stock,,,https://alumineu.pl/produkty/akcesoria/zaslepki/endcapp-y206?editionuid=210946065632,,https://drive.google.com/uc?id=1caduJYUiOgf7gWdr4E_kz7hsdewGSFRe,8.00 PLN,,,no,,,alumineu,,google_product_category: 7112,,new,,biały mat,X406,,,,,,,,,,,,,endcapp_y206,100
cLEZP2Ssga1osq6fjuzBl3,Zaślepka ENDCAPP Y207,Zaślepka do profilu INVISIA x207.,in_stock,,,https://alumineu.pl/tproduct/985794228902-zalepka-endcapp-y207?editionuid=506981488432,,https://drive.google.com/uc?id=17rtxuiSJZ7_giEE45IIUHrZT3k5zmAjT,8.00 PLN,,,no,,,alumineu,,google_product_category: 7112,,new,,czarny mat,X207,,,,,,,,,,,,,endcapp_y207,100
zk72JAY9i0ugmwAbZomQB0,Zaślepka ENDCAPP Y208,Zaślepka do profilu CURTINA x405 m.,in_stock,,,https://alumineu.pl/produkty/akcesoria/zaslepki/endcapp-y208?editionuid=196558300814,,https://drive.google.com/uc?id=1MeoQo-WDUh9lQKlPWoOukQ7vlKkbuxG8,20.00 PLN,,,no,,,alumineu,,google_product_category: 7112,,new,,biały mat,X405 m,,,,,,,,,,,,,endcapp_y208,100
cs1iWyovjnR0O5ccF07Z40,Zaślepka ENDCAPP Y208,Zaślepka do profilu CURTINA x405 m.,in_stock,,,https://alumineu.pl/produkty/akcesoria/zaslepki/endcapp-y208?editionuid=464425536372,,https://drive.google.com/uc?id=1MeoQo-WDUh9lQKlPWoOukQ7vlKkbuxG8,20.00 PLN,,,no,,,alumineu,,google_product_category: 7112,,new,,czarny mat,X405 m,,,,,,,,,,,,,endcapp_y208,100
caaW9qg3jIDvmqBhtmo3R3,Zaślepka ENDCAPP Y209,Zaślepka do profilu LUMNOVA z008.,in_stock,,,https://alumineu.pl/produkty/akcesoria/zaslepki/endcapp-y209?editionuid=311058650552,,https://drive.google.com/uc?id=1eOUkW2RhGOC4TfIUl4jIChWriSjDXv5l,50.00 PLN,,,no,,,alumineu,,google_product_category: 7112,,new,,czarny mat,Z008,,,,,,,,,,,,,endcapp_y209,100
XfbpuCp4jKYvNsRl05mSV0,Zaślepka ENDCAPP Y210,Zaślepka do profilu TISSURE z401,in_stock,,,https://alumineu.pl/produkty/akcesoria/zaslepki/endcapp-y210?editionuid=613183057964,,https://drive.google.com/uc?id=18sjFFGWHbfRQY-DndE7esGLIsXo-Kpgr,55.00 PLN,,,no,,,alumineu,,google_product_category: 7112,,new,,biały mat,Z401,,,,,,,,,,,,,endcapp_y210,100
Ue5JxBS6h-xDmc-T5sYN21,Zaślepka ENDCAPP Y210,Zaślepka do profilu TISSURE z401,in_stock,,,https://alumineu.pl/produkty/akcesoria/zaslepki/endcapp-y210?editionuid=219018388202,,https://drive.google.com/uc?id=18sjFFGWHbfRQY-DndE7esGLIsXo-Kpgr,55.00 PLN,,,no,,,alumineu,,google_product_category: 7112,,new,,czarny mat,Z401,,,,,,,,,,,,,endcapp_y210,100
w7Y6MOgigz2Y0sizhfBYt3,Zaślepka ENDCAPP Y211,Zaślepka do profilu TISSURE z405.,in_stock,,,https://alumineu.pl/produkty/akcesoria/zaslepki/endcapp-y211?editionuid=307696129154,,https://drive.google.com/uc?id=1oYciPi1rXQoACXRykgKy8ACkjmZnEN88,105.00 PLN,,,no,,,alumineu,,google_product_category: 7112,,new,,biały mat,Z405,,,,,,,,,,,,,endcapp_y211,100
B-1IK5jxibF9dkLSg6OE11,Zaślepka ENDCAPP Y211,Zaślepka do profilu TISSURE z405.,in_stock,,,https://alumineu.pl/produkty/akcesoria/zaslepki/endcapp-y211?editionuid=472115101252,,https://drive.google.com/uc?id=1oYciPi1rXQoACXRykgKy8ACkjmZnEN88,105.00 PLN,,,no,,,alumineu,,google_product_category: 7112,,new,,czarny mat,Z405,,,,,,,,,,,,,endcapp_y211,100
Y7HL3H--ifpDooOZXnkT61,Zaślepka ENDCAPP Y212,Zaślepka do profilu VOLTIVA z501.,in_stock,,,https://alumineu.pl/produkty/akcesoria/zaslepki/endcapp-y212?editionuid=267370168402,,https://drive.google.com/uc?id=12F324lUSdpQHxYgOhtApbx6fD4sG2TLG,85.00 PLN,,,no,,,alumineu,,google_product_category: 7112,,new,,czarny mat,Z501,,,,,,,,,,,,,endcapp_y212,100
TssncDOBgvi587XAXxOMF2,Klips LOCKIUM Y301,Klips LOCKIUM y301 do mocowania folii sufitowej w profilach klipsowych.,in_stock,,,https://alumineu.pl/produkty/akcesoria/klipsy/lockium-y301?editionuid=679182061942,,https://drive.google.com/uc?id=1EnWGtXeJoNTW8RpTBczIIfuy42O7G2Wt,6.00 PLN,,,no,,,alumineu,,google_product_category: 7112,,new,,biały,-,,,,,,,,,,,,,lockium_y301,100
5Iae0Kl7jHu3J80n7k6Nu3,Uchwyt ANGLOVA Y401,Uchwyt do mocowania profilu do sufitu.,in_stock,,,https://alumineu.pl/produkty/akcesoria/uchwyty/anglova-y401?editionuid=278394663382,,https://drive.google.com/uc?id=12MYhpRVVWY_8BjpDbgz3uWkw4oASlxER,1.60 PLN,,,no,,,alumineu,,google_product_category: 7112,https://drive.google.com/uc?id=12oM2Uf8ge0GHoi0KL4CtZC95nD8gpaJ1,new,,surowy,stal ocynkowana,,,,,,,,,,,,,anglova_y401,100
68OGLVL0i2Yh2ygfi-iJ00,Łącznik prosty JOINTEK Y603,"Łącznik prosty JOINTEK y603, zestaw do bezpośredniego łączenia profili.",in_stock,,,https://alumineu.pl/produkty/akcesoria/laczniki/jointek-y603,,https://drive.google.com/uc?id=1-XRLp4bItQuSlxMHRjRG4EP63NwM6rnZ,20.00 PLN,,,no,,,alumineu,,google_product_category: 7112,,new,,-,Z701,,,,,,,,,,,,,jointek_y603,100
BxeEFynvjXZ-sYop6JbwX1,Łącznik kątowy JOINTEK Y604,"Łącznik kątowy JOINTEK y604, zestaw do bezpośredniego łączenia profili.",in_stock,,,https://alumineu.pl/produkty/akcesoria/laczniki/jointek-y604,,https://drive.google.com/uc?id=1AAsjaz7krPYa4VMGATNLvdQWow22_DgE,20.00 PLN,,,no,,,alumineu,,google_product_category: 7112,,new,,-,Z701,,,,,,,,,,,,,jointek_y604,100
3MLLHH2IjgqO47skfI06r2,Łącznik prosty JOINTEK Y605,"Łącznik prosty JOINTEK y605, zestaw do bezpośredniego łączenia profili.",in_stock,,,https://alumineu.pl/produkty/akcesoria/laczniki/jointek-y605,,https://drive.google.com/uc?id=1GSWXrNah6tiMp_AJTwrXQPpRJjHAQtOW,40.00 PLN,,,no,,,alumineu,,google_product_category: 7112,,new,,-,Z501,,,,,,,,,,,,,jointek_y605,100
PQjsDtuygZ8U2CBSD-yFM3,Łącznik kątowy JOINTEK Y606,"Łącznik kątowy JOINTEK y606, zestaw do bezpośredniego łączenia profili.",in_stock,,,https://alumineu.pl/produkty/akcesoria/laczniki/jointek-y606,,https://drive.google.com/uc?id=1cceZnRZOJSg14NPknlkTLVir2SkNMmux,40.00 PLN,,,no,,,alumineu,,google_product_category: 7112,,new,,-,Z501,,,,,,,,,,,,,jointek_y606,100
mCFJaYpDhGQpcRyrmU8W81,Haczyki HOOKARA Y701,"Haczyki do profili karniszowych alumineu (CURTINA x402, x403, x404, x405, x406, x407, x408, x409, x410, x411)",in_stock,,,https://alumineu.pl/produkty/akcesoria/haczyki/hookara-y701?editionuid=744637319072,,https://drive.google.com/uc?id=14aJVlcsFi2M0EA1W8UpDB_EPYuuQKMVY,16.00 PLN,,,no,,,alumineu,,google_product_category: 7112,https://drive.google.com/uc?id=1Am-KW75AE2T67UZKpkaY_ByuPZmt0ksX,new,,czarny,-,,,,,,,,,,,,,hookara_y701,100
46uEut1Sg0K3ORag6S9WZ0,Haczyki HOOKARA Y701,"Haczyki do profili karniszowych alumineu (CURTINA x402, x403, x404, x405, x406, x407, x408, x409, x410, x411)",in_stock,,,https://alumineu.pl/produkty/akcesoria/haczyki/hookara-y701?editionuid=728119314532,,https://drive.google.com/uc?id=14aJVlcsFi2M0EA1W8UpDB_EPYuuQKMVY,16.00 PLN,,,no,,,alumineu,,google_product_category: 7112,https://drive.google.com/uc?id=1Am-KW75AE2T67UZKpkaY_ByuPZmt0ksX,new,,biały,-,,,,,,,,,,,,,hookara_y701,100
AxdssG3zilcc0nq8IRQCg0,Ślizgi SLIDENE Y702,"Haczyki do profili karniszowych alumineu (CURTINA x402, CURTINA x403, CURTINA x404, CURTINA x405, CURTINA x406, CURTINA x407, CURTINA x408, CURTINA x409, CURTINA x410, CURTINA x411, TISSURE z405).",in_stock,,,https://alumineu.pl/produkty/akcesoria/haczyki/slidene-y702?editionuid=424826987592,,https://drive.google.com/uc?id=1DJInH2qd_K6emk8QMfAWL4DzHtJW8Knm,48.00 PLN,,,no,,,alumineu,,google_product_category: 7112,,new,,biały,-,,,,,,,,,,,,,slidene_y702,100
5AoNq6UdhMzzZcpcgTh5m0,Ślizgi SLIDENE Y703,"Haczyki do profili karniszowych alumineu (CURTINA x405 m, TISSURE z401).",in_stock,,,https://alumineu.pl/produkty/akcesoria/haczyki/slidene-y703?editionuid=990277964372,,https://drive.google.com/uc?id=1PeNwtlwfm5cJoacV0XXL3SEyEPmCRsXh,2.60 PLN,,,no,,,alumineu,,google_product_category: 7112,,new,,biały,-,,,,,,,,,,,,,slidene_y703,100
FJSc0Zp5hm1Mg4SMhSTTh0,Ślizgi SLIDENE Y703,"Haczyki do profili karniszowych alumineu (CURTINA x405 m, TISSURE z401).",in_stock,,,https://alumineu.pl/produkty/akcesoria/haczyki/slidene-y703?editionuid=910211073462,,https://drive.google.com/uc?id=1PeNwtlwfm5cJoacV0XXL3SEyEPmCRsXh,2.60 PLN,,,no,,,alumineu,,google_product_category: 7112,,new,,czarny,-,,,,,,,,,,,,,slidene_y703,100
rTvzIoD8go7VbGrUSWHeb2,Ogranicznik HOOKEND Y704,Ograniczniki do profili karniszowych alumineu.,in_stock,,,https://alumineu.pl/produkty/akcesoria/haczyki/hookend-y704?editionuid=778775009522,,https://drive.google.com/uc?id=1KOGYm0FIWN2OUXMa3cDLMUeQod4JefHK,2.00 PLN,,,no,,,alumineu,,google_product_category: 7112,,new,,czarny,-,,,,,,,,,,,,,hookend_y704,100
ysB7srkLhvaXhUm2B-WED1,Ogranicznik HOOKEND Y704,Ograniczniki do profili karniszowych alumineu.,in_stock,,,https://alumineu.pl/produkty/akcesoria/haczyki/hookend-y704?editionuid=527435460662,,https://drive.google.com/uc?id=1KOGYm0FIWN2OUXMa3cDLMUeQod4JefHK,2.00 PLN,,,no,,,alumineu,,google_product_category: 7112,,new,,biały,-,,,,,,,,,,,,,hookend_y704,100
LAScFxUfgjRWkQO7x3vPO3,Łopatka montażowa SPATULA Y801,Łopatka do wprowadzania harpuna w profil INVISIA x205.,in_stock,,,https://alumineu.pl/produkty/akcesoria/lopatki-montazowe/spatula-y801,,https://drive.google.com/uc?id=1FGKQJOSIrEkrk1ffyUArfkbsInViDd14,89.00 PLN,,,no,,,alumineu,,google_product_category: 7112,,new,,-,X205,,,,,,,,,,,,,spatula_y801,100
yhUnPSjLg-Bdtn9a16e4K1,Łopatka montażowa SPATULA Y802,Łopatka do wprowadzania harpuna w profile bezszczelinowe.,in_stock,,,https://alumineu.pl/produkty/akcesoria/lopatki-montazowe/spatula-y802,,https://drive.google.com/uc?id=13eRGcXbdFbFmWg8Im3odvUVVXV1yU8dQ,89.00 PLN,,,no,,,alumineu,,google_product_category: 7112,,new,,-,CLASSIX,,,,,,,,,,,,,spatula_y802,100
7EuwsAnyhMnvk1iniWvNZ2,Łopatka montażowa SPATULA Y803,Łopatka do wprowadzania harpuna w profile bezszczelinowe.,in_stock,,,https://alumineu.pl/produkty/akcesoria/lopatki-montazowe/spatula-y803,,https://drive.google.com/uc?id=1VwTAQTeysLeCql6DCA6EAiiOOMbTU78X,89.00 PLN,,,no,,,alumineu,,google_product_category: 7112,,new,,-,CLASSIX,,,,,,,,,,,,,spatula_y803,100
R2Byo-ePivRzvVzZ6j3813,Łopatka montażowa SPATULA Y804,"Łopatka z powłoką teflonową do wprowadzania płótna tkaninowego oraz płótna napinanego w profile klipsowe LUMNOVA z008, TISSURE z401, TISSURE z405, VOLTIVA z501, UNITEXA z701, AERROLL.",in_stock,,,https://alumineu.pl/produkty/akcesoria/lopatki-montazowe/spatula-y804,,https://drive.google.com/uc?id=1SH3o2Ncuw72VsskH6D4eE1qqtoidIByv,210.00 PLN,,,no,,,alumineu,,google_product_category: 7112,,new,,-,z powłoką teflonową,,,,,,,,,,,,,spatula_y804,100
zVHat4UNjWloiFXNPDt4r0,Dziurkacz PRASEKA Y805,"Narzędzie do wykonywania otworów owalnych w profilach karniszowych CURTINA x402, CURTINA x403, CURTINA x404, CURTINA x405, CURTINA x406, CURTINA x407, CURTINA x408, CURTINA x409, CURTINA x410, CURTINA x411, TISSURE z405.",in_stock,,,https://alumineu.pl/produkty/akcesoria/lopatki-montazowe/spatula-y805,,https://drive.google.com/uc?id=1rFBFJh3Xq3ZPa9irsAzylZTLOvFdXNs_,260.00 PLN,,,no,,,alumineu,,google_product_category: 7112,,new,,-,zaokrąglony - 15 x 8 mm,,,,,,,,,,,,,praseka_y805,100
yhkL5hiDgxPikbdZZ9Fw-2,Przyrząd STUSLON Y901,Przyrząd alumineu stuslon y901 do przycinania klosza DIFFUSY y130.,in_stock,,,https://alumineu.pl/produkty/akcesoria/przyrzady/stuslon-y901,,https://drive.google.com/uc?id=1xjS6hAypOZ1NEYp3CgNfP_Y1cMDQ0uog,7.05 PLN,,,no,,,alumineu,,google_product_category: 7112,,new,,-,Y130,,,,,,,,,,,,,stuslon_y901,100
Ttlz5AqejNP0X23dgdQNF0,Przyrząd STUSLON Y902,Przyrząd alumineu stuslon y902 do przycinania klosza DIFFUSY y150.,in_stock,,,https://alumineu.pl/produkty/akcesoria/przyrzady/stuslon-y902,,https://drive.google.com/uc?id=1X_UlUDkZSOBHKW4O4uqvbgbV26AfV4hO,8.00 PLN,,,no,,,alumineu,,google_product_category: 7112,,new,,-,Y150,,,,,,,,,,,,,stuslon_y902,100
6BeeaaaDifZDxIxPgfCsB2,Przyrząd STUSLON Y903,Przyrząd alumineu stuslon y903 do przycinania osłony INSERTA y015 f.,in_stock,,,https://alumineu.pl/produkty/akcesoria/przyrzady/stuslon-y903,,https://drive.google.com/uc?id=1Dt5a4ysCtIjKWLr3JMS--i2hzSuVD0K_,7.00 PLN,,,no,,,alumineu,,google_product_category: 7112,,new,,-,Y015 f,,,,,,,,,,,,,stuslon_y903,100
OZHBJ5GwjxX4GRRLp--5I0,Przyrząd STABILE Y904,Przyrząd do przycinania profilu INVISIA x202.,in_stock,,,https://alumineu.pl/tproduct/557962513222-przyrzd-stabile-y904,,https://drive.google.com/uc?id=11LVv-StodcD7ht7SrX2d8kE-jNBlUtBJ,40.00 PLN,,,no,,,alumineu,,google_product_category: 7112,,new,,-,X202,,,,,,,,,,,,,stabile_y904,100
YvBn2CQPjF0bZ9wS2Otu83,Przyrząd STABILE Y905,Przyrząd do przycinania profilu INVISIA x205.,in_stock,,,https://alumineu.pl/tproduct/260642600522-przyrzd-stabile-y905,,https://drive.google.com/uc?id=1wDFKHO-SmD8l01tyQ4WDO73axOCi6BIH,40.00 PLN,,,no,,,alumineu,,google_product_category: 7112,,new,,-,X205,,,,,,,,,,,,,stabile_y905,100
BhYSYrYwjZw4w-mkseFLK1,Przyrząd STABILE Y906,Przyrząd do przycinania profilu FLOATIA x302.,in_stock,,,https://alumineu.pl/tproduct/738713176582-przyrzd-stabile-y906,,https://drive.google.com/uc?id=10ddWAg14n7MROPkWaVUCYc7kYSq2RJSZ,40.00 PLN,,,no,,,alumineu,,google_product_category: 7112,,new,,-,X302,,,,,,,,,,,,,stabile_y906,100
kKSei7ZTjZ4PuyPiq34942,Redukcja wentylacyjna AEROOOM Y911,"Redukcja wentylacyjna do łączenia profili AEROOM, AERROLL z, INVISIA x207 z kanałami powietrznymi.",in_stock,,,https://alumineu.pl/produkty/akcesoria/redukcja-wentylacyjna/aerooom-y911?editionuid=418476966182,,https://drive.google.com/uc?id=10pBu92AE_mwifM9THQNizKk1ikwFnGPu,60.00 PLN,,,no,,,alumineu,,google_product_category: 7112,"https://drive.google.com/uc?id=1-TCJIr40Z_WouNhZWb9H260SvIV9RhI0, https://drive.google.com/uc?id=1lz1B2MIyP3vPWtK4lsvvOa2SL-K5DiZc",new,,-,-,,,,,,,,,,,,,aerooom_y911,100
67Bbx0xngULuV9UzemHTF3,Wentylacja AEROOOM W007,Liniowy szczelinowy dyfuzor do montażu ukrytego alumineu AEROOM w sufit napinany.,in_stock,,,https://alumineu.pl/produkty/wentylacji/nawiewniki-szczelinowe/aerooom?editionuid=663434506042,,https://drive.google.com/uc?id=1vVr6Oy08a_RpeYjshcFZ7B_DnjKapGcN,288.00 PLN,,,no,,,alumineu,,google_product_category: 7112,"https://drive.google.com/uc?id=1-TCJIr40Z_WouNhZWb9H260SvIV9RhI0, https://drive.google.com/uc?id=1lz1B2MIyP3vPWtK4lsvvOa2SL-K5DiZc",new,,czarny mat,długość 700 mm,,,,,,,,,,,,,aerooom,100
jvZowSDbjriTyuZ4gKOP73,Wentylacja AEROOOM W010,Liniowy szczelinowy dyfuzor do montażu ukrytego alumineu AEROOM w sufit napinany.,in_stock,,,https://alumineu.pl/produkty/wentylacji/nawiewniki-szczelinowe/aerooom?editionuid=348613847532,,https://drive.google.com/uc?id=1vVr6Oy08a_RpeYjshcFZ7B_DnjKapGcN,360.00 PLN,,,no,,,alumineu,,google_product_category: 7112,"https://drive.google.com/uc?id=1-TCJIr40Z_WouNhZWb9H260SvIV9RhI0, https://drive.google.com/uc?id=1lz1B2MIyP3vPWtK4lsvvOa2SL-K5DiZc",new,,czarny mat,długość 1000 mm,,,,,,,,,,,,,aerooom,100
QUUROkmnjacZooCUHKa9k1,Wentylacja AEROOOM W014,Liniowy szczelinowy dyfuzor do montażu ukrytego alumineu AEROOM w sufit napinany.,in_stock,,,https://alumineu.pl/produkty/wentylacji/nawiewniki-szczelinowe/aerooom?editionuid=196710851972,,https://drive.google.com/uc?id=1vVr6Oy08a_RpeYjshcFZ7B_DnjKapGcN,400.00 PLN,,,no,,,alumineu,,google_product_category: 7112,"https://drive.google.com/uc?id=1-TCJIr40Z_WouNhZWb9H260SvIV9RhI0, https://drive.google.com/uc?id=1lz1B2MIyP3vPWtK4lsvvOa2SL-K5DiZc",new,,czarny mat,długość 1400 mm,,,,,,,,,,,,,aerooom,100
KKdTYiB5ilH9EwahKpKah0,Wentylacja AERROLL Z007,Liniowy szczelinowy dyfuzor do montażu ukrytego alumineu AERROLL do płótna tekstylnego w sufit napinany.,in_stock,,,https://alumineu.pl/produkty/wentylacja/nawiewniki-szczelinowe/aerroll-z?editionuid=949232860922,,https://drive.google.com/uc?id=1hzcFbHo5b9hZQg_8nmHI9TrXNdJxCsm7,590.00 PLN,,,no,,,alumineu,,google_product_category: 7112,"https://drive.google.com/uc?id=1YVgm1sgIFNHm_HPju16k9zmAnQ9aLNj6, https://drive.google.com/uc?id=1iIbmZ_hCRgqh3Hg4bgUiB2LrW14jSWIF",new,,czarny mat,długość 700 mm,,,,,,,,,,,,,aerroll,100
ARWzP670jnmjJZpK5JsEU1,Wentylacja AERROLL Z010,Liniowy szczelinowy dyfuzor do montażu ukrytego alumineu AERROLL do płótna tekstylnego w sufit napinany.,in_stock,,,https://alumineu.pl/produkty/wentylacja/nawiewniki-szczelinowe/aerroll-z?editionuid=847063302852,,https://drive.google.com/uc?id=1hzcFbHo5b9hZQg_8nmHI9TrXNdJxCsm7,750.00 PLN,,,no,,,alumineu,,google_product_category: 7112,"https://drive.google.com/uc?id=1YVgm1sgIFNHm_HPju16k9zmAnQ9aLNj6, https://drive.google.com/uc?id=1iIbmZ_hCRgqh3Hg4bgUiB2LrW14jSWIF",new,,czarny mat,długość 1000 mm,,,,,,,,,,,,,aerroll,100
xP5AwirJg8GaTPI5ZRvbx2,Wentylacja AERROLL Z014,Liniowy szczelinowy dyfuzor do montażu ukrytego alumineu AERROLL do płótna tekstylnego w sufit napinany.,in_stock,,,https://alumineu.pl/produkty/wentylacja/nawiewniki-szczelinowe/aerroll-z?editionuid=273315715262,,https://drive.google.com/uc?id=1hzcFbHo5b9hZQg_8nmHI9TrXNdJxCsm7,800.00 PLN,,,no,,,alumineu,,google_product_category: 7112,"https://drive.google.com/uc?id=1YVgm1sgIFNHm_HPju16k9zmAnQ9aLNj6, https://drive.google.com/uc?id=1iIbmZ_hCRgqh3Hg4bgUiB2LrW14jSWIF",new,,czarny mat,długość 1400 mm,,,,,,,,,,,,,aerroll,100
Uol4AUi6iIvTMzs54EO9j2,Przepierzenie DECORRA H005,Dekoracyjne aluminiowe przegrody alumineu DECCORA do montażu w suficie napinanym.,in_stock,,,https://alumineu.pl/produkty/home/przepierzenia/decorra?editionuid=183762869242,,https://drive.google.com/uc?id=1dEjrWYMiq37z6vJjejkWn3mhXEJIg0ip,720.00 PLN,,,no,,,alumineu,,google_product_category: 7112,,new,,czarny mat,długość 500 mm,,,,,,,,,,,,,decorra,100
ergHrlZUg2QIND1V8IhSJ2,Przepierzenie DECORRA H005,Dekoracyjne aluminiowe przegrody alumineu DECCORA do montażu w suficie napinanym.,in_stock,,,https://alumineu.pl/produkty/home/przepierzenia/decorra?editionuid=169077060902,,https://drive.google.com/uc?id=1dEjrWYMiq37z6vJjejkWn3mhXEJIg0ip,720.00 PLN,,,no,,,alumineu,,google_product_category: 7112,,new,,biały mat,długość 500 mm,,,,,,,,,,,,,decorra,100
bmi8XCqTjEWJdGyaSuIyc0,Przepierzenie DECORRA H010,Dekoracyjne aluminiowe przegrody alumineu DECCORA do montażu w suficie napinanym.,in_stock,,,https://alumineu.pl/produkty/home/przepierzenia/decorra?editionuid=142180096742,,https://drive.google.com/uc?id=1dEjrWYMiq37z6vJjejkWn3mhXEJIg0ip,1300.00 PLN,,,no,,,alumineu,,google_product_category: 7112,,new,,czarny mat,długość 1000 mm,,,,,,,,,,,,,decorra,100
lp4e5bsYjDqziPV39cnuC2,Przepierzenie DECORRA H010,Dekoracyjne aluminiowe przegrody alumineu DECCORA do montażu w suficie napinanym.,in_stock,,,https://alumineu.pl/produkty/home/przepierzenia/decorra?editionuid=286760936572,,https://drive.google.com/uc?id=1dEjrWYMiq37z6vJjejkWn3mhXEJIg0ip,1300.00 PLN,,,no,,,alumineu,,google_product_category: 7112,,new,,biały mat,długość 1000 mm,,,,,,,,,,,,,decorra,100
Mi1z6scziBgnL27xWxmwT2,Przepierzenie DECORRA H015,Dekoracyjne aluminiowe przegrody alumineu DECCORA do montażu w suficie napinanym.,in_stock,,,https://alumineu.pl/produkty/home/przepierzenia/decorra?editionuid=294756901722,,https://drive.google.com/uc?id=1dEjrWYMiq37z6vJjejkWn3mhXEJIg0ip,1920.00 PLN,,,no,,,alumineu,,google_product_category: 7112,,new,,czarny mat,długość 1500 mm,,,,,,,,,,,,,decorra,100
1DXQpiEKjE3GouFX6fQLj1,Przepierzenie DECORRA H015,Dekoracyjne aluminiowe przegrody alumineu DECCORA do montażu w suficie napinanym.,in_stock,,,https://alumineu.pl/produkty/home/przepierzenia/decorra?editionuid=177168491372,,https://drive.google.com/uc?id=1dEjrWYMiq37z6vJjejkWn3mhXEJIg0ip,1920.00 PLN,,,no,,,alumineu,,google_product_category: 7112,,new,,biały mat,długość 1500 mm,,,,,,,,,,,,,decorra,100
