# Optional ,# Optional | Add labels to products to help filter them into product sets. Max characters: 110 per label; 5000 labels per product,# Optional | Use this field to create variants of the same item. Enter the same group ID for all variants within a group. Learn more about variants: https://www.facebook.com/business/help/2256580051262113 Character limit: 100.,olHJtrUhhLVDB5FN2Is6G0,# Required | A specific and relevant title for the item. See title specifications: https://www.facebook.com/business/help/2104231189874655 Character limit: 200,# Required | A short and relevant description of the item. Include specific or unique product features like material or color. Use plain text and don't enter text in all capital letters. See description specifications: https://www.facebook.com/business/help/2302017289821154 Character limit: 9999,# Optional,# Required | The brand name of the item. Character limit: 100.,# Optional | The size of the item written as a word or abbreviation or number. For example: small; XL; 12. Character limit: 200.,# Optional | The color of the item. Use one or more words to describe the color. Don't use a hex code. Character limit: 200.,# Required | The price of the item. Format the price as a number followed by the 3-letter currency code (ISO 4217 standards). Use a period (.) as the decimal point; don't use a comma.,# Required | The URL of the specific product page where people can buy the item.,# Optional | ,# Required | The current condition of the item. | Supported values: new; used,# Required | The current availability of the item. | Supported values: in stock; out of stock,# Optional | The quantity of this item you have to sell on Facebook and Instagram with checkout. Must be 1 or higher or the item won't be buyable,# Optional | The discounted price of the item if it's on sale. Format the price as a number followed by the 3-letter currency code (ISO 4217 standards). Use a period (.) as the decimal point; don't use a comma. A sale price is required if you want to use an overlay for discounted prices.,# Optional | The time range for your sale period. Includes the date and time/time zone when your sale starts and ends. If this field is blank any items with a sale_price remain on sale until you remove the sale price. Use this format: YYYY-MM-DDT23:59+00:00/YYYY-MM-DDT23:59+00:00. Enter the start date as YYYY-MM-DD. Enter a 'T'. Enter the start time in 24-hour format (00:00 to 23:59) followed by the UTC time zone (-12:00 to +14:00). Enter '/' and then repeat the same format for your end date and time. The example row below uses PST time zone (-08:00).,# Optional | The Google product category for the item. Learn more about product categories: https://www.facebook.com/business/help/526764014610932.,# Optional | The Facebook product category for the item. Learn more about product categories: https://www.facebook.com/business/help/526764014610932.
custom_label_1,product_tags[1],item_group_id,id,title,description,rich_text_description,brand,size,color,price,link,additional_image_link,condition,availability,quantity_to_sell_on_facebook,sale_price,sale_price_effective_date,google_product_category,fb_product_category
,luminoși,lightra_x015,olHJtrUhhLVDB5FN2Is6G0,Profil LIGHTRA X015,Profilul patentat LIGHTRA X015® de separare pentru tavane extensibile cu sistem de fixare tip harpon al pânzei. Pentru utilizare la crearea liniilor de lumină.,,alumineu,Aluminiu,nevopsit,14.46 RON,https://alumineu.ro/produse/profile-cu-harpon/luminosi/lightra-x015?editionuid=935810110972,"https://drive.google.com/uc?id=17iV6kxFVV-6UxRAO6BWNsDD2IXWu1e81, https://drive.google.com/uc?id=1WcJRUsaDNmuIOKetxO_MF4iAAAHK55_V, https://drive.google.com/uc?id=1rihMoOyXkgST-35QSsU7xZQYxd5d18BK",new,in stock,100,,,7112,1457
,luminoși,lightra_x030,Rv6KF1WLiPamjAv2BaZge3,Profil LIGHTRA X030,Profilul patentat LIGHTRA X030® de separare pentru tavane extensibile cu sistem de fixare tip harpon al pânzei. Pentru utilizare la crearea liniilor de lumină.,,alumineu,Aluminiu,nevopsit,19.28 RON,https://alumineu.ro/produse/profile-cu-harpon/luminosi/lightra-x030?editionuid=808560176502,"https://drive.google.com/uc?id=1q7Hts3XHwGIejVqxiVGsKJpdCiQA8pPf, https://drive.google.com/uc?id=1BQBllYQFT0EMogqzRdPczmwCZFWz1Yqy, https://drive.google.com/uc?id=1sfutcwagZ85qrgpibibA0bo1Sy0xKsh3, https://drive.google.com/uc?id=1W78jOKuvbMeYaf-ZkonW14Qzvy6OpXA6",new,in stock,100,,,7112,1457
,luminoși,lightra_x030_s,MzeeWUC0gyE9JJJLbz34v3,Profil LIGHTRA X030 S,Profilul patentat LIGHTRA X030 S® de separare pentru tavane extensibile cu sistem de fixare tip harpon al pânzei. Pentru utilizare la crearea liniilor de lumină.,,alumineu,Aluminiu,nevopsit,16.87 RON,https://alumineu.ro/produse/profile-cu-harpon/luminosi/lightra-x030-s?editionuid=325059620482,"https://drive.google.com/uc?id=15qCEfUTj7bSVVMsuaHMrBqQW7bcq_eZI, https://drive.google.com/uc?id=18Gfax0Zlm0P6c9Qun0v_NDS2JGZ4o8SL, https://drive.google.com/uc?id=1sfutcwagZ85qrgpibibA0bo1Sy0xKsh3, https://drive.google.com/uc?id=1W78jOKuvbMeYaf-ZkonW14Qzvy6OpXA6",new,in stock,100,,,7112,1457
,luminoși,lightra_x050,wDQZybWWgNkn2Zq49zPi30,Profil LIGHTRA X050,"Profilul patentat LIGHTRA X050 de separare pentru tavane extensibile, cu sistem de prindere cu harpon al pânzei pentru tavane extensibile. Utilizat pentru crearea liniilor de lumină.",,alumineu,Aluminiu,nevopsit,21.69 RON,https://alumineu.ro/produse/profile-cu-harpon/luminosi/lightra-x050?editionuid=770514350612,"https://drive.google.com/uc?id=1MqY7Vf5cGaa3CWyf_y_xmKj_wGGcsMoC, https://drive.google.com/uc?id=1Uovd-WdU3rlnadGUDiqU6H81XMolnQCe, https://drive.google.com/uc?id=1KyqcpZd4sXvoMBwm_a6yqP8rNgzGAFL_",new,in stock,100,,,7112,1457
,luminoși,lamplix_x930,63SkQfPpjSYcEKuuMh-YG2,Profil LAMPLIX X930,"Profil universal LAMPLIX X930 pentru realizarea liniilor luminoase și a corpurilor de iluminat aplicate, suspendate și încastrate.",,alumineu,Aluminiu,nevopsit,24.10 RON,https://alumineu.ro/produse/profile-cu-harpon/luminosi/lamplix-x930?editionuid=268577551862,https://drive.google.com/uc?id=1xXNkBl86L3quT1nBKIgp8yycX1v1q3Fs,new,in stock,100,,,7112,1457
,luminoși,lamplix_x950,Xo7o90pXhmhKf1FmlwptL2,Profil LAMPLIX X950,"Profil universal LAMPLIX X950 pentru realizarea liniilor luminoase și a corpurilor de iluminat aplicate, suspendate și încastrate.",,alumineu,Aluminiu,nevopsit,36.14 RON,https://alumineu.ro/produse/profile-cu-harpon/luminosi/lamplix-x950?editionuid=427347716442,https://drive.google.com/uc?id=11h_ZjHi0RgCfs0mxydWzJL9fBR8VXVzV,new,in stock,100,,,7112,1457
,etanși,classix_x101,rtBsri0AgIfzRs45xlYEo3,Profil CLASSIX X101,"Profilul patentat CLASSIX X101® pentru tavane extensibile, cu sistem de prindere cu harpon al pânzei pentru tavane extensibile. Utilizat pentru ocolirea pereților complicați. Conturul profilului este închis cu o garnitură de perete.",,alumineu,Aluminiu,nevopsit,10.84 RON,https://alumineu.ro/tproduct/593233210852-classix-x101?editionuid=380588718002,"https://drive.google.com/uc?id=1MErYcBb87Sxu_komEHnWC7vCRDOdn_X2, https://drive.google.com/uc?id=1NqfaIYhtHhIdo45z0XHcY59LDSSABIPR, https://drive.google.com/uc?id=1rxYyLf7jDWGOJwsyMqDNvsSkKs9uvvSF",new,in stock,100,,,7112,1457
,etanși,classix_x130,lxFpGXGnhGh-TPEwCLiEt2,Profil CLASSIX X130,"Profilul patentat CLASSIX X130® pentru tavane extensibile, cu sistem de prindere cu harpon al pânzei pentru tavane extensibile. Conturul profilului este închis cu o garnitură de perete.",,alumineu,Aluminiu,nevopsit,3.61 RON,https://alumineu.ro/tproduct/180714057592-classix-x130?editionuid=351656730772,"https://drive.google.com/uc?id=1ZhZipXy3PhVjxJef-p34_uGcpAKVA9xs, https://drive.google.com/uc?id=14bApwSlV4Be-ifscx95PI5z5EcVbuIRw, https://drive.google.com/uc?id=12rxjKAcddVR-9l0CHSIUzX0YS3ud9FVr",new,in stock,100,,,7112,1457
,etanși,classix_x140,V3cnnvOSiRXwOxWDjbAgp3,Profil CLASSIX X140,Profil patentat CLASSIX X140® de perete pentru tavane napinane cu sistem de prindere a pânzei cu harpon. Fără inserție de perete.,,alumineu,Aluminiu,nevopsit,4.70 RON,https://alumineu.ro/tproduct/677912169582-classix-x140?editionuid=146115888752,"https://drive.google.com/uc?id=1NJlm9rib2fADT2a1KKrDqxRmE-rRjRmf, https://drive.google.com/uc?id=12dVzIY0_2lwsfic_sSkj31l8_t3uwFBU, https://drive.google.com/uc?id=1-Ju5UBs6eNWGpnmWaTA7Fwkd-OX8nZ8v",new,in stock,100,,,7112,1457
,umbră,invisia_x201,oo9OjTbNgZ8SJAWgghj610,Profil INVISIA X201,"Profil patentat INVISIA X201® de perete, distanțier, pentru tavane napinane cu sistem de prindere a pânzei cu harpon.",,alumineu,Aluminiu,negru mat,12.53 RON,https://alumineu.ro/produse/profile-cu-harpon/umbra/invisia-x201?editionuid=778968775512,"https://drive.google.com/uc?id=1R-9QlXUhfHmRRNjNI6FFUDC0O1wVOHvn, https://drive.google.com/uc?id=1vSRgPTQS66SjVeqt_obeRAT1BMvbPEuw, https://drive.google.com/uc?id=1doNRn2lC1L7rXkO4RoBlb8wllXxFd2qa",new,in stock,100,,,7112,1457
,umbră,invisia_x202,DJNjCqquhcS8YMhhFUUT-3,Profil INVISIA X202,"Profil patentat INVISIA X202® de perete, distanțier, pentru tavane napinane cu sistem de prindere a pânzei cu harpon.",,alumineu,Aluminiu,negru mat,12.05 RON,https://alumineu.ro/produse/profile-cu-harpon/umbra/invisia-x202?editionuid=799765399652,"https://drive.google.com/uc?id=1DNCe7DfN0gJl0KQkX5cWjg-gVYEm9S4D, https://drive.google.com/uc?id=1tPL2tQ2n8vcXLP3c5RpC6tsEGHpdqEMu, https://drive.google.com/uc?id=1QDS4cC_ttZBBn6gFj6CfhoySHqiAQRlI",new,in stock,100,,,7112,1457
,umbră,invisia_x204,zA59TVMAiMOOTZf15BUvl2,Profil INVISIA X204,"Profil patentat INVISIA X204® separatoare, cu rost de umbră, pentru tavane napinane cu sistem de prindere a pânzei cu harpon.",,alumineu,Aluminiu,negru mat,19.28 RON,https://alumineu.ro/produse/profile-cu-harpon/umbra/invisia-x204?editionuid=823128693102,"https://drive.google.com/uc?id=1b9OqKZyKscLsLFeGuatj9D7MAR241BRa, https://drive.google.com/uc?id=1XdkJ9sIP6bK3y1fi0SZAZpBDe7Oxl__T, https://drive.google.com/uc?id=17gYm7IBn5ZpKHRPUWVwO4ORpYY9fmWwD",new,in stock,100,,,7112,1457
,umbră,invisia_x206,EGXmtijjgeQdvXQSqdLGi3,Profil INVISIA X206,"Profil patentat INVISIA X206® de tavan, distanțier, pentru tavane napinane cu sistem de prindere a pânzei cu harpon.",,alumineu,Aluminiu,negru mat,19.28 RON,https://alumineu.ro/produse/profile-cu-harpon/umbra/invisia-x206?editionuid=336484823622,"https://drive.google.com/uc?id=18mLn1YP3tLwK0ZIw1oAcIbN_5QhS3FII, https://drive.google.com/uc?id=1AeYB_QWBN5kMu2OlHDsuClmHAQ0GGvet, https://drive.google.com/uc?id=16ero6PPZf_A3423gb5Au5VU9msWFrX46",new,in stock,100,,,7112,1457
,umbră,invisia_x207,YZTju3ikgOF1-Sj6ktK6e2,Profil INVISIA X207,"Profil patentat INVISIA X207® de tavan, distanțier, pentru ventilație în tavane napinane cu sistem de prindere a pânzei cu harpon.",,alumineu,Aluminiu,negru mat,28.92 RON,https://alumineu.ro/produse/profile-cu-harpon/umbra/invisia-x207?editionuid=479831501182,"https://drive.google.com/uc?id=1H0BvwoiRN-NKeg-CLyt6n7HGi2lQhh91, https://drive.google.com/uc?id=12TjByIkJwsf5RBMGztMhLgNSn104f6y3, https://drive.google.com/uc?id=1y3IQg_wbMKIFxtGSmMH1KDnvSACPGon3",new,in stock,100,,,7112,1457
,umbră,invisia_x208,eyVbkQihgGQtYR5EF0P4w0,Profil INVISIA X208,"Profil patentat INVISIA X208® de tavan, distanțier, pentru tavane napinane cu sistem de prindere a pânzei cu harpon. Pentru ocolirea pereților complicați.",,alumineu,Aluminiu,negru mat,14.46 RON,https://alumineu.ro/produse/profile-cu-harpon/umbra/invisia-x208?editionuid=994668282432,"https://drive.google.com/uc?id=1o8vtunjW4J5euLGuvoPNYpFntLporBLP, https://drive.google.com/uc?id=1bEkMg7AIqbRQNWuxPDAex_hO_Tlu6foW, https://drive.google.com/uc?id=1TdO2RkbGPxZAhIf72Nf7rKs9w1mCIByr",new,in stock,100,,,7112,1457
,umbră,invisia_x209,EeRJkcybhq5xX9vhB-xzv3,Profil INVISIA X209,Profil patentat INVISIA X209® distanțier pentru tavane napinane cu sistem de prindere a pânzei cu harpon. Pentru ocolirea scărilor și luminatoarelor.,,alumineu,Aluminiu,negru mat,28.92 RON,https://alumineu.ro/produse/profile-cu-harpon/umbra/invisia-x209?editionuid=425076540332,"https://drive.google.com/uc?id=1oiNbnMd11K2TKxbN1RZDZ_RD-s1VxEGm, https://drive.google.com/uc?id=19-exLUXnyt91DaEEj-yzx0Cnn2STsmJl, https://drive.google.com/uc?id=11op0f9O7ohv6FZeAaGF7ps3DWcMXQLhz",new,in stock,100,,,7112,1457
,umbră,invisia_x209,cTT1GGAZj76alVXu4vaAe1,Profil INVISIA X209,Profil patentat INVISIA X209® distanțier pentru tavane napinane cu sistem de prindere a pânzei cu harpon. Pentru ocolirea scărilor și luminatoarelor.,,alumineu,Aluminiu,alb mat,28.92 RON,https://alumineu.ro/produse/profile-cu-harpon/umbra/invisia-x209?editionuid=462428431762,"https://drive.google.com/uc?id=1oiNbnMd11K2TKxbN1RZDZ_RD-s1VxEGm, https://drive.google.com/uc?id=19-exLUXnyt91DaEEj-yzx0Cnn2STsmJl, https://drive.google.com/uc?id=11op0f9O7ohv6FZeAaGF7ps3DWcMXQLhz",new,in stock,100,,,7112,1457
,umbră LED,floatia_x301,jzysdA0nhEDukcRfamitz0,Profil FLOATIA X301,"Profil patentat FLOATIA X302® de perete, distanțier, pentru tavane napinane cu sistem de prindere a pânzei cu harpon. Cu poliță pentru bandă LED și inserție.",,alumineu,Aluminiu,alb mat,14.46 RON,https://alumineu.ro/produse/profile-cu-harpon/umbra-led/floatia-x301?editionuid=747944340262,"https://drive.google.com/uc?id=1f0lXWOdXT9brQqcL-WLmLCC124xiilU2, https://drive.google.com/uc?id=15G1KsEVNW-6ZK75iSn41JZJEB-hkW8so, https://drive.google.com/uc?id=1wnQEHQCl68OS9y3wrId9XnkDW1J5UaL0",new,in stock,100,,,7112,1457
,umbră LED,floatia_x302,IxT7oD8zhIbrnn2LbGw2D0,Profil FLOATIA X302,"Profil patentat FLOATIA X302® de perete, distanțier, pentru tavane napinane cu sistem de prindere a pânzei cu harpon. Cu poliță pentru bandă LED și inserție.",,alumineu,Aluminiu,nevopsit,14.46 RON,https://alumineu.ro/produse/profile-cu-harpon/umbra-led/floatia-x302?editionuid=860427790322,"https://drive.google.com/uc?id=113mq-nr-dqVWWUTywjdZS6C2YgO8IobZ, https://drive.google.com/uc?id=1ZG7iLJnATHZF_kKx41iyEQn2w796r-ny, https://drive.google.com/uc?id=1eRjiHdpiXyT6vpdvZcEuAkMsaKiNYqus",new,in stock,100,,,7112,1457
,umbră LED,floatia_x302,fxcs1s4Sg4i9usohMYyp11,Profil FLOATIA X302,"Profil patentat FLOATIA X302® de perete, distanțier, pentru tavane napinane cu sistem de prindere a pânzei cu harpon. Cu poliță pentru bandă LED și inserție.",,alumineu,Aluminiu,negru mat,17.83 RON,https://alumineu.ro/produse/profile-cu-harpon/umbra-led/floatia-x302?editionuid=673141786352,"https://drive.google.com/uc?id=113mq-nr-dqVWWUTywjdZS6C2YgO8IobZ, https://drive.google.com/uc?id=1ZG7iLJnATHZF_kKx41iyEQn2w796r-ny, https://drive.google.com/uc?id=1eRjiHdpiXyT6vpdvZcEuAkMsaKiNYqus",new,in stock,100,,,7112,1457
,umbră LED,floatia_x302,Y7mho3jShobDY2hUqkXX83,Profil FLOATIA X302,"Profil patentat FLOATIA X302® de perete, distanțier, pentru tavane napinane cu sistem de prindere a pânzei cu harpon. Cu poliță pentru bandă LED și inserție.",,alumineu,Aluminiu,alb mat,17.83 RON,https://alumineu.ro/produse/profile-cu-harpon/umbra-led/floatia-x302?editionuid=267826441912,"https://drive.google.com/uc?id=113mq-nr-dqVWWUTywjdZS6C2YgO8IobZ, https://drive.google.com/uc?id=1ZG7iLJnATHZF_kKx41iyEQn2w796r-ny, https://drive.google.com/uc?id=1eRjiHdpiXyT6vpdvZcEuAkMsaKiNYqus",new,in stock,100,,,7112,1457
,umbră LED,floatia_x303,VL9D-5xNhHiRwdOhXxgjl3,Profil FLOATIA X303,"Profil patentat FLOATIA X303 de tavan, distanțier, pentru tavane napinane cu sistem de prindere a pânzei cu harpon. Cu poliță pentru bandă LED și inserție.",,alumineu,Aluminiu,nevopsit,18.80 RON,https://alumineu.ro/produse/profile-cu-harpon/umbra-led/floatia-x303,"https://drive.google.com/uc?id=1IS1XUEu_gYZRP52nVAepof4sGID-VTCb, https://drive.google.com/uc?id=1T0qBjtoV0pvbQjzgYm5X5xNBz6NX1f6b, https://drive.google.com/uc?id=1dnKkAnTLxceytOUp6Q6we0HcL0K6fMwM",new,in stock,100,,,7112,1457
,umbră LED,floatia_x303,MyI2v2JMhnRtUrh6H58nz0,Profil FLOATIA X303,"Profil patentat FLOATIA X303 de tavan, distanțier, pentru tavane napinane cu sistem de prindere a pânzei cu harpon. Cu poliță pentru bandă LED și inserție.",,alumineu,Aluminiu,negru mat,24.10 RON,https://alumineu.ro/produse/profile-cu-harpon/umbra-led/floatia-x303?editionuid=906636968422,"https://drive.google.com/uc?id=1IS1XUEu_gYZRP52nVAepof4sGID-VTCb, https://drive.google.com/uc?id=1T0qBjtoV0pvbQjzgYm5X5xNBz6NX1f6b, https://drive.google.com/uc?id=1dnKkAnTLxceytOUp6Q6we0HcL0K6fMwM",new,in stock,100,,,7112,1457
,umbră LED,floatia_x303,xO7PAABriJTHSKVNGiuYl3,Profil FLOATIA X303,"Profil patentat FLOATIA X303 de tavan, distanțier, pentru tavane napinane cu sistem de prindere a pânzei cu harpon. Cu poliță pentru bandă LED și inserție.",,alumineu,Aluminiu,alb mat,24.10 RON,https://alumineu.ro/produse/profile-cu-harpon/umbra-led/floatia-x303?editionuid=832357855822,"https://drive.google.com/uc?id=1IS1XUEu_gYZRP52nVAepof4sGID-VTCb, https://drive.google.com/uc?id=1T0qBjtoV0pvbQjzgYm5X5xNBz6NX1f6b, https://drive.google.com/uc?id=1dnKkAnTLxceytOUp6Q6we0HcL0K6fMwM",new,in stock,100,,,7112,1457
,umbră LED,floatia_x304,OGuLhFuVjSlwHsBusU5Sf1,Profil FLOATIA X304,"Profil patentat FLOATIA X304 de tavan, distanțier, pentru tavane napinane cu sistem de prindere a pânzei cu harpon. Cu poliță pentru bandă LED și inserție.",,alumineu,Aluminiu,negru mat,36.14 RON,https://alumineu.ro/produse/profile-cu-harpon/umbra-led/floatia-x304?editionuid=346589621152,,new,in stock,100,,,7112,1457
,cornișe,curtina_x402,eePmEHIghXucCCjWcE2zy3,Profil CURTINA X402,"Profil patentat CURTINA X402 pentru realizarea nișelor ascunse de draperii, cu două șanțuri pentru agățarea perdelelor și draperiilor în tavane napinane cu sistem harpon. Cu prindere laterală a pânzei.",,alumineu,lungime 3200 m,negru mat,185.06 RON,https://alumineu.ro/produse/profile-cu-harpon/cornise/curtina-x402?editionuid=973723430772,"https://drive.google.com/uc?id=1ynKYdymEqYZBoDEr1pY5bHEDos_89VZ3, https://drive.google.com/uc?id=1aBe3YYINuIjLq_TU_51qXcU1TlQNw2C-, https://drive.google.com/uc?id=1XU3HngUBFnrkdha_329UxQB9nCP6vr-2",new,in stock,100,,,7112,1457
,cornișe,curtina_x402,vdjAWIcdhHNfZhVE150J92,Profil CURTINA X402,"Profil patentat CURTINA X402 pentru realizarea nișelor ascunse de draperii, cu două șanțuri pentru agățarea perdelelor și draperiilor în tavane napinane cu sistem harpon. Cu prindere laterală a pânzei.",,alumineu,lungime 3200 m,alb lucios,185.06 RON,https://alumineu.ro/produse/profile-cu-harpon/cornise/curtina-x402?editionuid=458830194052,"https://drive.google.com/uc?id=1ynKYdymEqYZBoDEr1pY5bHEDos_89VZ3, https://drive.google.com/uc?id=1aBe3YYINuIjLq_TU_51qXcU1TlQNw2C-, https://drive.google.com/uc?id=1XU3HngUBFnrkdha_329UxQB9nCP6vr-2",new,in stock,100,,,7112,1457
,cornișe,curtina_x402,DKTDmwA2icCZL2vSUjXum3,Profil CURTINA X402,"Profil patentat CURTINA X402 pentru realizarea nișelor ascunse de draperii, cu două șanțuri pentru agățarea perdelelor și draperiilor în tavane napinane cu sistem harpon. Cu prindere laterală a pânzei.",,alumineu,lungime 2200 m,negru mat,127.23 RON,https://alumineu.ro/produse/profile-cu-harpon/cornise/curtina-x402?editionuid=956663279972,"https://drive.google.com/uc?id=1ynKYdymEqYZBoDEr1pY5bHEDos_89VZ3, https://drive.google.com/uc?id=1aBe3YYINuIjLq_TU_51qXcU1TlQNw2C-, https://drive.google.com/uc?id=1XU3HngUBFnrkdha_329UxQB9nCP6vr-2",new,in stock,100,,,7112,1457
,cornișe,curtina_x402,e9yQf8rDjzi3XjGnnx3Iw3,Profil CURTINA X402,"Profil patentat CURTINA X402 pentru realizarea nișelor ascunse de draperii, cu două șanțuri pentru agățarea perdelelor și draperiilor în tavane napinane cu sistem harpon. Cu prindere laterală a pânzei.",,alumineu,lungime 2200 m,alb lucios,127.23 RON,https://alumineu.ro/produse/profile-cu-harpon/cornise/curtina-x402?editionuid=301964519272,"https://drive.google.com/uc?id=1ynKYdymEqYZBoDEr1pY5bHEDos_89VZ3, https://drive.google.com/uc?id=1aBe3YYINuIjLq_TU_51qXcU1TlQNw2C-, https://drive.google.com/uc?id=1XU3HngUBFnrkdha_329UxQB9nCP6vr-2",new,in stock,100,,,7112,1457
,cornișe,curtina_x403,jx2sQ0lhiTZsQVWNF9X2z0,Profil CURTINA X403,"Profil patentat CURTINA X403 pentru realizarea nișelor ascunse de draperii, cu trei șanțuri pentru agățarea perdelelor și draperiilor în tavane extensibile cu sistem harpon. Cu prindere laterală a pânzei.",,alumineu,lungime 3200 m,negru mat,215.90 RON,https://alumineu.ro/produse/profile-cu-harpon/cornise/curtina-x403?editionuid=848779219262,"https://drive.google.com/uc?id=16binchgKBfvxs4TWxiIM0VByGN-ggVQM, https://drive.google.com/uc?id=1DuwVPqqnHj0m3om9AszdxPPMGcRhLo88, https://drive.google.com/uc?id=1ttlBOvfwWEh65Lp_9hpUMCIUExIzcRDR",new,in stock,100,,,7112,1457
,cornișe,curtina_x403,34WwfpBUjupvpuPa3EpLr3,Profil CURTINA X403,"Profil patentat CURTINA X403 pentru realizarea nișelor ascunse de draperii, cu trei șanțuri pentru agățarea perdelelor și draperiilor în tavane extensibile cu sistem harpon. Cu prindere laterală a pânzei.",,alumineu,lungime 3200 m,alb lucios,215.90 RON,https://alumineu.ro/produse/profile-cu-harpon/cornise/curtina-x403?editionuid=822614506962,"https://drive.google.com/uc?id=16binchgKBfvxs4TWxiIM0VByGN-ggVQM, https://drive.google.com/uc?id=1DuwVPqqnHj0m3om9AszdxPPMGcRhLo88, https://drive.google.com/uc?id=1ttlBOvfwWEh65Lp_9hpUMCIUExIzcRDR",new,in stock,100,,,7112,1457
,cornișe,curtina_x403,i3hGepcZiU3L8JqEJ2rtV0,Profil CURTINA X403,"Profil patentat CURTINA X403 pentru realizarea nișelor ascunse de draperii, cu trei șanțuri pentru agățarea perdelelor și draperiilor în tavane extensibile cu sistem harpon. Cu prindere laterală a pânzei.",,alumineu,lungime 3200 m,alb mat,215.90 RON,https://alumineu.ro/produse/profile-cu-harpon/cornise/curtina-x403?editionuid=131946916342,"https://drive.google.com/uc?id=16binchgKBfvxs4TWxiIM0VByGN-ggVQM, https://drive.google.com/uc?id=1DuwVPqqnHj0m3om9AszdxPPMGcRhLo88, https://drive.google.com/uc?id=1ttlBOvfwWEh65Lp_9hpUMCIUExIzcRDR",new,in stock,100,,,7112,1457
,cornișe,curtina_x403,Hxf-n56DhLa95Jq8oTmSb3,Profil CURTINA X403,"Profil patentat CURTINA X403 pentru realizarea nișelor ascunse de draperii, cu trei șanțuri pentru agățarea perdelelor și draperiilor în tavane extensibile cu sistem harpon. Cu prindere laterală a pânzei.",,alumineu,lungime 2200 m,negru mat,148.43 RON,https://alumineu.ro/produse/profile-cu-harpon/cornise/curtina-x403?editionuid=265935541592,"https://drive.google.com/uc?id=16binchgKBfvxs4TWxiIM0VByGN-ggVQM, https://drive.google.com/uc?id=1DuwVPqqnHj0m3om9AszdxPPMGcRhLo88, https://drive.google.com/uc?id=1ttlBOvfwWEh65Lp_9hpUMCIUExIzcRDR",new,in stock,100,,,7112,1457
,cornișe,curtina_x403,smfA9ADrg9P4AffHsiprN2,Profil CURTINA X403,"Profil patentat CURTINA X403 pentru realizarea nișelor ascunse de draperii, cu trei șanțuri pentru agățarea perdelelor și draperiilor în tavane extensibile cu sistem harpon. Cu prindere laterală a pânzei.",,alumineu,lungime 2200 m,alb lucios,148.43 RON,https://alumineu.ro/produse/profile-cu-harpon/cornise/curtina-x403?editionuid=701472319152,"https://drive.google.com/uc?id=16binchgKBfvxs4TWxiIM0VByGN-ggVQM, https://drive.google.com/uc?id=1DuwVPqqnHj0m3om9AszdxPPMGcRhLo88, https://drive.google.com/uc?id=1ttlBOvfwWEh65Lp_9hpUMCIUExIzcRDR",new,in stock,100,,,7112,1457
,cornișe,curtina_x403,hSqFGvnTjaggVAymnovmh0,Profil CURTINA X403,"Profil patentat CURTINA X403 pentru realizarea nișelor ascunse de draperii, cu trei șanțuri pentru agățarea perdelelor și draperiilor în tavane extensibile cu sistem harpon. Cu prindere laterală a pânzei.",,alumineu,lungime 2000 m,negru mat,134.94 RON,https://alumineu.ro/produse/profile-cu-harpon/cornise/curtina-x403?editionuid=196174289902,"https://drive.google.com/uc?id=16binchgKBfvxs4TWxiIM0VByGN-ggVQM, https://drive.google.com/uc?id=1DuwVPqqnHj0m3om9AszdxPPMGcRhLo88, https://drive.google.com/uc?id=1ttlBOvfwWEh65Lp_9hpUMCIUExIzcRDR",new,in stock,100,,,7112,1457
,cornișe,curtina_x403,yUubMVw1hqQAZdBztKRgZ2,Profil CURTINA X403,"Profil patentat CURTINA X403 pentru realizarea nișelor ascunse de draperii, cu trei șanțuri pentru agățarea perdelelor și draperiilor în tavane extensibile cu sistem harpon. Cu prindere laterală a pânzei.",,alumineu,lungime 2000 m,alb mat,134.94 RON,https://alumineu.ro/produse/profile-cu-harpon/cornise/curtina-x403?editionuid=293267787752,"https://drive.google.com/uc?id=16binchgKBfvxs4TWxiIM0VByGN-ggVQM, https://drive.google.com/uc?id=1DuwVPqqnHj0m3om9AszdxPPMGcRhLo88, https://drive.google.com/uc?id=1ttlBOvfwWEh65Lp_9hpUMCIUExIzcRDR",new,in stock,100,,,7112,1457
,cornișe,curtina_x404,ryMNNy0Vjq1ciFgP2gUaK3,Profil CURTINA X404,"Profil patentat CURTINA X404® pentru realizarea nișelor ascunse de draperii, cu trei șanțuri pentru montarea perdelelor și draperiilor. Pentru sistemul de prindere cu harpon, cu introducerea pânzei de jos.",,alumineu,lungime 2200 m,alb lucios,132.53 RON,https://alumineu.ro/produse/profile-cu-harpon/cornise/curtina-x404?editionuid=364738696702,https://drive.google.com/uc?id=1Zh-kAq7z-BYeT6NMWakb6O32xkk16rei,new,in stock,100,,,7112,1457
,cornișe,curtina_x404,6UZy5OEYgiU2cDd92z2R00,Profil CURTINA X404,"Profil patentat CURTINA X404® pentru realizarea nișelor ascunse de draperii, cu trei șanțuri pentru montarea perdelelor și draperiilor. Pentru sistemul de prindere cu harpon, cu introducerea pânzei de jos.",,alumineu,lungime 3200 m,alb lucios,192.77 RON,https://alumineu.ro/produse/profile-cu-harpon/cornise/curtina-x404?editionuid=808768864562,https://drive.google.com/uc?id=1Zh-kAq7z-BYeT6NMWakb6O32xkk16rei,new,in stock,100,,,7112,1457
,cornișe,curtina_x405,QYtmUePthsfmVcpZ7LaHB2,Profil CURTINA X405,"Profil patentat CURTINA X405 pentru realizarea nișelor ascunse de draperii, cu două șanțuri pentru agățarea perdelelor și draperiilor în tavane napinabile cu sistem harpon. Iluminat.",,alumineu,lungime 3200 m,negru mat,231.33 RON,https://alumineu.ro/produse/profile-cu-harpon/cornise/curtina-x405?editionuid=759586955132,"https://drive.google.com/uc?id=1FlKyhr1NvR2Q6AdEQId-RKSyO8tYyl2T, https://drive.google.com/uc?id=1jRQIdGfC1vdkHLmqF9_2V-L2wOhjrmh_, https://drive.google.com/uc?id=1yv9vmtsWTknPryPO-TcIQVhgYhj7URQe",new,in stock,100,,,7112,1457
,cornișe,curtina_x405,hRYJaVIahB4Jg-O10ZpbV0,Profil CURTINA X405,"Profil patentat CURTINA X405 pentru realizarea nișelor ascunse de draperii, cu două șanțuri pentru agățarea perdelelor și draperiilor în tavane napinabile cu sistem harpon. Iluminat.",,alumineu,lungime 3200 m,alb mat,231.33 RON,https://alumineu.ro/produse/profile-cu-harpon/cornise/curtina-x405?editionuid=876089740212,"https://drive.google.com/uc?id=1FlKyhr1NvR2Q6AdEQId-RKSyO8tYyl2T, https://drive.google.com/uc?id=1jRQIdGfC1vdkHLmqF9_2V-L2wOhjrmh_, https://drive.google.com/uc?id=1yv9vmtsWTknPryPO-TcIQVhgYhj7URQe",new,in stock,100,,,7112,1457
,cornișe,curtina_x405,Rid7eYeaihDEYyuGmwIm10,Profil CURTINA X405,"Profil patentat CURTINA X405 pentru realizarea nișelor ascunse de draperii, cu două șanțuri pentru agățarea perdelelor și draperiilor în tavane napinabile cu sistem harpon. Iluminat.",,alumineu,lungime 2200 m,negru mat,159.04 RON,https://alumineu.ro/produse/profile-cu-harpon/cornise/curtina-x405?editionuid=803744608822,"https://drive.google.com/uc?id=1FlKyhr1NvR2Q6AdEQId-RKSyO8tYyl2T, https://drive.google.com/uc?id=1jRQIdGfC1vdkHLmqF9_2V-L2wOhjrmh_, https://drive.google.com/uc?id=1yv9vmtsWTknPryPO-TcIQVhgYhj7URQe",new,in stock,100,,,7112,1457
,cornișe,curtina_x405,M7K8jSGug5rmTO1txLm922,Profil CURTINA X405,"Profil patentat CURTINA X405 pentru realizarea nișelor ascunse de draperii, cu două șanțuri pentru agățarea perdelelor și draperiilor în tavane napinabile cu sistem harpon. Iluminat.",,alumineu,lungime 2200 m,alb mat,159.04 RON,https://alumineu.ro/produse/profile-cu-harpon/cornise/curtina-x405?editionuid=117525235192,"https://drive.google.com/uc?id=1FlKyhr1NvR2Q6AdEQId-RKSyO8tYyl2T, https://drive.google.com/uc?id=1jRQIdGfC1vdkHLmqF9_2V-L2wOhjrmh_, https://drive.google.com/uc?id=1yv9vmtsWTknPryPO-TcIQVhgYhj7URQe",new,in stock,100,,,7112,1457
,cornișe,curtina_x405,9YYv8DXkjKpGTTDe3j99Y3,Profil CURTINA X405,"Profil patentat CURTINA X405 pentru realizarea nișelor ascunse de draperii, cu două șanțuri pentru agățarea perdelelor și draperiilor în tavane napinabile cu sistem harpon. Iluminat.",,alumineu,lungime 2000 m,negru mat,144.58 RON,https://alumineu.ro/produse/profile-cu-harpon/cornise/curtina-x405?editionuid=505180922232,"https://drive.google.com/uc?id=1FlKyhr1NvR2Q6AdEQId-RKSyO8tYyl2T, https://drive.google.com/uc?id=1jRQIdGfC1vdkHLmqF9_2V-L2wOhjrmh_, https://drive.google.com/uc?id=1yv9vmtsWTknPryPO-TcIQVhgYhj7URQe",new,in stock,100,,,7112,1457
,cornișe,curtina_x405,zRy2mTY3io-ReCRagT1MI2,Profil CURTINA X405,"Profil patentat CURTINA X405 pentru realizarea nișelor ascunse de draperii, cu două șanțuri pentru agățarea perdelelor și draperiilor în tavane napinabile cu sistem harpon. Iluminat.",,alumineu,lungime 2000 m,alb mat,144.58 RON,https://alumineu.ro/produse/profile-cu-harpon/cornise/curtina-x405?editionuid=592438478472,"https://drive.google.com/uc?id=1FlKyhr1NvR2Q6AdEQId-RKSyO8tYyl2T, https://drive.google.com/uc?id=1jRQIdGfC1vdkHLmqF9_2V-L2wOhjrmh_, https://drive.google.com/uc?id=1yv9vmtsWTknPryPO-TcIQVhgYhj7URQe",new,in stock,100,,,7112,1457
,cornișe,curtina_x405_m,CkVvKhJbiGhhK2anvHdB33,Profil CURTINA X405 M,"Profil patentat CURTINA X405 M pentru realizarea nișelor ascunse de draperii, cu două șanțuri pentru agățarea perdelelor și draperiilor în tavane napinabile cu sistem harpon. Iluminat.",,alumineu,lungime 3200 m,alb mat,433.73 RON,https://alumineu.ro/produse/profile-cu-harpon/cornise/curtina-x405-m?editionuid=339864126142,"https://drive.google.com/uc?id=1LQhswd_FvnqBvncalibfpuzfZdqy4k4t, https://drive.google.com/uc?id=1BLHL-F_FcDCa7aDVwNmZcwpngT4kGP4j, https://drive.google.com/uc?id=1yv9vmtsWTknPryPO-TcIQVhgYhj7URQe",new,in stock,100,,,7112,1457
,cornișe,curtina_x405_m,iSRbWSLtitojIsPO0sI9x2,Profil CURTINA X405 M,"Profil patentat CURTINA X405 M pentru realizarea nișelor ascunse de draperii, cu două șanțuri pentru agățarea perdelelor și draperiilor în tavane napinabile cu sistem harpon. Iluminat.",,alumineu,lungime 2200 m,alb mat,301.20 RON,https://alumineu.ro/produse/profile-cu-harpon/cornise/curtina-x405-m?editionuid=164516627472,"https://drive.google.com/uc?id=1LQhswd_FvnqBvncalibfpuzfZdqy4k4t, https://drive.google.com/uc?id=1BLHL-F_FcDCa7aDVwNmZcwpngT4kGP4j, https://drive.google.com/uc?id=1yv9vmtsWTknPryPO-TcIQVhgYhj7URQe",new,in stock,100,,,7112,1457
,cornișe,curtina_x405_m,PIsjk6JZiDyyFLIyu2lyU0,Profil CURTINA X405 M,"Profil patentat CURTINA X405 M pentru realizarea nișelor ascunse de draperii, cu două șanțuri pentru agățarea perdelelor și draperiilor în tavane napinabile cu sistem harpon. Iluminat.",,alumineu,lungime 3200 m,negru mat,433.73 RON,https://alumineu.ro/produse/profile-cu-harpon/cornise/curtina-x405-m?editionuid=802797533272,"https://drive.google.com/uc?id=1LQhswd_FvnqBvncalibfpuzfZdqy4k4t, https://drive.google.com/uc?id=1BLHL-F_FcDCa7aDVwNmZcwpngT4kGP4j, https://drive.google.com/uc?id=1yv9vmtsWTknPryPO-TcIQVhgYhj7URQe",new,in stock,100,,,7112,1457
,cornișe,curtina_x405_m,gA28ToLCggK3W8YPSsFkT1,Profil CURTINA X405 M,"Profil patentat CURTINA X405 M pentru realizarea nișelor ascunse de draperii, cu două șanțuri pentru agățarea perdelelor și draperiilor în tavane napinabile cu sistem harpon. Iluminat.",,alumineu,lungime 2200 m,negru mat,301.20 RON,https://alumineu.ro/produse/profile-cu-harpon/cornise/curtina-x405-m?editionuid=718659662222,"https://drive.google.com/uc?id=1LQhswd_FvnqBvncalibfpuzfZdqy4k4t, https://drive.google.com/uc?id=1BLHL-F_FcDCa7aDVwNmZcwpngT4kGP4j, https://drive.google.com/uc?id=1yv9vmtsWTknPryPO-TcIQVhgYhj7URQe",new,in stock,100,,,7112,1457
,cornișe,curtina_x406,08Gs75cLiwndvRDfwZZkQ2,Profil CURTINA X406,Cornis patentat CURTINA X406 cu două șanțuri pentru agățarea draperiilor și perdelelor. Pentru sistem de prindere a pânzei cu harpon.,,alumineu,lungime 3200 m,negru mat,77.11 RON,https://alumineu.ro/produse/profile-cu-harpon/cornise/curtina-x406?editionuid=598458446862,"https://drive.google.com/uc?id=1h05s95EriS093NPzVfcRf0553QzNiHc6, https://drive.google.com/uc?id=1TbIKFsqgrUJtjNbTZLEucYcNRJDNeTsJ, https://drive.google.com/uc?id=1HW0v2eRGZxTG_PlWuvTV9ChJDBdYj89I, https://drive.google.com/uc?id=1PpsGYfHzM3vLHmC5XwSlDsLOmmj7-WRM, https://drive.google.com/uc?id=1vkZCqLlWHBOt8niWHO31BoRmG9OhtUNl, https://drive.google.com/uc?id=1nASpDUFtBKznbk97D-EkocSBPK-ZyCUt",new,in stock,100,,,7112,1457
,cornișe,curtina_x406,vdRmfjJniS9p1gOygMbDs0,Profil CURTINA X406,Cornis patentat CURTINA X406 cu două șanțuri pentru agățarea draperiilor și perdelelor. Pentru sistem de prindere a pânzei cu harpon.,,alumineu,lungime 3200 m,alb mat,77.11 RON,https://alumineu.ro/produse/profile-cu-harpon/cornise/curtina-x406?editionuid=321461814172,"https://drive.google.com/uc?id=1h05s95EriS093NPzVfcRf0553QzNiHc6, https://drive.google.com/uc?id=1TbIKFsqgrUJtjNbTZLEucYcNRJDNeTsJ, https://drive.google.com/uc?id=1HW0v2eRGZxTG_PlWuvTV9ChJDBdYj89I, https://drive.google.com/uc?id=1PpsGYfHzM3vLHmC5XwSlDsLOmmj7-WRM, https://drive.google.com/uc?id=1vkZCqLlWHBOt8niWHO31BoRmG9OhtUNl, https://drive.google.com/uc?id=1nASpDUFtBKznbk97D-EkocSBPK-ZyCUt",new,in stock,100,,,7112,1457
,cornișe,curtina_x407,gtIKBLtJghv4WzA42yxPP1,Profil CURTINA X407,Cornis patentat CURTINA X407 cu un șanț pentru agățarea draperiilor și perdelelor. Pentru sistem de prindere a pânzei cu harpon.,,alumineu,Aluminiu,negru mat,26.99 RON,https://alumineu.ro/produse/profile-cu-harpon/cornise/curtina-x407?editionuid=255274699252,"https://drive.google.com/uc?id=1bOjo3GILRJr5-VEzrO8xYJ1owUad_Dmq, https://drive.google.com/uc?id=1vpltZ1o_Ab30eQSsjZSNzWVmdo5wi-Rj, https://drive.google.com/uc?id=1fW5B2QLDQybKSWj5cbseJnYLYbEtgPSa, https://drive.google.com/uc?id=1PIwL2wUSEcPCTfdAnRu8t32ZTWGXBMuF, https://drive.google.com/uc?id=1ZGd_mMlUvPkPy6RcYXxFn6mIFsjsF1Mo",new,in stock,100,,,7112,1457
,cornișe,curtina_x407,cJyPtbDhhRAmihZrojWDn0,Profil CURTINA X407,Cornis patentat CURTINA X407 cu un șanț pentru agățarea draperiilor și perdelelor. Pentru sistem de prindere a pânzei cu harpon.,,alumineu,Aluminiu,alb mat,26.99 RON,https://alumineu.ro/produse/profile-cu-harpon/cornise/curtina-x407?editionuid=384805841032,"https://drive.google.com/uc?id=1bOjo3GILRJr5-VEzrO8xYJ1owUad_Dmq, https://drive.google.com/uc?id=1vpltZ1o_Ab30eQSsjZSNzWVmdo5wi-Rj, https://drive.google.com/uc?id=1fW5B2QLDQybKSWj5cbseJnYLYbEtgPSa, https://drive.google.com/uc?id=1PIwL2wUSEcPCTfdAnRu8t32ZTWGXBMuF, https://drive.google.com/uc?id=1ZGd_mMlUvPkPy6RcYXxFn6mIFsjsF1Mo",new,in stock,100,,,7112,1457
,cornișe,curtina_x408,FWceQ5ETivN6fBl0i-tWJ2,Profil CURTINA X408,"Profil patentat CURTINA X408® pentru realizarea nișelor drepte pentru draperii cu iluminare, cu posibilitatea montării ulterioare a cornișelor aplicate. Destinat sistemului de prindere a membranei tip harpon.",,alumineu,Aluminiu,nevopsit,126.51 RON,https://alumineu.ro/produse/profile-cu-harpon/cornise/curtina-x408?editionuid=250535359432,https://drive.google.com/uc?id=1SAiruBfQBhaOlE3Uo89kwjzTMS7sfk4W,new,in stock,100,,,7112,1457
,cornișe,curtina_x409,LhsJi728gSt1-qEKriOWU2,Profil CURTINA X409,"Profil patentat CURTINA X409 pentru realizarea nișelor drepte pentru draperii cu iluminare, cu posibilitatea montării ulterioare a cornișelor aplicate. Destinat sistemului de prindere a membranei tip harpon.",,alumineu,Aluminiu,nevopsit,162.65 RON,https://alumineu.ro/produse/profile-cu-harpon/cornise/curtina-x409?editionuid=566926447962,https://drive.google.com/uc?id=1WLU_u1deSGTzd_jh7DtG0pq_itn5rCXT,new,in stock,100,,,7112,1457
,cornișe,curtina_x410,JLVFDRdrgtcM9IORQDzXv0,Profil CURTINA X410,"Profil patentat CURTINA X410 pentru realizarea nișelor drepte pentru draperii cu iluminare, cu posibilitatea montării ulterioare a cornișelor aplicate. Destinat sistemului de prindere a membranei tip harpon.",,alumineu,Aluminiu,alb mat,144.58 RON,https://alumineu.ro/produse/profile-cu-harpon/cornise/curtina-x410?editionuid=612166377572,https://drive.google.com/uc?id=114zNW95Wgu-EYdEpvW9bZgS4mtqrgLRD,new,in stock,100,,,7112,1457
,cornișe,curtina_x411,KmK1hPPBihH4KDyWNRaPo0,Profil CURTINA X411,"Profil patentat CURTINA X411 pentru realizarea nișelor drepte pentru draperii cu iluminare, cu posibilitatea montării ulterioare a cornișelor aplicate. Destinat sistemului de prindere a membranei tip harpon.",,alumineu,Aluminiu,alb mat,204.82 RON,https://alumineu.ro/produse/profile-cu-harpon/cornise/curtina-x411?editionuid=832085323322,https://drive.google.com/uc?id=1buVKaDHlclpLqBkOQyvRc6B7JbcSJwlA,new,in stock,100,,,7112,1457
,conturați,contura_x601,uOmKNKiKhPZzh4UNscvrM3,Profil CONTURA X601,Profil patentat CONTURA X601 de perete conturat pentru tavane extensibile cu sistem harpon de prindere a pânzei.,,alumineu,Aluminiu,nevopsit,9.64 RON,https://alumineu.ro/produse/profile-cu-harpon/conturati/contura-x601?editionuid=216356537132,"https://drive.google.com/uc?id=1Uai6Kvin25Li0RBtQGn85UgwI3PEhKUz, https://drive.google.com/uc?id=1N9x5k0-dddkZMTVGCkmK56924q0woVsP, https://drive.google.com/uc?id=16TtxyoGYPWZtLV8I3uCqjZJCwtZs3nG_",new,in stock,100,,,7112,1457
,dublu nivel,stratos_x701,mCMAr4yQhDaPX-LNJ5RD73,Profil STRATOS X701,"Profil patentat STRATOS X701 pentru tavane extensibile pe două niveluri, cu sistem harpon de prindere a pânzei.",,alumineu,Aluminiu,nevopsit,33.73 RON,https://alumineu.ro/produse/profile-cu-harpon/dublu-nivel/stratos-x701?editionuid=938257585092,"https://drive.google.com/uc?id=11jbAnupZdMQshUJvTlkEuf0s1wApQjCs, https://drive.google.com/uc?id=1pdWmsihIV6-TV-rbSUE1PNca97iAHer-",new,in stock,100,,,7112,1457
,dublu nivel,stratos_x702,A8KXwZGog4GTrG3uTcqe72,Profil STRATOS X702,"Profil patentat STRATOS X702 pentru tavane extensibile pe două niveluri, cu sistem harpon de prindere a pânzei. Cu poliță pentru bandă LED și inserție.",,alumineu,Aluminiu,nevopsit,33.73 RON,https://alumineu.ro/produse/profile-cu-harpon/dublu-nivel/stratos-x702?editionuid=169849761712,"https://drive.google.com/uc?id=1dfMpbX0zDZxOLGic6aMwT89mhE_CMpvg, https://drive.google.com/uc?id=1jIDeVvkbqCwk5QD8nDN6CQ_-PL1mKNXe",new,in stock,100,,,7112,1457
,dublu nivel,stratos_x703,9DTMhoqug8m-s5umlvoUH2,Profil STRATOS X703,"Profil patentat STRATOS X703® pentru tavane extensibile cu sistem harpon de prindere a pânzei. Pentru realizarea structurilor, nișelor și ocolirea pereților complicati. Cu poliță pentru bandă LED.",,alumineu,Aluminiu,nevopsit,24.10 RON,https://alumineu.ro/produse/profile-cu-harpon/dublu-nivel/stratos-x703?editionuid=658333943602,"https://drive.google.com/uc?id=1QHGL4HPpYp44nBYDsL9TYSWI3tg7uP7T, https://drive.google.com/uc?id=1je9yHqZnhxk_C-CNcrewWBp1DHZahd5l, https://drive.google.com/uc?id=1HwS4t9NsiRawRnOCR2yx-qiqjDqZReds",new,in stock,100,,,7112,1457
,dublu nivel,stratos_x704,5rGDU6PghnaCaAB4hbK363,Profil STRATOS X704,Profil patentat STRATOS X704® pentru plafoane extensibile cu sistem de fixare a membranei de tip harpon. Pentru realizarea construcțiilor și a nișelor.,,alumineu,Aluminiu,negru mat,28.92 RON,https://alumineu.ro/produse/profile-cu-harpon/dublu-nivel/stratos-x704?editionuid=988216812582,"https://drive.google.com/uc?id=1S_pwcNmdPiJx5XkAkT-wWm8VM0aPeDfh, https://drive.google.com/uc?id=17NTWw1vQ6vaxq0Wj4W9ZFNTc434PcI1B, https://drive.google.com/uc?id=1KikebZM-yKGqkKOUimzpbQ6boO4ufpEd",new,in stock,100,,,7112,1457
,dublu nivel,stratos_x704,TTCe8rd4gfNWGALqZZ6XQ1,Profil STRATOS X704,Profil patentat STRATOS X704® pentru plafoane extensibile cu sistem de fixare a membranei de tip harpon. Pentru realizarea construcțiilor și a nișelor.,,alumineu,Aluminiu,alb mat,28.92 RON,https://alumineu.ro/produse/profile-cu-harpon/dublu-nivel/stratos-x704?editionuid=374541289962,"https://drive.google.com/uc?id=1S_pwcNmdPiJx5XkAkT-wWm8VM0aPeDfh, https://drive.google.com/uc?id=17NTWw1vQ6vaxq0Wj4W9ZFNTc434PcI1B, https://drive.google.com/uc?id=1KikebZM-yKGqkKOUimzpbQ6boO4ufpEd",new,in stock,100,,,7112,1457
,umbră,invisia_x205,lFPD6yXiiis-LJnoPBaa91,Profil INVISIA X205,"Profil patentat INVISIA X205® de perete, distanțier, pentru tavane napinane cu sistem de prindere a pânzei cu harpon.",,alumineu,Aluminiu,negru mat,14.46 RON,https://alumineu.ro/produse/profile-cu-harpon/umbra/invisia-x205?editionuid=307017769502,"https://drive.google.com/uc?id=18xfKHyviISwnbcQ2kHKrPlI2Mc5pHQqX, https://drive.google.com/uc?id=1UBoYh8ZgDflzTx4uLeHWuq5c3gGZ2AK1, https://drive.google.com/uc?id=1f5tP8WFaO6ygvx8wWFvTCSUbs6e_X0XD",new,in stock,100,,,7112,1457
,profile,bandura_x801,Ld9AkcuQi0qA19EQUN-hA0,Profil BANDURA X801,Profil patentat BANDURA X801 pentru fixarea construcțiilor curbilinii. Pentru îmbinarea profilelor între ele.,,alumineu,Aluminiu,nevopsit,3.86 RON,https://alumineu.ro/tproduct/494525948182-bandura-x801?editionuid=606839674372,"https://drive.google.com/uc?id=1UE3YRgfKOivR2coigGR3YWzk9Ewcjmjw, https://drive.google.com/uc?id=1YHZGSTMqT_Nhv1-jFZXa8MsSL7NCylAv",new,in stock,100,,,7112,1457
,luminoși,lumnova_z008,eSviEBM8guhlvQefni07r1,Profil LUMNOVA Z008,Profil patentat LUMNOVA Z008® pentru crearea liniilor de lumină în tavanele extensibile din țesătură.,,alumineu,Aluminiu,negru mat,96.39 RON,https://alumineu.ro/produse/profile-cu-clema/luminosi/lumnova-z008?editionuid=951728721442,https://drive.google.com/uc?id=1qGiUxfgAPuXIkKkV6xLV7mM7yHwhDQRD,new,in stock,100,,,7112,1457
,cornișe,tissure_z401,1BcJh8vVg8aapGEcAUDrg1,Profil TISSURE Z401,Profil patentat TISSURE Z401 cu un singur canal pentru agățarea draperiilor și perdelelor în tavanele extensibile din țesătură.Inserție de difuzie a luminii pentru profilele LIGHTRA X030.,,alumineu,lungime 2000 m,alb mat,120.48 RON,https://alumineu.ro/produse/profile-cu-clema/cornise/tissure-z401?editionuid=821983628842,https://drive.google.com/uc?id=1JDRh7u_t4rrm2C4ewXjq7pAanXMDjvIx,new,in stock,100,,,7112,1457
,cornișe,tissure_z401,hymJQJJTjY-YeQVF1giqT1,Profil TISSURE Z401,Profil patentat TISSURE Z401 cu un singur canal pentru agățarea draperiilor și perdelelor în tavanele extensibile din țesătură.Inserție de difuzie a luminii pentru profilele LIGHTRA X030.,,alumineu,lungime 2000 m,negru mat,120.48 RON,https://alumineu.ro/produse/profile-cu-clema/cornise/tissure-z401?editionuid=982705395482,https://drive.google.com/uc?id=1JDRh7u_t4rrm2C4ewXjq7pAanXMDjvIx,new,in stock,100,,,7112,1457
,cornișe,tissure_z405,ASFuUxWDgOBWCHN5ODymF1,Profil TISSURE Z405,"Profil patentat TISSURE Z405 pentru realizarea nișelor ascunse pentru draperii cu două caneluri pentru agățarea perdelelor și draperiilor în tavanele extensibile din țesătură, iluminat.",,alumineu,lungime 3200 m,negru mat,337.35 RON,https://alumineu.ro/produse/profile-cu-clema/cornise/tissure-z405?editionuid=322544497102,https://drive.google.com/uc?id=12TPzBBDpvER1Ee7-9P993qxGkLpg4pSa,new,in stock,100,,,7112,1457
,cornișe,tissure_z405,Zroo3n3djONt0OopEffYs1,Profil TISSURE Z405,"Profil patentat TISSURE Z405 pentru realizarea nișelor ascunse pentru draperii cu două caneluri pentru agățarea perdelelor și draperiilor în tavanele extensibile din țesătură, iluminat.",,alumineu,lungime 3200 m,alb mat,337.35 RON,https://alumineu.ro/produse/profile-cu-clema/cornise/tissure-z405?editionuid=481044407772,https://drive.google.com/uc?id=12TPzBBDpvER1Ee7-9P993qxGkLpg4pSa,new,in stock,100,,,7112,1457
,șină,voltiva_z501,0WyuTzYWjCQp6Fj0LuztH0,Profil VOLTIVA Z501,Profil patentat VOLTIVA Z501 pentru tavane extensibile din țesătură. În profilul VOLTIVA Z501® se montează iluminatul pe șină.,,alumineu,Aluminiu,negru mat,144.58 RON,https://alumineu.ro/produse/profile-cu-clema/sina/voltiva-z501?editionuid=333574672972,https://drive.google.com/uc?id=1Bw406T2tPlLvLHEKSZHFK_BmPdrrgMoV,new,in stock,100,,,7112,1457
,dublu nivel,unitexa_z701,zSQvbSNEiHa6S1KQEwaCY2,Profil UNITEXA Z701,Profil patentat UNITEXA Z701 pentru realizarea nișelor de tavan și a corpurilor de iluminat în tavanele extensibile din țesătură.,,alumineu,Aluminiu,negru mat,65.06 RON,https://alumineu.ro/produse/profile-cu-clema/dublu-nivel/unitexa-z701?editionuid=904775031772,,new,in stock,100,,,7112,1457
,dublu nivel,unitexa_z701,SQKcK9vigikWY0Agh6ZSX0,Profil UNITEXA Z701,Profil patentat UNITEXA Z701 pentru realizarea nișelor de tavan și a corpurilor de iluminat în tavanele extensibile din țesătură.,,alumineu,Aluminiu,alb mat,65.06 RON,https://alumineu.ro/produse/profile-cu-clema/dublu-nivel/unitexa-z701?editionuid=142075302762,,new,in stock,100,,,7112,1457
,inserții,inserta_y008,5A33vrjxg2INi6FdYvYHV1,Inserție INSERTA Y008,"Inserție de separare INSERTA Y008 pentru profilele CURTINA X405, STRATOS X701, STRATOS X704",,alumineu,Clorură de polivinil – deschis,lăptos,2.41 RON,https://alumineu.ro/tproduct/394448842072-inserta-y008?editionuid=698879683832,https://drive.google.com/uc?id=1VBfVypSVQdSZAOdNKUfOk6TWz4apJ9-9,new,in stock,100,,,7112,1457
,inserții,inserta_y008,Zm1YLzGFjDyJzl5BQ2AZK2,Inserție INSERTA Y008,"Inserție de separare INSERTA Y008 pentru profilele CURTINA X405, STRATOS X701, STRATOS X704",,alumineu,Clorură de polivinil – deschis,negru,2.41 RON,https://alumineu.ro/tproduct/394448842072-inserta-y008?editionuid=569361295072,https://drive.google.com/uc?id=1VBfVypSVQdSZAOdNKUfOk6TWz4apJ9-9,new,in stock,100,,,7112,1457
,inserții,inserta_y015,jWf3YVZMj28oz3Vn9Ruwa1,Inserție INSERTA Y015,"Inserție de difuzie a luminii pentru profilele LIGHTRA X015, CURTINA X405, STRATOS X702",,alumineu,Clorură de polivinil,lăptos,3.86 RON,https://alumineu.ro/tproduct/491476579732-inserta-y015?editionuid=614951245542,https://drive.google.com/uc?id=1ASsbKkOhxsqvuRhQTlkuEnQFv_1geFz2,new,in stock,100,,,7112,1457
,inserții,inserta_y015_f,CWpGaKdlgRQIwS9TWZI6n0,Inserție INSERTA Y015 F,"Inserție de difuzie a luminii pentru profilele FLOATIA X302, FLOATIA X303",,alumineu,Clorură de polivinil,lăptos,7.23 RON,https://alumineu.ro/tproduct/542484472972-inserta-y015-f?editionuid=212309594222,https://drive.google.com/uc?id=1ASsbKkOhxsqvuRhQTlkuEnQFv_1geFz2,new,in stock,100,,,7112,1457
,inserții,inserta_y030,MP9kMK6mg9LT--ZPdvSbb1,Inserție INSERTA Y030,Inserție de difuzie a luminii pentru profilele LIGHTRA X030,,alumineu,Clorură de polivinil,lăptos,7.23 RON,https://alumineu.ro/tproduct/403840388992-inserta-y030?editionuid=419150027512,,new,in stock,100,,,7112,1457
,difuzoare,diffusy_y108,I8dRSyr4j1PDRW6-je8T00,Difuzor DIFFUSY Y108,Difuzor pentru profile LUMNOVA Z008.,,alumineu,Policarbonat,lăptos,36.14 RON,https://alumineu.ro/produse/accesorii/difuzoare/diffusy-y108?editionuid=589002421432,,new,in stock,100,,,7112,1457
,difuzoare,diffusy_y114,SVjKGGnNhIO8Ovbe-z0yF3,Difuzor DIFFUSY Y114,"Difuzor de lumină pentru profile LIGHTRA X015, CURTINA X405, STRATOS X702.",,alumineu,Policarbonat,lăptos,7.23 RON,https://alumineu.ro/tproduct/135491542972-diffusy-y114?editionuid=304306005972,https://drive.google.com/uc?id=10kpvKhzUh4pwJTwFLuolfHgmMHF7Cro1,new,in stock,100,,,7112,1457
,difuzoare,diffusy_y130,5ET97eXngrRKDRbIJ4YhN2,Difuzor DIFFUSY Y130,"Difuzor de lumină pentru profile LIGHTRA X030, LIGHTRA X030 S.",,alumineu,Policarbonat,lăptos,9.64 RON,https://alumineu.ro/tproduct/281981378952-diffusy-y130?editionuid=767414018712,,new,in stock,100,,,7112,1457
,difuzoare,diffusy_y130,yfcIPkXYi7hGeHi9sRjg51,Difuzor DIFFUSY Y130 B,"Difuzor de lumină pentru profile LIGHTRA X030, LIGHTRA X030 S.",,alumineu,Policarbonat,negru,12.05 RON,https://alumineu.ro/tproduct/281981378952-diffusy-y130?editionuid=485436923792,,new,in stock,100,,,7112,1457
,difuzoare,diffusy_y134,OKOeFss5i43IMv6ZjYcRM3,Difuzor DIFFUSY Y134,Difuzor de lumină pentru profile CURTINA X407.,,alumineu,Policarbonat,lăptos,12.05 RON,https://alumineu.ro/tproduct/136496325732-diffusy-y134?editionuid=759332458082,,new,in stock,100,,,7112,1457
,difuzoare,diffusy_y150,Z0jQpgcsgfNvDPq3zycpi1,Difuzor DIFFUSY Y150,"Difuzor de lumină pentru profile CURTINA X405, STRATOS X701, STRATOS X704.",,alumineu,Policarbonat,lăptos,14.46 RON,https://alumineu.ro/tproduct/763859363792-diffusy-y150?editionuid=254446403042,,new,in stock,100,,,7112,1457
,capace de capăt,endcapp_y201,h5ANH4hyhaQ0ahlbaV9nf3,Capac de capăt ENDCAPP Y201,Capăt pentru delimitarea liniei luminoase pentru profilul LIGHTRA X015.,,alumineu,X015,negru lucios,4.82 RON,https://alumineu.ro/produse/accesorii/capace-de-capat/endcapp-y201?editionuid=676735416342,,new,in stock,100,,,7112,1457
,capace de capăt,endcapp_y202,9wJD0JkkglPzVeK5rRpif0,Capac de capăt ENDCAPP Y202,Capăt pentru delimitarea liniei luminoase pentru profilul LIGHTRA X030.,,alumineu,X030,negru lucios,4.82 RON,https://alumineu.ro/produse/accesorii/capace-de-capat/endcapp-y202?editionuid=177330421632,,new,in stock,100,,,7112,1457
,capace de capăt,endcapp_y203,gjxLSmpZiFX6ORefsKjSS1,Capac de capăt ENDCAPP Y203,Capăt pentru delimitarea liniei luminoase pentru profilul LIGHTRA X050.,,alumineu,X050,negru lucios,4.82 RON,https://alumineu.ro/produse/accesorii/capace-de-capat/endcapp-y203?editionuid=126408199142,,new,in stock,100,,,7112,1457
,capace de capăt,endcapp_y204,mY3nP58iiQbbhe6E8ifuq2,Capac de capăt ENDCAPP Y204,Capăt pentru delimitarea liniei luminoase pentru profilul LIGHTRA X050.,,alumineu,X030 s,negru lucios,4.82 RON,https://alumineu.ro/produse/accesorii/capace-de-capat/endcapp-y204?editionuid=111263757932,,new,in stock,100,,,7112,1457
,capace de capăt,endcapp_y205,s3hlPBkThtLs9b-VgS5-72,Capac de capăt ENDCAPP Y205,Capăt pentru profilul CURTINA X405.,,alumineu,X405,negru mat,24.10 RON,https://alumineu.ro/produse/accesorii/capace-de-capat/endcapp-y205?editionuid=339882443902,,new,in stock,100,,,7112,1457
,capace de capăt,endcapp_y205,0tjwIdlUikOX0Ujz8iz0g0,Capac de capăt ENDCAPP Y205,Capăt pentru profilul CURTINA X405.,,alumineu,X405,alb mat,24.10 RON,https://alumineu.ro/produse/accesorii/capace-de-capat/endcapp-y205?editionuid=810085484922,,new,in stock,100,,,7112,1457
,capace de capăt,endcapp_y206,qbmrWdNBhQrZ9Ppq1rO-N2,Capac de capăt ENDCAPP Y206,Capăt pentru profilul CURTINA X406.,,alumineu,X406,negru mat,9.64 RON,https://alumineu.ro/produse/accesorii/capace-de-capat/endcapp-y206?editionuid=716456601892,,new,in stock,100,,,7112,1457
,capace de capăt,endcapp_y206,tPFY8g6HhI3goBhXwFAdR2,Capac de capăt ENDCAPP Y206,Capăt pentru profilul CURTINA X406.,,alumineu,X406,alb mat,9.64 RON,https://alumineu.ro/produse/accesorii/capace-de-capat/endcapp-y206?editionuid=154341777782,,new,in stock,100,,,7112,1457
,capace de capăt,endcapp_y207,cLEZP2Ssga1osq6fjuzBl3,Capac de capăt ENDCAPP Y207,Capăt pentru profilul INVISIA X207.,,alumineu,X207,negru mat,9.64 RON,https://alumineu.ro/produse/accesorii/capace-de-capat/endcapp-y207?editionuid=852370180662,,new,in stock,100,,,7112,1457
,capace de capăt,endcapp_y208,zk72JAY9i0ugmwAbZomQB0,Capac de capăt ENDCAPP Y208,Capăt de protecție pentru profilul CURTINA X405 M.,,alumineu,X405 m,alb mat,24.10 RON,https://alumineu.ro/produse/accesorii/capace-de-capat/endcapp-y208?editionuid=593269097464,,new,in stock,100,,,7112,1457
,capace de capăt,endcapp_y208,cs1iWyovjnR0O5ccF07Z40,Capac de capăt ENDCAPP Y208,Capăt de protecție pentru profilul CURTINA X405 M.,,alumineu,X405 m,negru mat,24.10 RON,https://alumineu.ro/produse/accesorii/capace-de-capat/endcapp-y208?editionuid=646001084042,,new,in stock,100,,,7112,1457
,capace de capăt,endcapp_y209,caaW9qg3jIDvmqBhtmo3R3,Capac de capăt ENDCAPP Y209,Capăt de protecție pentru profilul LUMNOVA Z008.,,alumineu,Z008,negru mat,60.24 RON,https://alumineu.ro/produse/accesorii/capace-de-capat/endcapp-y209?editionuid=471189498522,,new,in stock,100,,,7112,1457
,capace de capăt,endcapp_y210,XfbpuCp4jKYvNsRl05mSV0,Capac de capăt ENDCAPP Y210,Capăt de protecție pentru profilul TISSURE Z401.,,alumineu,Z401,alb mat,66.27 RON,https://alumineu.ro/produse/accesorii/capace-de-capat/endcapp-y210?editionuid=112268938532,,new,in stock,100,,,7112,1457
,capace de capăt,endcapp_y210,Ue5JxBS6h-xDmc-T5sYN21,Capac de capăt ENDCAPP Y210,Capăt de protecție pentru profilul TISSURE Z401.,,alumineu,Z401,negru mat,66.27 RON,https://alumineu.ro/produse/accesorii/capace-de-capat/endcapp-y210?editionuid=542532211642,,new,in stock,100,,,7112,1457
,capace de capăt,endcapp_y211,w7Y6MOgigz2Y0sizhfBYt3,Capac de capăt ENDCAPP Y211,Capăt de protecție pentru profilul TISSURE Z405.,,alumineu,Z405,alb mat,126.51 RON,https://alumineu.ro/produse/accesorii/capace-de-capat/endcapp-y211?editionuid=218311436652,,new,in stock,100,,,7112,1457
,capace de capăt,endcapp_y211,B-1IK5jxibF9dkLSg6OE11,Capac de capăt ENDCAPP Y211,Capăt de protecție pentru profilul TISSURE Z405.,,alumineu,Z405,negru mat,126.51 RON,https://alumineu.ro/produse/accesorii/capace-de-capat/endcapp-y211?editionuid=290783598622,,new,in stock,100,,,7112,1457
,capace de capăt,endcapp_y212,Y7HL3H--ifpDooOZXnkT61,Capac de capăt ENDCAPP Y212,Capăt de protecție pentru profilul VOLTIVA Z501.,,alumineu,Z501,negru mat,102.41 RON,https://alumineu.ro/produse/accesorii/capace-de-capat/endcapp-y212?editionuid=516561021822,,new,in stock,100,,,7112,1457
,cleme,lockium_y301,TssncDOBgvi587XAXxOMF2,Clemă LOCKIUM Y301,Clemă LOCKIUM Y301 pentru fixarea foliei de tavan în profile cu clemă.,,alumineu,-,alb,7.23 RON,https://alumineu.ro/produse/accesorii/cleme/lockium-y301?editionuid=953956018222,,new,in stock,100,,,7112,1457
,elemente de fixare,anglova_y401,5Iae0Kl7jHu3J80n7k6Nu3,Element de fixare ANGLOVA Y401,Element de fixare pentru montarea profilului la tavan.,,alumineu,Oțel galvanizat,nevopsit,1.93 RON,https://alumineu.ro/tproduct/920141555912-anglova-y401?editionuid=555776503232,https://drive.google.com/uc?id=12oM2Uf8ge0GHoi0KL4CtZC95nD8gpaJ1,new,in stock,100,,,7112,1457
,conectori,jointek_y603,68OGLVL0i2Yh2ygfi-iJ00,Conector drept JOINTEK Y603,"Conector drept JOINTEK Y603, set pentru conectarea directă a profilelor.",,alumineu,Z701,-,24.10 RON,https://alumineu.ro/produse/accesorii/conectori/jointek-y604,,new,in stock,100,,,7112,1457
,conectori,jointek_y604,BxeEFynvjXZ-sYop6JbwX1,Conector unghiular JOINTEK Y604,"Conector unghiular JOINTEK Y604, set pentru îmbinarea directă a profilelor.",,alumineu,Z701,-,24.10 RON,https://alumineu.ro/produse/accesorii/conectori/jointek-y604,,new,in stock,100,,,7112,1457
,conectori,jointek_y605,3MLLHH2IjgqO47skfI06r2,Conector drept JOINTEK Y605,"Conector drept JOINTEK Y605, set pentru îmbinarea directă a profilelor.",,alumineu,Z501,-,48.19 RON,https://alumineu.ro/produse/accesorii/conectori/jointek-y605,,new,in stock,100,,,7112,1457
,conectori,jointek_y606,PQjsDtuygZ8U2CBSD-yFM3,Conector unghiular JOINTEK Y606,"Conector unghiular JOINTEK Y606, set pentru îmbinarea directă a profilelor.",,alumineu,Z501,-,48.19 RON,https://alumineu.ro/produse/accesorii/conectori/jointek-y606,,new,in stock,100,,,7112,1457
,cârlige,hookara_y701,mCFJaYpDhGQpcRyrmU8W81,cârlige HOOKARA Y701,"Cârlige pentru profile de cornișă alumineu CURTINA X402, CURTINA X403, CURTINA X404, CURTINA X405, CURTINA X406, CURTINA X407, CURTINA X408, CURTINA X409, CURTINA X410, CURTINA X411, TISSURE Z405.",,alumineu,-,negru,19.28 RON,https://alumineu.ro/produse/accesorii/carlige/hookara-y701?editionuid=607699718622,https://drive.google.com/uc?id=1Am-KW75AE2T67UZKpkaY_ByuPZmt0ksX,new,in stock,100,,,7112,1457
,cârlige,hookara_y701,46uEut1Sg0K3ORag6S9WZ0,cârlige HOOKARA Y701,"Cârlige pentru profile de cornișă alumineu CURTINA X402, CURTINA X403, CURTINA X404, CURTINA X405, CURTINA X406, CURTINA X407, CURTINA X408, CURTINA X409, CURTINA X410, CURTINA X411, TISSURE Z405.",,alumineu,-,alb,19.28 RON,https://alumineu.ro/produse/accesorii/carlige/hookara-y701?editionuid=560023745642,https://drive.google.com/uc?id=1Am-KW75AE2T67UZKpkaY_ByuPZmt0ksX,new,in stock,100,,,7112,1457
,cârlige,slidene_y702,AxdssG3zilcc0nq8IRQCg0,glisoare SLIDENE Y702,"Glisoare pentru profile de cornișă alumineu CURTINA X402, CURTINA X403, CURTINA X404, CURTINA X405, CURTINA X406, CURTINA X407, CURTINA X408, CURTINA X409, CURTINA X410, CURTINA X411, TISSURE Z405.",,alumineu,-,alb,57.83 RON,https://alumineu.ro/produse/accesorii/carlige/slidene-y702?editionuid=344794172552,,new,in stock,100,,,7112,1457
,cârlige,slidene_y703,5AoNq6UdhMzzZcpcgTh5m0,glisoare SLIDENE Y703,"Glisoare pentru profile de cornișă alumineu CURTINA X405 M, TISSURE Z401.",,alumineu,-,alb,3.13 RON,https://alumineu.ro/produse/accesorii/carlige/slidene-y703?editionuid=791811575892,,new,in stock,100,,,7112,1457
,cârlige,slidene_y703,FJSc0Zp5hm1Mg4SMhSTTh0,glisoare SLIDENE Y703,"Glisoare pentru profile de cornișă alumineu CURTINA X405 M, TISSURE Z401.",,alumineu,-,negru,3.13 RON,https://alumineu.ro/produse/accesorii/carlige/slidene-y703?editionuid=761580362334,,new,in stock,100,,,7112,1457
,cârlige,hookend_y704,rTvzIoD8go7VbGrUSWHeb2,Opritor HOOKEND Y704,Opritoare pentru profile de cornișă Alumineu.,,alumineu,-,negru,2.41 RON,https://alumineu.ro/produse/accesorii/opritoare/hookend-y704?editionuid=424894777382,,new,in stock,100,,,7112,1457
,cârlige,hookend_y704,ysB7srkLhvaXhUm2B-WED1,Opritor HOOKEND Y704,Opritoare pentru profile de cornișă Alumineu.,,alumineu,-,alb,2.41 RON,https://alumineu.ro/produse/accesorii/opritoare/hookend-y704?editionuid=525005778822,,new,in stock,100,,,7112,1457
,unelte,spatula_y801,LAScFxUfgjRWkQO7x3vPO3,Spatulă de montaj SPATULA Y801,Spatulă pentru introducerea harponului în profil INVISIA X205.,,alumineu,X205,-,107.23 RON,https://alumineu.ro/produse/accesorii/unelte/spatula-y801,,new,in stock,100,,,7112,1457
,unelte,spatula_y802,yhUnPSjLg-Bdtn9a16e4K1,Spatulă de montaj SPATULA Y802,Spatulă pentru introducerea harponului în profile etanși.,,alumineu,CLASSIX,-,107.23 RON,https://alumineu.ro/produse/accesorii/unelte/spatula-y802,,new,in stock,100,,,7112,1457
,unelte,spatula_y803,7EuwsAnyhMnvk1iniWvNZ2,Spatulă de montaj SPATULA Y803,Spatulă pentru introducerea harponului în profile etanși.,,alumineu,CLASSIX,-,107.23 RON,https://alumineu.ro/produse/accesorii/unelte/spatula-y803,,new,in stock,100,,,7112,1457
,unelte,spatula_y804,R2Byo-ePivRzvVzZ6j3813,Spatulă de montaj SPATULA Y804,"Spatulă cu strat de teflon pentru introducerea materialului textil și a pânzei întinse în profile cu clemă LUMNOVA Z008, TISSURE Z401, TISSURE Z405, VOLTIVA Z501, UNITEXA Z701, AERROLL.",,alumineu,Cu acoperire teflonată,-,253.01 RON,https://alumineu.ro/produse/accesorii/unelte/spatula-y804,,new,in stock,100,,,7112,1457
,unelte,praseka_y805,zVHat4UNjWloiFXNPDt4r0,Perforator PRASEKA Y805,"Unealtă pentru realizarea găurilor ovale în profile de cornișă CURTINA X402, CURTINA X403, CURTINA X404, CURTINA X405, CURTINA X406, CURTINA X407, CURTINA X408, CURTINA X409, CURTINA X410, CURTINA X411, TISSURE Z405.",,alumineu,Rotunjit – 15 x 8 mm,-,313.25 RON,https://alumineu.ro/produse/accesorii/unelte/spatula-y805,,new,in stock,100,,,7112,1457
,dispozitive,stuslon_y901,yhkL5hiDgxPikbdZZ9Fw-2,Dispozitiv STUSLON Y901,Dispozitiv alumineu STUSLON Y901 pentru tăierea difuzorului DIFFUSY Y130.,,alumineu,Y130,-,8.49 RON,https://alumineu.ro/produse/accesorii/dizpozitive/stuslon-y901,,new,in stock,100,,,7112,1457
,dispozitive,stuslon_y902,Ttlz5AqejNP0X23dgdQNF0,Dispozitiv STUSLON Y902,Dispozitive din aluminiu STUSLON Y902 pentru tăierea DIFFUSY Y150.,,alumineu,Y150,-,9.64 RON,https://alumineu.ro/produse/accesorii/dizpozitive/stuslon-y902,,new,in stock,100,,,7112,1457
,dispozitive,stuslon_y903,6BeeaaaDifZDxIxPgfCsB2,Dispozitiv STUSLON Y903,Dispozitiv din aluminiu STUSLON Y903 pentru tăierea INSERTA Y015 F.,,alumineu,Y015 f,-,8.43 RON,https://alumineu.ro/produse/accesorii/dizpozitive/stuslon-y903,,new,in stock,100,,,7112,1457
,dispozitive,stabile_y904,OZHBJ5GwjxX4GRRLp--5I0,Dispozitiv STABILE Y904,Dispozitiv pentru tăierea profilului INVISIA X202.,,alumineu,X202,-,48.19 RON,https://alumineu.ro/produse/accesorii/dizpozitive/stuslon-y904,,new,in stock,100,,,7112,1457
,dispozitive,stabile_y905,YvBn2CQPjF0bZ9wS2Otu83,Dispozitiv STABILE Y905,Dispozitiv pentru tăierea profilului INVISIA X205.,,alumineu,X205,-,48.19 RON,https://alumineu.ro/produse/accesorii/dizpozitive/stuslon-y905,,new,in stock,100,,,7112,1457
,dispozitive,stabile_y906,BhYSYrYwjZw4w-mkseFLK1,Dispozitiv STABILE Y906,Dispozitiv pentru tăierea profilului FLOATIA X302.,,alumineu,X302,-,48.19 RON,https://alumineu.ro/produse/accesorii/dizpozitive/stuslon-y906,,new,in stock,100,,,7112,1457
,reducții de ventilație,aerooom_y911,kKSei7ZTjZ4PuyPiq34942,Reducție de ventilație AEROOOM Y911,"Reducție de ventilație pentru conectarea profilelor AEROOOM, AERROLL, INVISIA X207 cu canalele de aer.",,alumineu,-,-,72.29 RON,https://alumineu.ro/produse/accesorii/reduciepentruventilaie/aeroom-y911?editionuid=886581746454,"https://drive.google.com/uc?id=1-TCJIr40Z_WouNhZWb9H260SvIV9RhI0, https://drive.google.com/uc?id=1lz1B2MIyP3vPWtK4lsvvOa2SL-K5DiZc",new,in stock,100,,,7112,1457
,difuzoare cu fante,aerooom,67Bbx0xngULuV9UzemHTF3,ventilație AEROOOM W007,Difuzor liniar cu fante pentru montaj ascuns din aluminiu AEROOOM în tavan extensibil.,,alumineu,Lungime 700 mm,negru mat,346.99 RON,https://alumineu.ro/produse/ventilatie/difuzoare-cu-fante/aerooom?editionuid=706260013052,"https://drive.google.com/uc?id=1-TCJIr40Z_WouNhZWb9H260SvIV9RhI0, https://drive.google.com/uc?id=1lz1B2MIyP3vPWtK4lsvvOa2SL-K5DiZc",new,in stock,100,,,7112,1457
,difuzoare cu fante,aerooom,jvZowSDbjriTyuZ4gKOP73,ventilație AEROOOM W010,Difuzor liniar cu fante pentru montaj ascuns din aluminiu AEROOOM în tavan extensibil.,,alumineu,Lungime 1000 mm,negru mat,433.73 RON,https://alumineu.ro/produse/ventilatie/difuzoare-cu-fante/aerooom?editionuid=803109027452,"https://drive.google.com/uc?id=1-TCJIr40Z_WouNhZWb9H260SvIV9RhI0, https://drive.google.com/uc?id=1lz1B2MIyP3vPWtK4lsvvOa2SL-K5DiZc",new,in stock,100,,,7112,1457
,difuzoare cu fante,aerooom,QUUROkmnjacZooCUHKa9k1,ventilație AEROOOM W014,Difuzor liniar cu fante pentru montaj ascuns din aluminiu AEROOOM în tavan extensibil.,,alumineu,Lungime 1400 mm,negru mat,481.93 RON,https://alumineu.ro/produse/ventilatie/difuzoare-cu-fante/aerooom?editionuid=486882816912,"https://drive.google.com/uc?id=1-TCJIr40Z_WouNhZWb9H260SvIV9RhI0, https://drive.google.com/uc?id=1lz1B2MIyP3vPWtK4lsvvOa2SL-K5DiZc",new,in stock,100,,,7112,1457
,difuzoare cu fante,aerroll,KKdTYiB5ilH9EwahKpKah0,ventilație AERROLL Z007,Difuzor liniar cu fante pentru montaj ascuns Alumineu AERROLL pentru material textil în tavan extensibil.,,alumineu,Lungime 700 mm,negru mat,710.84 RON,https://alumineu.ro/produse/ventilatie/difuzoare-cu-fante/aerroll?editionuid=524475509742,"https://drive.google.com/uc?id=1YVgm1sgIFNHm_HPju16k9zmAnQ9aLNj6, https://drive.google.com/uc?id=1iIbmZ_hCRgqh3Hg4bgUiB2LrW14jSWIF",new,in stock,100,,,7112,1457
,difuzoare cu fante,aerroll,ARWzP670jnmjJZpK5JsEU1,ventilație AERROLL Z010,Difuzor liniar cu fante pentru montaj ascuns Alumineu AERROLL pentru material textil în tavan extensibil.,,alumineu,Lungime 1000 mm,negru mat,903.61 RON,https://alumineu.ro/produse/ventilatie/difuzoare-cu-fante/aerroll?editionuid=766815740002,"https://drive.google.com/uc?id=1YVgm1sgIFNHm_HPju16k9zmAnQ9aLNj6, https://drive.google.com/uc?id=1iIbmZ_hCRgqh3Hg4bgUiB2LrW14jSWIF",new,in stock,100,,,7112,1457
,difuzoare cu fante,aerroll,xP5AwirJg8GaTPI5ZRvbx2,ventilație AERROLL Z014,Difuzor liniar cu fante pentru montaj ascuns Alumineu AERROLL pentru material textil în tavan extensibil.,,alumineu,Lungime 1400 mm,negru mat,963.86 RON,https://alumineu.ro/produse/ventilatie/difuzoare-cu-fante/aerroll?editionuid=409179818542,"https://drive.google.com/uc?id=1YVgm1sgIFNHm_HPju16k9zmAnQ9aLNj6, https://drive.google.com/uc?id=1iIbmZ_hCRgqh3Hg4bgUiB2LrW14jSWIF",new,in stock,100,,,7112,1457
,despărțitoare,decorra,Uol4AUi6iIvTMzs54EO9j2,Despărțitor DECORRA H005,Despărțitoare decorative din aluminiu Alumineu DECCORA pentru montaj în tavan extensibil.,,alumineu,Lungime 500 mm,negru mat,867.47 RON,https://alumineu.ro/tproduct/749903659052-decorra?editionuid=944063163902,,new,in stock,100,,,7112,1457
,despărțitoare,decorra,ergHrlZUg2QIND1V8IhSJ2,Despărțitor DECORRA H005,Despărțitoare decorative din aluminiu Alumineu DECCORA pentru montaj în tavan extensibil.,,alumineu,Lungime 500 mm,alb mat,867.47 RON,https://alumineu.ro/tproduct/749903659052-decorra?editionuid=458412720982,,new,in stock,100,,,7112,1457
,despărțitoare,decorra,bmi8XCqTjEWJdGyaSuIyc0,Despărțitor DECORRA H010,Despărțitoare decorative din aluminiu Alumineu DECCORA pentru montaj în tavan extensibil.,,alumineu,Lungime 1000 mm,negru mat,1566.27 RON,https://alumineu.ro/tproduct/749903659052-decorra?editionuid=321097006522,,new,in stock,100,,,7112,1457
,despărțitoare,decorra,lp4e5bsYjDqziPV39cnuC2,Despărțitor DECORRA H010,Despărțitoare decorative din aluminiu Alumineu DECCORA pentru montaj în tavan extensibil.,,alumineu,Lungime 1000 mm,alb mat,1566.27 RON,https://alumineu.ro/tproduct/749903659052-decorra?editionuid=955812821282,,new,in stock,100,,,7112,1457
,despărțitoare,decorra,Mi1z6scziBgnL27xWxmwT2,Despărțitor DECORRA H015,Despărțitoare decorative din aluminiu Alumineu DECCORA pentru montaj în tavan extensibil.,,alumineu,Lungime 1500 mm,negru mat,2313.25 RON,https://alumineu.ro/tproduct/749903659052-decorra?editionuid=379781585392,,new,in stock,100,,,7112,1457
,despărțitoare,decorra,1DXQpiEKjE3GouFX6fQLj1,Despărțitor DECORRA H015,Despărțitoare decorative din aluminiu Alumineu DECCORA pentru montaj în tavan extensibil.,,alumineu,Lungime 1500 mm,alb mat,2313.25 RON,https://alumineu.ro/tproduct/749903659052-decorra?editionuid=783208794242,,new,in stock,100,,,7112,1457
