"Tilda UID";Brand;SKU;Mark;Category;Title;Description;Text;Photo;Price;Quantity;"Price Old";Editions;Modifications;"External ID";"Parent UID";Weight;Length;Width;Height;Url
349381364424;;;;"harpoon profiles>>>shadow";"Profile INVISIA X201";;;https://static.tildacdn.com/stor3565-3861-4536-a563-346434643235/70957155.png;;;;;;invisia_x201;;0;0;0;0;https://alumineu.com/products/harpoon-profiles/shadow/invisia-x201
415709907174;;;;;"Profile INVISIA X201 - black matte";;;https://static.tildacdn.com/stor3565-3861-4536-a563-346434643235/70957155.png;10.40;99;;"Color:black matte";;oo9OjTbNgZ8SJAWgghj610;349381364424;0;0;0;0;https://alumineu.com/products/harpoon-profiles/shadow/invisia-x201?editionuid=415709907174
152149390304;;;;"harpoon profiles>>>lighting";"Profile LIGHTRA X030";;;https://static.tildacdn.com/stor3637-3962-4539-a565-356436646363/72265808.png;;;;;;lightra_x030;;0;0;0;0;https://alumineu.com/products/harpoon-profiles/light/lightra-x030
707683365734;;;;;"Profile LIGHTRA X030 - no color";;;https://static.tildacdn.com/stor3637-3962-4539-a565-356436646363/72265808.png;4.15;79;;"Color:no color";;Rv6KF1WLiPamjAv2BaZge3;152149390304;0;0;0;0;https://alumineu.com/products/harpoon-profiles/light/lightra-x030?editionuid=707683365734
637159238624;;;;"harpoon profiles>>>lighting";"Profile LIGHTRA X015";;;https://static.tildacdn.com/stor3838-3532-4664-a234-363639376534/89857357.png;;;;;;lightra_x015;;0;0;0;0;https://alumineu.com/products/harpoon-profiles/light/lightra-x015
631446513984;;;;;"Profile LIGHTRA X015 - no color";;;https://static.tildacdn.com/stor3838-3532-4664-a234-363639376534/89857357.png;3.11;57;;"Color:no color";;olHJtrUhhLVDB5FN2Is6G0;637159238624;0;0;0;0;https://alumineu.com/products/harpoon-profiles/light/lightra-x015?editionuid=631446513984
534487951814;;;;"harpoon profiles>>>lighting";"Profile LIGHTRA X030 s";;;https://static.tildacdn.com/stor6130-3035-4634-b561-346435646161/65386346.png;;;;;;lightra_x030_s;;0;0;0;0;https://alumineu.com/products/harpoon-profiles/light/lightra-x030-s
959868546004;;;;;"Profile LIGHTRA X030 s - no color";;;https://static.tildacdn.com/stor6130-3035-4634-b561-346435646161/65386346.png;3.63;48;;"Color:no color";;MzeeWUC0gyE9JJJLbz34v3;534487951814;0;0;0;0;https://alumineu.com/products/harpoon-profiles/light/lightra-x030-s?editionuid=959868546004
484188637364;;;;"harpoon profiles>>>lighting";"Profile LIGHTRA X050";;;https://static.tildacdn.com/stor6436-3837-4938-a633-666335616437/33846174.png;;;;;;lightra_x050;;0;0;0;0;https://alumineu.com/products/harpoon-profiles/light/lightra-x050
619983884654;;;;;"Profile LIGHTRA X050 - no color";;;https://static.tildacdn.com/stor6436-3837-4938-a633-666335616437/33846174.png;4.67;99;;"Color:no color";;wDQZybWWgNkn2Zq49zPi30;484188637364;0;0;0;0;https://alumineu.com/products/harpoon-profiles/light/lightra-x050?editionuid=619983884654
485721447824;;;;"harpoon profiles>>>cornice";"Profile CURTINA X402";;;https://static.tildacdn.com/stor6161-3534-4538-a664-646161303764/42891345.png;;;;;;curtina_x402;;0;0;0;0;https://alumineu.com/products/harpoon-profiles/cornice/curtina-x402
535578291034;;;;;"Profile CURTINA X402 - white gloss - 2,2 lm";;;https://static.tildacdn.com/stor6161-3534-4538-a664-646161303764/42891345.png;27.40;99;;"Color:white gloss;Length:2,2 lm";;e9yQf8rDjzi3XjGnnx3Iw3;485721447824;0;0;0;0;https://alumineu.com/products/harpoon-profiles/cornice/curtina-x402?editionuid=535578291034
366578292554;;;;;"Profile CURTINA X402 - black matte - 2,2 lm";;;https://static.tildacdn.com/stor6161-3534-4538-a664-646161303764/42891345.png;27.40;100;;"Color:black matte;Length:2,2 lm";;DKTDmwA2icCZL2vSUjXum3;485721447824;0;0;0;0;https://alumineu.com/products/harpoon-profiles/cornice/curtina-x402?editionuid=366578292554
294848956284;;;;;"Profile CURTINA X402 - white gloss - 3,2 lm";;;https://static.tildacdn.com/stor6161-3534-4538-a664-646161303764/42891345.png;39.85;98;;"Color:white gloss;Length:3,2 lm";;vdjAWIcdhHNfZhVE150J92;485721447824;0;0;0;0;https://alumineu.com/products/harpoon-profiles/cornice/curtina-x402?editionuid=294848956284
209603887604;;;;;"Profile CURTINA X402 - black matte - 3,2 lm";;;https://static.tildacdn.com/stor6161-3534-4538-a664-646161303764/42891345.png;39.85;99;;"Color:black matte;Length:3,2 lm";;eePmEHIghXucCCjWcE2zy3;485721447824;0;0;0;0;https://alumineu.com/products/harpoon-profiles/cornice/curtina-x402?editionuid=209603887604
573627009414;;;;"harpoon profiles>>>cornice";"Profile CURTINA X403";;;https://static.tildacdn.com/stor6262-3964-4433-a330-363230316365/42449150.png;;;;;;curtina_x403;;0;0;0;0;https://alumineu.com/products/harpoon-profiles/cornice/curtina-x403
406739692434;;;;;"Profile CURTINA X403 - white matte - 2,0 lm";;;https://static.tildacdn.com/stor6262-3964-4433-a330-363230316365/42449150.png;29.06;98;;"Color:white matte;Length:2,0 lm";;yUubMVw1hqQAZdBztKRgZ2;573627009414;0;0;0;0;https://alumineu.com/products/harpoon-profiles/cornice/curtina-x403?editionuid=406739692434
681009609414;;;;;"Profile CURTINA X403 - black matte - 2,0 lm";;;https://static.tildacdn.com/stor6262-3964-4433-a330-363230316365/42449150.png;29.06;0;;"Color:black matte;Length:2,0 lm";;hSqFGvnTjaggVAymnovmh0;573627009414;0;0;0;0;https://alumineu.com/products/harpoon-profiles/cornice/curtina-x403?editionuid=681009609414
375002317964;;;;;"Profile CURTINA X403 - white gloss - 2,2 lm";;;https://static.tildacdn.com/stor6262-3964-4433-a330-363230316365/42449150.png;31.96;98;;"Color:white gloss;Length:2,2 lm";;smfA9ADrg9P4AffHsiprN2;573627009414;0;0;0;0;https://alumineu.com/products/harpoon-profiles/cornice/curtina-x403?editionuid=375002317964
364376584494;;;;;"Profile CURTINA X403 - black matte - 2,2 lm";;;https://static.tildacdn.com/stor6262-3964-4433-a330-363230316365/42449150.png;31.96;100;;"Color:black matte;Length:2,2 lm";;Hxf-n56DhLa95Jq8oTmSb3;573627009414;0;0;0;0;https://alumineu.com/products/harpoon-profiles/cornice/curtina-x403?editionuid=364376584494
641987260674;;;;;"Profile CURTINA X403 - white matte - 3,2 lm";;;https://static.tildacdn.com/stor6262-3964-4433-a330-363230316365/42449150.png;46.49;98;;"Color:white matte;Length:3,2 lm";;i3hGepcZiU3L8JqEJ2rtV0;573627009414;0;0;0;0;https://alumineu.com/products/harpoon-profiles/cornice/curtina-x403?editionuid=641987260674
531211385824;;;;;"Profile CURTINA X403 - white gloss - 3,2 lm";;;https://static.tildacdn.com/stor6262-3964-4433-a330-363230316365/42449150.png;46.49;99;;"Color:white gloss;Length:3,2 lm";;34WwfpBUjupvpuPa3EpLr3;573627009414;0;0;0;0;https://alumineu.com/products/harpoon-profiles/cornice/curtina-x403?editionuid=531211385824
272879839094;;;;;"Profile CURTINA X403 - black matte - 3,2 lm";;;https://static.tildacdn.com/stor6262-3964-4433-a330-363230316365/42449150.png;46.49;98;;"Color:black matte;Length:3,2 lm";;jx2sQ0lhiTZsQVWNF9X2z0;573627009414;0;0;0;0;https://alumineu.com/products/harpoon-profiles/cornice/curtina-x403?editionuid=272879839094
490004138484;;;;"harpoon profiles>>>cornice";"Profile CURTINA X405";;;https://static.tildacdn.com/stor6336-6539-4630-b237-383862633235/82833499.png;;;;;;curtina_x405;;0;0;0;0;https://alumineu.com/products/harpoon-profiles/cornice/curtina-x405
565494671354;;;;;"Profile CURTINA X405 - white matte - 2,0 lm";;;https://static.tildacdn.com/stor6336-6539-4630-b237-383862633235/82833499.png;31.13;0;;"Color:white matte;Length:2,0 lm";;zRy2mTY3io-ReCRagT1MI2;490004138484;0;0;0;0;https://alumineu.com/products/harpoon-profiles/cornice/curtina-x405?editionuid=565494671354
693683013204;;;;;"Profile CURTINA X405 - black matte - 2,0 lm";;;https://static.tildacdn.com/stor6336-6539-4630-b237-383862633235/82833499.png;31.13;99;;"Color:black matte;Length:2,0 lm";;9YYv8DXkjKpGTTDe3j99Y3;490004138484;0;0;0;0;https://alumineu.com/products/harpoon-profiles/cornice/curtina-x405?editionuid=693683013204
337690171964;;;;;"Profile CURTINA X405 - white matte - 2,2 lm";;;https://static.tildacdn.com/stor6336-6539-4630-b237-383862633235/82833499.png;34.25;94;;"Color:white matte;Length:2,2 lm";;M7K8jSGug5rmTO1txLm922;490004138484;0;0;0;0;https://alumineu.com/products/harpoon-profiles/cornice/curtina-x405?editionuid=337690171964
370584765214;;;;;"Profile CURTINA X405 - black matte - 2,2 lm";;;https://static.tildacdn.com/stor6336-6539-4630-b237-383862633235/82833499.png;34.25;0;;"Color:black matte;Length:2,2 lm";;Rid7eYeaihDEYyuGmwIm10;490004138484;0;0;0;0;https://alumineu.com/products/harpoon-profiles/cornice/curtina-x405?editionuid=370584765214
371979066194;;;;;"Profile CURTINA X405 - white matte - 3,2 lm";;;https://static.tildacdn.com/stor6336-6539-4630-b237-383862633235/82833499.png;49.81;100;;"Color:white matte;Length:3,2 lm";;hRYJaVIahB4Jg-O10ZpbV0;490004138484;0;0;0;0;https://alumineu.com/products/harpoon-profiles/cornice/curtina-x405?editionuid=371979066194
684498184424;;;;;"Profile CURTINA X405 - black matte - 3,2 lm";;;https://static.tildacdn.com/stor6336-6539-4630-b237-383862633235/82833499.png;49.81;99;;"Color:black matte;Length:3,2 lm";;QYtmUePthsfmVcpZ7LaHB2;490004138484;0;0;0;0;https://alumineu.com/products/harpoon-profiles/cornice/curtina-x405?editionuid=684498184424
228330334374;;;;"harpoon profiles>>>floating";"Profile FLOATIA X301";;;https://static.tildacdn.com/stor3431-3764-4662-b261-396335656162/27080112.png;;;;;;floatia_x301;;0;0;0;0;https://alumineu.com/products/harpoon-profiles/floating/floatia-x301
366812850644;;;;;"Profile FLOATIA X301 - white matte";;;https://static.tildacdn.com/stor3431-3764-4662-b261-396335656162/27080112.png;3.11;95;;"Color:white matte";;jzysdA0nhEDukcRfamitz0;228330334374;0;0;0;0;https://alumineu.com/products/harpoon-profiles/floating/floatia-x301?editionuid=366812850644
153268774774;;;;"harpoon profiles>>>floating";"Profile FLOATIA X302";;;https://static.tildacdn.com/stor3931-3330-4462-a435-366636663133/90638465.png;;;;;;floatia_x302;;0;0;0;0;https://alumineu.com/products/harpoon-profiles/floating/floatia-x302
188895409984;;;;;"Profile FLOATIA X302 - no color";;;https://static.tildacdn.com/stor3931-3330-4462-a435-366636663133/90638465.png;3.11;98;;"Color:no color";;IxT7oD8zhIbrnn2LbGw2D0;153268774774;0;0;0;0;https://alumineu.com/products/harpoon-profiles/floating/floatia-x302?editionuid=188895409984
169150378804;;;;;"Profile FLOATIA X302 - white matte";;;https://static.tildacdn.com/stor3931-3330-4462-a435-366636663133/90638465.png;3.84;98;;"Color:white matte";;Y7mho3jShobDY2hUqkXX83;153268774774;0;0;0;0;https://alumineu.com/products/harpoon-profiles/floating/floatia-x302?editionuid=169150378804
333602276984;;;;;"Profile FLOATIA X302 - black matte";;;https://static.tildacdn.com/stor3931-3330-4462-a435-366636663133/90638465.png;3.84;100;;"Color:black matte";;fxcs1s4Sg4i9usohMYyp11;153268774774;0;0;0;0;https://alumineu.com/products/harpoon-profiles/floating/floatia-x302?editionuid=333602276984
837282159704;;;;"harpoon profiles>>>shadow";"Profile INVISIA X202";;;https://static.tildacdn.com/stor6364-3938-4362-a161-613065333330/51807590.png;;;;;;invisia_x202;;0;0;0;0;https://alumineu.com/products/harpoon-profiles/shadow/invisia-x202
399031398774;;;;;"Profile INVISIA X202 - black matte";;;https://static.tildacdn.com/stor6364-3938-4362-a161-613065333330/51807590.png;2.59;98;;"Color:black matte";;DJNjCqquhcS8YMhhFUUT-3;837282159704;0;0;0;0;https://alumineu.com/products/harpoon-profiles/shadow/invisia-x202?editionuid=399031398774
643081748314;;;;"harpoon profiles>>>shadow";"Profile INVISIA X205";;;https://static.tildacdn.com/stor3661-3636-4132-b561-373361633938/90510932.png;;;;;;invisia_x205;;0;0;0;0;https://alumineu.com/tproduct/643081748314-profile-invisia-x205
649881887524;;;;;"Profile INVISIA X205 - black matte";;;https://static.tildacdn.com/stor3661-3636-4132-b561-373361633938/90510932.png;3.11;89;;"Color:black matte";;lFPD6yXiiis-LJnoPBaa91;643081748314;0;0;0;0;https://alumineu.com/tproduct/643081748314-profile-invisia-x205?editionuid=649881887524
134565867054;;;;"harpoon profiles>>>shadow";"Profile INVISIA X204";;;https://static.tildacdn.com/stor3434-3265-4264-b037-393430303862/13731245.png;;;;;;invisia_x204;;0;0;0;0;https://alumineu.com/tproduct/134565867054-profile-invisia-x204
188951275984;;;;;"Profile INVISIA X204 - black matte";;;https://static.tildacdn.com/stor3434-3265-4264-b037-393430303862/13731245.png;4.15;97;;"Color:black matte";;zA59TVMAiMOOTZf15BUvl2;134565867054;0;0;0;0;https://alumineu.com/tproduct/134565867054-profile-invisia-x204?editionuid=188951275984
757695234124;;;;accessories>>>inserts;"Insert INSERTA Y015 f";;;https://static.tildacdn.com/stor3333-6531-4532-b535-333136616633/39683347.png;;;;;;inserta_y015_f;;0;0;0;0;https://alumineu.com/products/accessories/inserts/inserta-y015-f
669152941234;;;;;"Insert INSERTA Y015 f - white";;;https://static.tildacdn.com/stor3333-6531-4532-b535-333136616633/39683347.png;1.56;99;;Color:white;;CWpGaKdlgRQIwS9TWZI6n0;757695234124;0;0;0;0;https://alumineu.com/products/accessories/inserts/inserta-y015-f?editionuid=669152941234
720061761994;;;;accessories>>>inserts;"Insert INSERTA Y030";;;https://static.tildacdn.com/stor6233-6130-4263-a537-343734343934/61722635.png;;;;;;inserta_y030;;0;0;0;0;https://alumineu.com/products/accessories/inserts/inserta-y030
862420646924;;;;;"Insert INSERTA Y030 - white";;;https://static.tildacdn.com/stor6233-6130-4263-a537-343734343934/61722635.png;1.56;99;;Color:white;;MP9kMK6mg9LT--ZPdvSbb1;720061761994;0;0;0;0;https://alumineu.com/products/accessories/inserts/inserta-y030?editionuid=862420646924
179429532584;;;;"harpoon profiles>>>seamless";"Profile CLASSIX X140";;;https://static.tildacdn.com/stor6364-3837-4266-b039-343666393236/62434585.png;;;;;;classix_x140;;0;0;0;0;https://alumineu.com/products/harpoon-profiles/seamless/classix-x140
465418283094;;;;;"Profile CLASSIX X140 - no color";;;https://static.tildacdn.com/stor6364-3837-4266-b039-343666393236/62434585.png;1.01;89;;"Color:no color";;V3cnnvOSiRXwOxWDjbAgp3;179429532584;0;0;0;0;https://alumineu.com/products/harpoon-profiles/seamless/classix-x140?editionuid=465418283094
726748132204;;;https://alumineu.pl/produkty/profile-harpunowe/konturowe/contura-x601;"harpoon profiles>>>contour";"Profile CONTURA X601";;;https://static.tildacdn.com/stor3036-3130-4830-b964-653335323630/31124283.png;;;;;;contura_x601;;0;0;0;0;https://alumineu.com/products/harpoon-profiles/contour/contura-x601
271158968594;;;;;"Profile CONTURA X601 - no color";;;https://static.tildacdn.com/stor3036-3130-4830-b964-653335323630/31124283.png;2.08;99;;"Color:no color";;uOmKNKiKhPZzh4UNscvrM3;726748132204;0;0;0;0;https://alumineu.com/products/harpoon-profiles/contour/contura-x601?editionuid=271158968594
129408484624;;;;accessories>>>mounts;"Mount ANGLOVA Y401";;;https://static.tildacdn.com/stor3465-6364-4539-b134-636664366431/71537405.png;;;;;;anglova_y401;;0;0;0;0;https://alumineu.com/products/accessories/mounts/anglova-y401
781082061494;;;;;"Mount ANGLOVA Y401 - surowy";;;https://static.tildacdn.com/stor3465-6364-4539-b134-636664366431/71537405.png;1.60;63;;Color:surowy;;5Iae0Kl7jHu3J80n7k6Nu3;129408484624;0;0;0;0;https://alumineu.com/products/accessories/mounts/anglova-y401?editionuid=781082061494
482082348454;;;;accessories>>>inserts;"Insert INSERTA Y008";;;https://static.tildacdn.com/stor6337-6433-4464-b631-633034633262/84929504.png;;;;;;inserta_y008;;0;0;0;0;https://alumineu.com/products/accessories/inserts/inserta-y008
947470277374;;;;;"Insert INSERTA Y008 - white";;;https://static.tildacdn.com/stor6337-6433-4464-b631-633034633262/84929504.png;0.52;94;;Color:white;;5A33vrjxg2INi6FdYvYHV1;482082348454;0;0;0;0;https://alumineu.com/products/accessories/inserts/inserta-y008?editionuid=947470277374
129340911404;;;;;"Insert INSERTA Y008 - black";;;https://static.tildacdn.com/stor6337-6433-4464-b631-633034633262/84929504.png;0.52;99;;Color:black;;Zm1YLzGFjDyJzl5BQ2AZK2;482082348454;0;0;0;0;https://alumineu.com/products/accessories/inserts/inserta-y008?editionuid=129340911404
701781079994;;;;accessories>>>inserts;"Insert INSERTA Y015";;;https://static.tildacdn.com/stor3431-6134-4566-b761-353931353835/32880273.png;;;;;;inserta_y015;;0;0;0;0;https://alumineu.com/products/accessories/inserts/inserta-y015
802176234914;;;;;"Insert INSERTA Y015 - white";;;https://static.tildacdn.com/stor3431-6134-4566-b761-353931353835/32880273.png;0.83;78;;Color:white;;jWf3YVZMj28oz3Vn9Ruwa1;701781079994;0;0;0;0;https://alumineu.com/products/accessories/inserts/inserta-y015?editionuid=802176234914
678585046294;;;;accessories>>>diffusers;"Diffusers DIFFUSY Y114";;;https://static.tildacdn.com/stor6639-6537-4437-a332-643036316531/43204516.png;;;;;;diffusy_y114;;0;0;0;0;https://alumineu.com/products/accessories/diffusers/diffusy-y114
374720388434;;;;;"Diffusers DIFFUSY Y114 - white";;;https://static.tildacdn.com/stor6639-6537-4437-a332-643036316531/43204516.png;1.56;69;;Color:white;;SVjKGGnNhIO8Ovbe-z0yF3;678585046294;0;0;0;0;https://alumineu.com/products/accessories/diffusers/diffusy-y114?editionuid=374720388434
231600921824;;;;accessories>>>diffusers;"Diffusers DIFFUSY Y130";;;https://static.tildacdn.com/stor3034-3435-4161-b533-363633316662/11644078.png;;;;;;diffusy_y130;;0;0;0;0;https://alumineu.com/products/accessories/diffusers/diffusy-y130
577456007104;;;;;"Diffusers DIFFUSY Y130 - white";;;https://static.tildacdn.com/stor3034-3435-4161-b533-363633316662/11644078.png;2.08;49;;Color:white;;5ET97eXngrRKDRbIJ4YhN2;231600921824;0;0;0;0;https://alumineu.com/products/accessories/diffusers/diffusy-y130?editionuid=577456007104
456293992584;;;;;"Diffusers DIFFUSY Y130 - black";;;https://static.tildacdn.com/stor3034-3435-4161-b533-363633316662/11644078.png;2.59;99;;Color:black;;yfcIPkXYi7hGeHi9sRjg51;231600921824;0;0;0;0;https://alumineu.com/products/accessories/diffusers/diffusy-y130?editionuid=456293992584
243254744434;;;;accessories>>>diffusers;"Diffusers DIFFUSY Y150";;;https://static.tildacdn.com/stor6131-3130-4334-b266-343637316665/33572474.png;;;;;;diffusy_y150;;0;0;0;0;https://alumineu.com/products/accessories/diffusers/diffusy-y150
270682441274;;;;;"Diffusers DIFFUSY Y150 - white";;;https://static.tildacdn.com/stor6131-3130-4334-b266-343637316665/33572474.png;3.11;99;;Color:white;;Z0jQpgcsgfNvDPq3zycpi1;243254744434;0;0;0;0;https://alumineu.com/products/accessories/diffusers/diffusy-y150?editionuid=270682441274
518695835264;;;;"accessories>>>end caps";"Endkappe ENDCAPP Y205";;;https://static.tildacdn.com/stor3136-6239-4865-b661-323735623165/86287381.png;;;;;;endcapp_y205;;0;0;0;0;https://alumineu.com/products/accessories/end-caps/endcapp-y205
293017693034;;;;;"Endkappe ENDCAPP Y205 - white matte";;;https://static.tildacdn.com/stor3136-6239-4865-b661-323735623165/86287381.png;5.19;7;;"Color:white matte";;0tjwIdlUikOX0Ujz8iz0g0;518695835264;0;0;0;0;https://alumineu.com/products/accessories/end-caps/endcapp-y205?editionuid=293017693034
448887119114;;;;;"Endkappe ENDCAPP Y205 - black matte";;;https://static.tildacdn.com/stor3136-6239-4865-b661-323735623165/86287381.png;5.19;9;;"Color:black matte";;s3hlPBkThtLs9b-VgS5-72;518695835264;0;0;0;0;https://alumineu.com/products/accessories/end-caps/endcapp-y205?editionuid=448887119114
259419091864;;;;"accessories>>>end caps";"Endkappe ENDCAPP Y201";;;https://static.tildacdn.com/stor6436-6339-4038-b630-633631363938/64367748.png;;;;;;endcapp_y201;;0;0;0;0;https://alumineu.com/products/accessories/end-caps/endcapp-y201
528211734034;;;;;"Endkappe ENDCAPP Y201 - black gloss";;;https://static.tildacdn.com/stor6436-6339-4038-b630-633631363938/64367748.png;1.04;87;;"Color:black gloss";;h5ANH4hyhaQ0ahlbaV9nf3;259419091864;0;0;0;0;https://alumineu.com/products/accessories/end-caps/endcapp-y201?editionuid=528211734034
752409595054;;;;"accessories>>>end caps";"Endkappe ENDCAPP Y206";;;https://static.tildacdn.com/stor3432-3431-4533-a564-346333363962/46599124.png;;;;;;endcapp_y206;;0;0;0;0;https://alumineu.com/products/accessories/end-caps/endcapp-y206
432881431874;;;;;"Endkappe ENDCAPP Y206 - za sztukę - white matte";;;https://static.tildacdn.com/stor3432-3431-4533-a564-346333363962/46599124.png;2.08;99;;"Cena:za sztukę;Color:white matte";;tPFY8g6HhI3goBhXwFAdR2;752409595054;0;0;0;0;https://alumineu.com/products/accessories/end-caps/endcapp-y206?editionuid=432881431874
640746518934;;;;;"Endkappe ENDCAPP Y206 - za sztukę - black matte";;;https://static.tildacdn.com/stor3432-3431-4533-a564-346333363962/46599124.png;2.08;99;;"Cena:za sztukę;Color:black matte";;qbmrWdNBhQrZ9Ppq1rO-N2;752409595054;0;0;0;0;https://alumineu.com/products/accessories/end-caps/endcapp-y206?editionuid=640746518934
947066310904;;;;"accessories>>>end caps";"Endkappe ENDCAPP Y202";;;https://static.tildacdn.com/stor3731-3465-4131-b864-346666643961/35178198.png;;;;;;endcapp_y202;;0;0;0;0;https://alumineu.com/products/accessories/end-caps/endcapp-y202
846471137694;;;;;"Endkappe ENDCAPP Y202 - black gloss";;;https://static.tildacdn.com/stor3731-3465-4131-b864-346666643961/35178198.png;1.04;99;;"Color:black gloss";;9wJD0JkkglPzVeK5rRpif0;947066310904;0;0;0;0;https://alumineu.com/products/accessories/end-caps/endcapp-y202?editionuid=846471137694
479274417974;;;;"accessories>>>end caps";"Endkappe ENDCAPP Y207";;;https://static.tildacdn.com/stor6164-6566-4230-a136-353131373461/66565842.png;;;;;;endcapp_y207;;0;0;0;0;https://alumineu.com/products/accessories/end-caps/endcapp-y207
443074976914;;;;;"Endkappe ENDCAPP Y207 - black matte";;;https://static.tildacdn.com/stor6164-6566-4230-a136-353131373461/66565842.png;2.08;99;;"Color:black matte";;cLEZP2Ssga1osq6fjuzBl3;479274417974;0;0;0;0;https://alumineu.com/products/accessories/end-caps/endcapp-y207?editionuid=443074976914
195271137154;;;;"accessories>>>end caps";"Endkappe ENDCAPP Y203";;;https://static.tildacdn.com/stor6661-3030-4162-a361-386634616430/31222601.png;;;;;;endcapp_y203;;0;0;0;0;https://alumineu.com/products/accessories/end-caps/endcapp-y203
202357982334;;;;;"Endkappe ENDCAPP Y203 - black gloss";;;https://static.tildacdn.com/stor6661-3030-4162-a361-386634616430/31222601.png;1.04;44;;"Color:black gloss";;gjxLSmpZiFX6ORefsKjSS1;195271137154;0;0;0;0;https://alumineu.com/products/accessories/end-caps/endcapp-y203?editionuid=202357982334
892617556074;;;;"accessories>>>end caps";"Endkappe ENDCAPP Y204";;;https://static.tildacdn.com/stor3032-6534-4164-a436-356530313439/93595402.png;;;;;;endcapp_y204;;0;0;0;0;https://alumineu.com/products/accessories/end-caps/endcapp-y204
757396441414;;;;;"Endkappe ENDCAPP Y204 - black gloss";;;https://static.tildacdn.com/stor3032-6534-4164-a436-356530313439/93595402.png;1.04;87;;"Color:black gloss";;mY3nP58iiQbbhe6E8ifuq2;892617556074;0;0;0;0;https://alumineu.com/products/accessories/end-caps/endcapp-y204?editionuid=757396441414
424981204024;;;;accessories>>>connectors;"Straight connector JOINTEK Y603";;;https://static.tildacdn.com/stor3565-6539-4937-b631-333332653839/b3215653f8bc00528739eb1c2ccac898.png;5.19;9;;;;68OGLVL0i2Yh2ygfi-iJ00;;0;0;0;0;https://alumineu.com/products/accessories/connectors/jointek-y603
533906795404;;;;accessories>>>connectors;"Corner connector JOINTEK Y604";;;https://static.tildacdn.com/stor6634-3633-4631-b238-376134383564/56421c082b93d9db67ced1fda374d5bf.png;5.19;8;;;;BxeEFynvjXZ-sYop6JbwX1;;0;0;0;0;https://alumineu.com/products/accessories/connectors/jointek-y604
560433013574;;;;accessories>>>stabily;"Device STABILE Y904";;;https://static.tildacdn.com/stor3037-3932-4832-a363-376265393337/144d9c91dd1bb1e24c6baf666e7c6202.png;10.38;99;;;;OZHBJ5GwjxX4GRRLp--5I0;;0;0;0;0;https://alumineu.com/products/accessories/devices/stabile-y904
867912555254;;;;accessories>>>stabily;"Device STABILE Y905";;;https://static.tildacdn.com/stor6536-3936-4261-b266-663233396338/56f84f78a64ac0154701cfd17dcc8018.png;10.38;99;;;;YvBn2CQPjF0bZ9wS2Otu83;;0;0;0;0;https://alumineu.com/products/accessories/devices/stabile-y905
841809124904;;;;accessories>>>stabily;"Device STABILE Y906";;;https://static.tildacdn.com/stor3932-3262-4530-b139-303265323162/1654aed0f176f452bc79d181a67795bf.png;10.38;99;;;;BhYSYrYwjZw4w-mkseFLK1;;0;0;0;0;https://alumineu.com/products/accessories/devices/stabile-y906
644795282764;;;;"harpoon profiles>>>cornice";"Profile CURTINA X406";;;https://static.tildacdn.com/stor3266-3136-4335-b761-666233616636/30182184.png;;;;;;curtina_x406;;0;0;0;0;https://alumineu.com/products/harpoon-profiles/cornice/curtina-x406
411291985764;;;;;"Profile CURTINA X406 - white matte - 3,2 lm";;;https://static.tildacdn.com/stor3266-3136-4335-b761-666233616636/30182184.png;16.60;99;;"Color:white matte;Length:3,2 lm";;vdRmfjJniS9p1gOygMbDs0;644795282764;0;0;0;0;https://alumineu.com/products/harpoon-profiles/cornice/curtina-x406?editionuid=411291985764
540791256714;;;;;"Profile CURTINA X406 - black matte - 3,2 lm";;;https://static.tildacdn.com/stor3266-3136-4335-b761-666233616636/30182184.png;16.60;99;;"Color:black matte;Length:3,2 lm";;08Gs75cLiwndvRDfwZZkQ2;644795282764;0;0;0;0;https://alumineu.com/products/harpoon-profiles/cornice/curtina-x406?editionuid=540791256714
598912025944;;;;"harpoon profiles>>>cornice";"Profile CURTINA X407";;;https://static.tildacdn.com/stor3332-3965-4231-a461-643535363133/41215857.png;;;;;;curtina_x407;;0;0;0;0;https://alumineu.com/products/harpoon-profiles/cornice/curtina-x407
903333210334;;;;;"Profile CURTINA X407 - white matte - 2,0 lm";;;https://static.tildacdn.com/stor3332-3965-4231-a461-643535363133/41215857.png;5.81;99;;"Color:white matte;Length:2,0 lm";;cJyPtbDhhRAmihZrojWDn0;598912025944;0;0;0;0;https://alumineu.com/products/harpoon-profiles/cornice/curtina-x407?editionuid=903333210334
327186460894;;;;;"Profile CURTINA X407 - black matte - 2,0 lm";;;https://static.tildacdn.com/stor3332-3965-4231-a461-643535363133/41215857.png;5.81;100;;"Color:black matte;Length:2,0 lm";;gtIKBLtJghv4WzA42yxPP1;598912025944;0;0;0;0;https://alumineu.com/products/harpoon-profiles/cornice/curtina-x407?editionuid=327186460894
226681894614;;;;"harpoon profiles>>>shadow";"Profile INVISIA X206";;;https://static.tildacdn.com/stor3835-3266-4466-b235-353134356539/77956926.png;;;;;;invisia_x206;;0;0;0;0;https://alumineu.com/tproduct/226681894614-profile-invisia-x206
790675483284;;;;;"Profile INVISIA X206 - black matte";;;https://static.tildacdn.com/stor3835-3266-4466-b235-353134356539/77956926.png;4.15;98;;"Color:black matte";;EGXmtijjgeQdvXQSqdLGi3;226681894614;0;0;0;0;https://alumineu.com/tproduct/226681894614-profile-invisia-x206?editionuid=790675483284
332204146444;;;;"harpoon profiles>>>shadow";"Profile INVISIA X207";;;https://static.tildacdn.com/stor3339-6237-4235-b131-346431643731/31474637.png;;;;;;invisia_x207;;0;0;0;0;https://alumineu.com/products/harpoon-profiles/shadow/invisia-x207
138094009044;;;;;"Profile INVISIA X207 - black matte";;;https://static.tildacdn.com/stor3339-6237-4235-b131-346431643731/31474637.png;6.23;93;;"Color:black matte";;YZTju3ikgOF1-Sj6ktK6e2;332204146444;0;0;0;0;https://alumineu.com/products/harpoon-profiles/shadow/invisia-x207?editionuid=138094009044
946367237194;;;;"harpoon profiles>>>shadow";"Profile INVISIA X208";;;https://static.tildacdn.com/stor3139-3639-4039-b463-346665613532/78688767.png;;;;;;invisia_x208;;0;0;0;0;https://alumineu.com/tproduct/946367237194-profile-invisia-x208
302245781094;;;;;"Profile INVISIA X208 - black matte";;;https://static.tildacdn.com/stor3139-3639-4039-b463-346665613532/78688767.png;3.11;10;;"Color:black matte";;eyVbkQihgGQtYR5EF0P4w0;946367237194;0;0;0;0;https://alumineu.com/tproduct/946367237194-profile-invisia-x208?editionuid=302245781094
102042709454;;;;"harpoon profiles>>>shadow";"Profile INVISIA X209";;;https://static.tildacdn.com/stor3566-6236-4637-b937-393866626230/56260877.png;;;;;;invisia_x209;;0;0;0;0;https://alumineu.com/tproduct/102042709454-profile-invisia-x209
793147505754;;;;;"Profile INVISIA X209 - white matte";;;https://static.tildacdn.com/stor3566-6236-4637-b937-393866626230/56260877.png;6.23;96;;"Color:white matte";;cTT1GGAZj76alVXu4vaAe1;102042709454;0;0;0;0;https://alumineu.com/tproduct/102042709454-profile-invisia-x209?editionuid=793147505754
403589331054;;;;;"Profile INVISIA X209 - black matte";;;https://static.tildacdn.com/stor3566-6236-4637-b937-393866626230/56260877.png;6.23;98;;"Color:black matte";;EeRJkcybhq5xX9vhB-xzv3;102042709454;0;0;0;0;https://alumineu.com/tproduct/102042709454-profile-invisia-x209?editionuid=403589331054
436210830544;;;;"harpoon profiles>>>floating";"Profile FLOATIA X303";;;https://static.tildacdn.com/stor6364-3233-4336-a330-346635653239/26118892.png;;;;;;floatia_x303;;0;0;0;0;https://alumineu.com/products/harpoon-profiles/floating/floatia-x303
239210141254;;;;;"Profile FLOATIA X303 - white matte";;;https://static.tildacdn.com/stor6364-3233-4336-a330-346635653239/26118892.png;5.19;99;;"Color:white matte";;xO7PAABriJTHSKVNGiuYl3;436210830544;0;0;0;0;https://alumineu.com/products/harpoon-profiles/floating/floatia-x303?editionuid=239210141254
882917313494;;;;;"Profile FLOATIA X303 - black matte";;;https://static.tildacdn.com/stor6364-3233-4336-a330-346635653239/26118892.png;5.19;99;;"Color:black matte";;MyI2v2JMhnRtUrh6H58nz0;436210830544;0;0;0;0;https://alumineu.com/products/harpoon-profiles/floating/floatia-x303?editionuid=882917313494
347464938964;;;;"harpoon profiles>>>two-levels";"Profile STRATOS X701";;;https://static.tildacdn.com/stor3733-6632-4936-b834-386632393765/87572748.png;;;;;;stratos_x701;;0;0;0;0;https://alumineu.com/products/harpoon-profiles/two-levels/stratos-x701
701502639974;;;;;"Profile STRATOS X701 - no color";;;https://static.tildacdn.com/stor3733-6632-4936-b834-386632393765/87572748.png;7.26;99;;"Color:no color";;mCMAr4yQhDaPX-LNJ5RD73;347464938964;0;0;0;0;https://alumineu.com/products/harpoon-profiles/two-levels/stratos-x701?editionuid=701502639974
508307183464;;;;"harpoon profiles>>>seamless";"Profile CLASSIX X130";;;https://static.tildacdn.com/stor3065-6435-4264-a632-663130373939/86516483.png;;;;;;classix_x130;;0;0;0;0;https://alumineu.com/products/harpoon-profiles/seamless/classix-x130
261836658024;;;;;"Profile CLASSIX X130 - no color";;;https://static.tildacdn.com/stor3065-6435-4264-a632-663130373939/86516483.png;0.78;0;;"Color:no color";;lxFpGXGnhGh-TPEwCLiEt2;508307183464;0;0;0;0;https://alumineu.com/products/harpoon-profiles/seamless/classix-x130?editionuid=261836658024
822834824794;;;;"harpoon profiles>>>seamless";"Profile CLASSIX X101";;;https://static.tildacdn.com/stor6266-6636-4931-a463-303537373565/72309046.png;;;;;;classix_x101;;0;0;0;0;https://alumineu.com/products/harpoon-profiles/seamless/classix-x101
185009411534;;;;;"Profile CLASSIX X101 - no color";;;https://static.tildacdn.com/stor6266-6636-4931-a463-303537373565/72309046.png;2.33;47;;"Color:no color";;rtBsri0AgIfzRs45xlYEo3;822834824794;0;0;0;0;https://alumineu.com/products/harpoon-profiles/seamless/classix-x101?editionuid=185009411534
816566684924;;;;"harpoon profiles>>>two-levels";"Profile STRATOS X704";;;https://static.tildacdn.com/stor6331-6363-4466-b266-383766373662/10424223.png;;;;;;stratos_x704;;0;0;0;0;https://alumineu.com/products/harpoon-profiles/two-levels/stratos-x704
714004622814;;;;;"Profile STRATOS X704 - white matte";;;https://static.tildacdn.com/stor6331-6363-4466-b266-383766373662/10424223.png;6.23;99;;"Color:white matte";;TTCe8rd4gfNWGALqZZ6XQ1;816566684924;0;0;0;0;https://alumineu.com/products/harpoon-profiles/two-levels/stratos-x704?editionuid=714004622814
426177316144;;;;;"Profile STRATOS X704 - black matte";;;https://static.tildacdn.com/stor6331-6363-4466-b266-383766373662/10424223.png;6.23;99;;"Color:black matte";;5rGDU6PghnaCaAB4hbK363;816566684924;0;0;0;0;https://alumineu.com/products/harpoon-profiles/two-levels/stratos-x704?editionuid=426177316144
979211522864;;;;"harpoon profiles>>>two-levels";"Profile STRATOS X703";;;https://static.tildacdn.com/stor3539-3430-4436-a235-656131336235/64410682.png;;;;;;stratos_x703;;0;0;0;0;https://alumineu.com/products/harpoon-profiles/two-levels/stratos-x703
837311328234;;;;;"Profile STRATOS X703 - no color";;;https://static.tildacdn.com/stor3539-3430-4436-a235-656131336235/64410682.png;5.19;99;;"Color:no color";;9DTMhoqug8m-s5umlvoUH2;979211522864;0;0;0;0;https://alumineu.com/products/harpoon-profiles/two-levels/stratos-x703?editionuid=837311328234
183744731974;;;;"harpoon profiles>>>two-levels";"Profile STRATOS X702";;;https://static.tildacdn.com/stor3164-3263-4663-b034-653039393232/18530707.png;;;;;;stratos_x702;;0;0;0;0;https://alumineu.com/products/harpoon-profiles/two-levels/stratos-x702
629106179164;;;;;"Profile STRATOS X702 - no color";;;https://static.tildacdn.com/stor3164-3263-4663-b034-653039393232/18530707.png;7.26;99;;"Color:no color";;A8KXwZGog4GTrG3uTcqe72;183744731974;0;0;0;0;https://alumineu.com/products/harpoon-profiles/two-levels/stratos-x702?editionuid=629106179164
930059725904;;;;accessories>>>profiles;"Profile BANDURA X801";;;https://static.tildacdn.com/stor3732-6432-4539-b966-663461663932/17894692.png;;;;;;bandura_x801;;0;0;0;0;https://alumineu.com/products/accessories/profiles/bandura-x801
388899646534;;;;;"Profile BANDURA X801 - no color";;;https://static.tildacdn.com/stor3732-6432-4539-b966-663461663932/17894692.png;0.83;98;;"Color:no color";;Ld9AkcuQi0qA19EQUN-hA0;930059725904;0;0;0;0;https://alumineu.com/products/accessories/profiles/bandura-x801?editionuid=388899646534
705383706964;;;;accessories>>>clips;"Clip LOCKIUM Y301";;;https://static.tildacdn.com/stor3739-6266-4361-b964-386432613132/0560af3da0252186d3a938e935796ccf.png;;;;;;lockium_y301;;0;0;0;0;https://alumineu.com/products/accessories/clips/lockium-y301
318258196334;;;;;"Clip LOCKIUM Y301 - white";;;https://static.tildacdn.com/stor3739-6266-4361-b964-386432613132/0560af3da0252186d3a938e935796ccf.png;1.56;99;;Color:white;;TssncDOBgvi587XAXxOMF2;705383706964;0;0;0;0;https://alumineu.com/products/accessories/clips/lockium-y301?editionuid=318258196334
592136186094;;;;accessories>>>hooks;"Hooks HOOKARA Y701";;;https://static.tildacdn.com/stor6462-3137-4365-b562-656138386661/f54bd0ffbcd30eafc3cc4bf99defc351.png;;;;;;hookara_y701;;0;0;0;0;https://alumineu.com/products/accessories/hooks/hookara-y701
252163632314;;;;;"Hooks HOOKARA Y701 - white";;;https://static.tildacdn.com/stor6462-3137-4365-b562-656138386661/f54bd0ffbcd30eafc3cc4bf99defc351.png;4.15;53;;Color:white;;46uEut1Sg0K3ORag6S9WZ0;592136186094;0;0;0;0;https://alumineu.com/products/accessories/hooks/hookara-y701?editionuid=252163632314
266558187974;;;;;"Hooks HOOKARA Y701 - black";;;https://static.tildacdn.com/stor6462-3137-4365-b562-656138386661/f54bd0ffbcd30eafc3cc4bf99defc351.png;4.15;55;;Color:black;;mCFJaYpDhGQpcRyrmU8W81;592136186094;0;0;0;0;https://alumineu.com/products/accessories/hooks/hookara-y701?editionuid=266558187974
311828153634;;;;accessories>>>hooks;"Stopper HOOKEND Y704";;;https://static.tildacdn.com/stor6230-3665-4663-b666-353437623562/cb6b1d43c7ff19804a628594427e20c7.png;;;;;;hookend_y704;;0;0;0;0;https://alumineu.com/products/accessories/hooks/hookend-y704
233606898194;;;;;"Stopper HOOKEND Y704 - white";;;https://static.tildacdn.com/stor6230-3665-4663-b666-353437623562/cb6b1d43c7ff19804a628594427e20c7.png;0.52;20;;Color:white;;ysB7srkLhvaXhUm2B-WED1;311828153634;0;0;0;0;https://alumineu.com/products/accessories/hooks/hookend-y704?editionuid=233606898194
726059097434;;;;;"Stopper HOOKEND Y704 - black";;;https://static.tildacdn.com/stor6230-3665-4663-b666-353437623562/cb6b1d43c7ff19804a628594427e20c7.png;0.52;23;;Color:black;;rTvzIoD8go7VbGrUSWHeb2;311828153634;0;0;0;0;https://alumineu.com/products/accessories/hooks/hookend-y704?editionuid=726059097434
517271818064;;;;"architectural solutions>>>room dividers";"Room divider DECORRA";;;https://static.tildacdn.com/stor6139-3730-4664-b233-383833336266/f6947e3953010fb76f3d62f3a44fef0a.webp;;;;;;decorra;;0;0;0;0;https://alumineu.com/products/architectural-solutions/room-dividers/decorra
830946647674;;;;;"Room divider DECORRA - 500 mm - white matte";;;https://static.tildacdn.com/stor6139-3730-4664-b233-383833336266/f6947e3953010fb76f3d62f3a44fef0a.webp;186.79;22;;"Length:500 mm;Color:white matte";;ergHrlZUg2QIND1V8IhSJ2;517271818064;0;0;0;0;https://alumineu.com/products/architectural-solutions/room-dividers/decorra?editionuid=830946647674
404845127174;;;;;"Room divider DECORRA - 500 mm - black matte";;;https://static.tildacdn.com/stor6139-3730-4664-b233-383833336266/f6947e3953010fb76f3d62f3a44fef0a.webp;186.79;23;;"Length:500 mm;Color:black matte";;Uol4AUi6iIvTMzs54EO9j2;517271818064;0;0;0;0;https://alumineu.com/products/architectural-solutions/room-dividers/decorra?editionuid=404845127174
670624142664;;;;;"Room divider DECORRA - 1000 mm - white matte";;;https://static.tildacdn.com/stor6139-3730-4664-b233-383833336266/f6947e3953010fb76f3d62f3a44fef0a.webp;337.26;32;;"Length:1000 mm;Color:white matte";;lp4e5bsYjDqziPV39cnuC2;517271818064;0;0;0;0;https://alumineu.com/products/architectural-solutions/room-dividers/decorra?editionuid=670624142664
427716012144;;;;;"Room divider DECORRA - 1000 mm - black matte";;;https://static.tildacdn.com/stor6139-3730-4664-b233-383833336266/f6947e3953010fb76f3d62f3a44fef0a.webp;337.26;32;;"Length:1000 mm;Color:black matte";;bmi8XCqTjEWJdGyaSuIyc0;517271818064;0;0;0;0;https://alumineu.com/products/architectural-solutions/room-dividers/decorra?editionuid=427716012144
858044786404;;;;;"Room divider DECORRA - 1500 mm - white matte";;;https://static.tildacdn.com/stor6139-3730-4664-b233-383833336266/f6947e3953010fb76f3d62f3a44fef0a.webp;498.11;22;;"Length:1500 mm;Color:white matte";;1DXQpiEKjE3GouFX6fQLj1;517271818064;0;0;0;0;https://alumineu.com/products/architectural-solutions/room-dividers/decorra?editionuid=858044786404
455943154964;;;;;"Room divider DECORRA - 1500 mm - black matte";;;https://static.tildacdn.com/stor6139-3730-4664-b233-383833336266/f6947e3953010fb76f3d62f3a44fef0a.webp;498.11;20;;"Length:1500 mm;Color:black matte";;Mi1z6scziBgnL27xWxmwT2;517271818064;0;0;0;0;https://alumineu.com/products/architectural-solutions/room-dividers/decorra?editionuid=455943154964
967044798824;;;;"ventilation>>>slot diffusers";"Ventilation AEROOOM";;;https://static.tildacdn.com/stor6166-3131-4235-b362-613031616230/7f82d32fdcd499ef4d9178111576e837.png;;;;;;aerooom;;0;0;0;0;https://alumineu.com/products/ventilation/slot-diffusers/aerooom
499105603194;;;;;"Ventilation AEROOOM - W007 - black matte";;;https://static.tildacdn.com/stor6166-3131-4235-b362-613031616230/7f82d32fdcd499ef4d9178111576e837.png;74.72;18;;"Length:W007;Color:black matte";;67Bbx0xngULuV9UzemHTF3;967044798824;0;0;0;0;https://alumineu.com/products/ventilation/slot-diffusers/aerooom?editionuid=499105603194
855843645484;;;;;"Ventilation AEROOOM - W010 - black matte";;;https://static.tildacdn.com/stor6166-3131-4235-b362-613031616230/7f82d32fdcd499ef4d9178111576e837.png;93.40;20;;"Length:W010;Color:black matte";;jvZowSDbjriTyuZ4gKOP73;967044798824;0;0;0;0;https://alumineu.com/products/ventilation/slot-diffusers/aerooom?editionuid=855843645484
248474771124;;;;;"Ventilation AEROOOM - W014 - black matte";;;https://static.tildacdn.com/stor6166-3131-4235-b362-613031616230/7f82d32fdcd499ef4d9178111576e837.png;103.77;18;;"Length:W014;Color:black matte";;QUUROkmnjacZooCUHKa9k1;967044798824;0;0;0;0;https://alumineu.com/products/ventilation/slot-diffusers/aerooom?editionuid=248474771124
213733630904;;;;accessories>>>diffusers;"Diffusers DIFFUSY Y134";;;https://static.tildacdn.com/stor3165-6665-4166-a261-363536313138/61762478.png;;;;;;diffusy_y134;;0;0;0;0;https://alumineu.com/products/accessories/diffusers/diffusy-y134
110349279104;;;;;"Diffusers DIFFUSY Y134 - white";;;https://static.tildacdn.com/stor3165-6665-4166-a261-363536313138/61762478.png;2.59;99;;Color:white;;OKOeFss5i43IMv6ZjYcRM3;213733630904;0;0;0;0;https://alumineu.com/products/accessories/diffusers/diffusy-y134?editionuid=110349279104
146168941964;;;;"ventilation>>>slot diffusers";"Ventilation AERROLL";;;https://static.tildacdn.com/stor6164-3034-4230-b064-646531393764/5c1cff323bced9c464bf04cedcde95d9.png;;;;;;aerroll;;0;0;0;0;https://alumineu.com/products/ventilation/slot-diffusers/aerroll
330495212334;;;;;"Ventilation AERROLL - Z007 - black matte";;;https://static.tildacdn.com/stor6164-3034-4230-b064-646531393764/5c1cff323bced9c464bf04cedcde95d9.png;153.07;15;;"Length:Z007;Color:black matte";;KKdTYiB5ilH9EwahKpKah0;146168941964;0;0;0;0;https://alumineu.com/products/ventilation/slot-diffusers/aerroll?editionuid=330495212334
248730094784;;;;;"Ventilation AERROLL - Z010 - black matte";;;https://static.tildacdn.com/stor6164-3034-4230-b064-646531393764/5c1cff323bced9c464bf04cedcde95d9.png;194.58;18;;"Length:Z010;Color:black matte";;ARWzP670jnmjJZpK5JsEU1;146168941964;0;0;0;0;https://alumineu.com/products/ventilation/slot-diffusers/aerroll?editionuid=248730094784
284335948554;;;;;"Ventilation AERROLL - Z014 - black matte";;;https://static.tildacdn.com/stor6164-3034-4230-b064-646531393764/5c1cff323bced9c464bf04cedcde95d9.png;207.55;19;;"Length:Z014;Color:black matte";;xP5AwirJg8GaTPI5ZRvbx2;146168941964;0;0;0;0;https://alumineu.com/products/ventilation/slot-diffusers/aerroll?editionuid=284335948554
117908587664;;;;"clip-in profiles>>>cornice";"Profile TISSURE Z405";;;https://static.tildacdn.com/stor3838-6263-4030-a535-303163303037/82917354.png;;;;;;tissure_z405;;0;0;0;0;https://alumineu.com/products/clip-in-profiles/cornice/tissure-z405
778975696054;;;;;"Profile TISSURE Z405 - white matte - 3,2 lm";;;https://static.tildacdn.com/stor3838-6263-4030-a535-303163303037/82917354.png;72.64;99;;"Color:white matte;Length:3,2 lm";;ASFuUxWDgOBWCHN5ODymF1;117908587664;0;0;0;0;https://alumineu.com/products/clip-in-profiles/cornice/tissure-z405?editionuid=778975696054
667843649034;;;;;"Profile TISSURE Z405 - black matte - 3,2 lm";;;https://static.tildacdn.com/stor3838-6263-4030-a535-303163303037/82917354.png;72.64;99;;"Color:black matte;Length:3,2 lm";;Zroo3n3djONt0OopEffYs1;117908587664;0;0;0;0;https://alumineu.com/products/clip-in-profiles/cornice/tissure-z405?editionuid=667843649034
713338046314;;;;"clip-in profiles>>>two-level";"Profile UNITEXA Z701";;;https://static.tildacdn.com/stor3463-6134-4335-a261-383339626462/85604873.png;;;;;;unitexa_z701;;0;0;0;0;https://alumineu.com/products/clip-in-profiles/two-level/unitexa-z701
850212823214;;;;;"Profile UNITEXA Z701 - white matte - 2,0 m.b.";;;https://static.tildacdn.com/stor3463-6134-4335-a261-383339626462/85604873.png;14.01;99;;"Color:white matte;Length:2,0 m.b.";;SQKcK9vigikWY0Agh6ZSX0;713338046314;0;0;0;0;https://alumineu.com/products/clip-in-profiles/two-level/unitexa-z701?editionuid=850212823214
261482144794;;;;;"Profile UNITEXA Z701 - black matte - 2,0 m.b.";;;https://static.tildacdn.com/stor3463-6134-4335-a261-383339626462/85604873.png;14.01;99;;"Color:black matte;Length:2,0 m.b.";;zSQvbSNEiHa6S1KQEwaCY2;713338046314;0;0;0;0;https://alumineu.com/products/clip-in-profiles/two-level/unitexa-z701?editionuid=261482144794
653632932794;;;;"clip-in profiles>>>light";"Profile LUMNOVA Z008";;;https://static.tildacdn.com/stor6166-6338-4636-a163-356565363662/23628799.png;;;;;;lumnova_z008;;0;0;0;0;https://alumineu.com/products/clip-in-profiles/light/lumnova-z008
875710172994;;;;;"Profile LUMNOVA Z008 - black matte - 2,0 m.b.";;;https://static.tildacdn.com/stor6166-6338-4636-a163-356565363662/23628799.png;20.75;99;;"Color:black matte;Length:2,0 m.b.";;eSviEBM8guhlvQefni07r1;653632932794;0;0;0;0;https://alumineu.com/products/clip-in-profiles/light/lumnova-z008?editionuid=875710172994
249441922834;;;;"clip-in profiles>>>cornice";"Profile TISSURE Z401";;;https://static.tildacdn.com/stor6237-6533-4439-a530-313932383262/54316814.png;;;;;;tissure_z401;;0;0;0;0;https://alumineu.com/products/clip-in-profiles/cornice/tissure-z401
566415895794;;;;;"Profile TISSURE Z401 - white matte - 2,0 lm";;;https://static.tildacdn.com/stor6237-6533-4439-a530-313932383262/54316814.png;25.94;99;;"Color:white matte;Length:2,0 lm";;1BcJh8vVg8aapGEcAUDrg1;249441922834;0;0;0;0;https://alumineu.com/products/clip-in-profiles/cornice/tissure-z401?editionuid=566415895794
567784715024;;;;;"Profile TISSURE Z401 - black matte - 2,0 lm";;;https://static.tildacdn.com/stor6237-6533-4439-a530-313932383262/54316814.png;25.94;99;;"Color:black matte;Length:2,0 lm";;hymJQJJTjY-YeQVF1giqT1;249441922834;0;0;0;0;https://alumineu.com/products/clip-in-profiles/cornice/tissure-z401?editionuid=567784715024
414715907814;;;;"harpoon profiles>>>lighting";"Profile LAMPLIX X930";;;https://static.tildacdn.com/stor3631-3833-4436-b237-383661363039/82458092.png;;;;;;lamplix_x930;;0;0;0;0;https://alumineu.com/products/harpoon-profiles/light/lamplix-x930
189187775894;;;;;"Profile LAMPLIX X930 - no color";;;;5.19;98;;"Color:no color";;63SkQfPpjSYcEKuuMh-YG2;414715907814;0;0;0;0;https://alumineu.com/products/harpoon-profiles/light/lamplix-x930?editionuid=189187775894
682707047474;;;;"harpoon profiles>>>lighting";"Profile LAMPLIX X950";;;https://static.tildacdn.com/stor3165-3330-4461-a433-373731363261/22139547.png;;;;;;lamplix_x950;;0;0;0;0;https://alumineu.com/products/harpoon-profiles/light/lamplix-x950
725321732754;;;;;"Profile LAMPLIX X950 - no color";;;https://static.tildacdn.com/stor3165-3330-4461-a433-373731363261/22139547.png;7.78;99;;"Color:no color";;Xo7o90pXhmhKf1FmlwptL2;682707047474;0;0;0;0;https://alumineu.com/products/harpoon-profiles/light/lamplix-x950?editionuid=725321732754
281764565524;;;;"clip-in profiles>>>track";"Profile VOLTIVA Z501";;;https://static.tildacdn.com/stor3364-3566-4163-a262-383438663932/44794231.png;;;;;;voltiva_z501;;0;0;0;0;https://alumineu.com/products/clip-in-profiles/track/voltiva-z501
489540779794;;;;;"Profile VOLTIVA Z501 - black matte";;;https://static.tildacdn.com/stor3364-3566-4163-a262-383438663932/44794231.png;31.13;96;;"Color:black matte";;0WyuTzYWjCQp6Fj0LuztH0;281764565524;0;0;0;0;https://alumineu.com/products/clip-in-profiles/track/voltiva-z501?editionuid=489540779794
632754557574;;;;"harpoon profiles>>>cornice";"Profile CURTINA X405 M";;;https://static.tildacdn.com/stor6336-6539-4630-b237-383862633235/82833499.png;;;;;;curtina_x405_m;;0;0;0;0;https://alumineu.com/products/harpoon-profiles/cornice/curtina-x405-m
783478043974;;;;;"Profile CURTINA X405 M - white matte - 2,2 lm";;;https://static.tildacdn.com/stor6336-6539-4630-b237-383862633235/82833499.png;64.86;99;;"Color:white matte;Length:2,2 lm";;iSRbWSLtitojIsPO0sI9x2;632754557574;0;0;0;0;https://alumineu.com/products/harpoon-profiles/cornice/curtina-x405-m?editionuid=783478043974
809068533744;;;;;"Profile CURTINA X405 M - black matte - 2,2 lm";;;https://static.tildacdn.com/stor6336-6539-4630-b237-383862633235/82833499.png;64.86;100;;"Color:black matte;Length:2,2 lm";;gA28ToLCggK3W8YPSsFkT1;632754557574;0;0;0;0;https://alumineu.com/products/harpoon-profiles/cornice/curtina-x405-m?editionuid=809068533744
781659984744;;;;;"Profile CURTINA X405 M - white matte - 3,2 lm";;;https://static.tildacdn.com/stor6336-6539-4630-b237-383862633235/82833499.png;93.40;100;;"Color:white matte;Length:3,2 lm";;CkVvKhJbiGhhK2anvHdB33;632754557574;0;0;0;0;https://alumineu.com/products/harpoon-profiles/cornice/curtina-x405-m?editionuid=781659984744
398952671364;;;;;"Profile CURTINA X405 M - black matte - 3,2 lm";;;https://static.tildacdn.com/stor6336-6539-4630-b237-383862633235/82833499.png;93.40;99;;"Color:black matte;Length:3,2 lm";;PIsjk6JZiDyyFLIyu2lyU0;632754557574;0;0;0;0;https://alumineu.com/products/harpoon-profiles/cornice/curtina-x405-m?editionuid=398952671364
408889714724;;;;"harpoon profiles>>>floating";"Profile FLOATIA X304";;;https://static.tildacdn.com/stor3138-6561-4237-b464-396634353333/74931426.png;;;;;;floatia_x304;;0;0;0;0;https://alumineu.com/products/harpoon-profiles/floating/floatia-x304
239901295214;;;;;"Profile FLOATIA X304 - black matte";;;https://static.tildacdn.com/stor3138-6561-4237-b464-396634353333/74931426.png;7.78;99;;"Color:black matte";;OGuLhFuVjSlwHsBusU5Sf1;408889714724;0;0;0;0;https://alumineu.com/products/harpoon-profiles/floating/floatia-x304?editionuid=239901295214
882164071534;;;;"harpoon profiles>>>cornice";"Profile СURTINA X408";;;https://static.tildacdn.com/stor6233-3162-4332-a637-343430343962/86606358.png;;;;;;curtina_x408;;0;0;0;0;https://alumineu.com/products/harpoon-profiles/cornice/curtina-x408
878271241484;;;;;"Profile СURTINA X408 - no color - 2,0 lm";;;https://static.tildacdn.com/stor6233-3162-4332-a637-343430343962/86606358.png;27.24;98;;"Color:no color;Length:2,0 lm";;FWceQ5ETivN6fBl0i-tWJ2;882164071534;0;0;0;0;https://alumineu.com/products/harpoon-profiles/cornice/curtina-x408?editionuid=878271241484
682795033954;;;;"harpoon profiles>>>cornice";"Profile СURTINA X409";;;https://static.tildacdn.com/stor6364-3361-4734-b837-393765333733/65650818.png;;;;;;curtina_x409;;0;0;0;0;https://alumineu.com/products/harpoon-profiles/cornice/curtina-x409
792558199144;;;;;"Profile СURTINA X409 - no color - 2,0 lm";;;https://static.tildacdn.com/stor6364-3361-4734-b837-393765333733/65650818.png;35.02;99;;"Color:no color;Length:2,0 lm";;LhsJi728gSt1-qEKriOWU2;682795033954;0;0;0;0;https://alumineu.com/products/harpoon-profiles/cornice/curtina-x409?editionuid=792558199144
919912621964;;;;"harpoon profiles>>>cornice";"Profile СURTINA X410";;;https://static.tildacdn.com/stor3266-3835-4239-a365-326333313766/86962021.png;;;;;;curtina_x410;;0;0;0;0;https://alumineu.com/products/harpoon-profiles/cornice/curtina-x410
766485856544;;;;;"Profile СURTINA X410 - white matte - 2,0 lm";;;https://static.tildacdn.com/stor3266-3835-4239-a365-326333313766/86962021.png;31.13;99;;"Color:white matte;Length:2,0 lm";;JLVFDRdrgtcM9IORQDzXv0;919912621964;0;0;0;0;https://alumineu.com/products/harpoon-profiles/cornice/curtina-x410?editionuid=766485856544
860344224434;;;;"harpoon profiles>>>cornice";"Profile СURTINA X411";;;https://static.tildacdn.com/stor3937-3039-4264-a131-326137656637/60176346.png;;;;;;curtina_x411;;0;0;0;0;https://alumineu.com/products/harpoon-profiles/cornice/curtina-x411
379638214714;;;;;"Profile СURTINA X411 - white matte - 2,0 lm";;;https://static.tildacdn.com/stor3937-3039-4264-a131-326137656637/60176346.png;44.10;99;;"Color:white matte;Length:2,0 lm";;KmK1hPPBihH4KDyWNRaPo0;860344224434;0;0;0;0;https://alumineu.com/products/harpoon-profiles/cornice/curtina-x411?editionuid=379638214714
911021613754;;;;"harpoon profiles>>>cornice";"Profile CURTINA X404";;;https://static.tildacdn.com/stor3363-3933-4634-a165-303932343562/78141218.png;;;;;;curtina_x404;;0;0;0;0;https://alumineu.com/products/harpoon-profiles/cornice/curtina-x404
841975518824;;;;;"Profile CURTINA X404 - white gloss - 2,2 lm";;;https://static.tildacdn.com/stor3363-3933-4634-a165-303932343562/78141218.png;28.54;99;;"Color:white gloss;Length:2,2 lm";;ryMNNy0Vjq1ciFgP2gUaK3;911021613754;0;0;0;0;https://alumineu.com/products/harpoon-profiles/cornice/curtina-x404?editionuid=841975518824
195413785364;;;;;"Profile CURTINA X404 - white gloss - 3,2 lm";;;https://static.tildacdn.com/stor3363-3933-4634-a165-303932343562/78141218.png;41.51;100;;"Color:white gloss;Length:3,2 lm";;6UZy5OEYgiU2cDd92z2R00;911021613754;0;0;0;0;https://alumineu.com/products/harpoon-profiles/cornice/curtina-x404?editionuid=195413785364
405507465784;;;;"accessories>>>end caps";"Endkappe ENDCAPP Y208";;;https://static.tildacdn.com/stor3136-6239-4865-b661-323735623165/86287381.png;;;;;;endcapp_y208;;0;0;0;0;https://alumineu.com/products/accessories/end-caps/endcapp-y208
346148212064;;;;;"Endkappe ENDCAPP Y208 - white matte";;;https://static.tildacdn.com/stor3136-6239-4865-b661-323735623165/86287381.png;5.19;;;"Color:white matte";;zk72JAY9i0ugmwAbZomQB0;405507465784;0;0;0;0;https://alumineu.com/products/accessories/end-caps/endcapp-y208?editionuid=346148212064
895241693614;;;;;"Endkappe ENDCAPP Y208 - black matte";;;https://static.tildacdn.com/stor3136-6239-4865-b661-323735623165/86287381.png;5.19;99;;"Color:black matte";;cs1iWyovjnR0O5ccF07Z40;405507465784;0;0;0;0;https://alumineu.com/products/accessories/end-caps/endcapp-y208?editionuid=895241693614
242579542984;;;;"accessories>>>end caps";"Endkappe ENDCAPP Y209";;;https://static.tildacdn.com/stor3733-6437-4238-a136-646632346463/5cc34908534d04080207b723d789b01d.png;;;;;;endcapp_y209;;0;0;0;0;https://alumineu.com/products/accessories/end-caps/endcapp-y209
158516926484;;;;;"Endkappe ENDCAPP Y209 - black matte";;;https://static.tildacdn.com/stor3733-6437-4238-a136-646632346463/5cc34908534d04080207b723d789b01d.png;12.97;99;;"Color:black matte";;caaW9qg3jIDvmqBhtmo3R3;242579542984;0;0;0;0;https://alumineu.com/products/accessories/end-caps/endcapp-y209?editionuid=158516926484
335589602194;;;;"accessories>>>end caps";"Endkappe ENDCAPP Y210";;;https://static.tildacdn.com/stor6562-3962-4638-b030-633531383365/f847ee017445902f6ebf286a9a0bb6b9.png;;;;;;endcapp_y210;;0;0;0;0;https://alumineu.com/products/accessories/end-caps/endcapp-y210
182789534114;;;;;"Endkappe ENDCAPP Y210 - white matte";;;https://static.tildacdn.com/stor6562-3962-4638-b030-633531383365/f847ee017445902f6ebf286a9a0bb6b9.png;14.27;99;;"Color:white matte";;XfbpuCp4jKYvNsRl05mSV0;335589602194;0;0;0;0;https://alumineu.com/products/accessories/end-caps/endcapp-y210?editionuid=182789534114
768807965894;;;;;"Endkappe ENDCAPP Y210 - black matte";;;https://static.tildacdn.com/stor6562-3962-4638-b030-633531383365/f847ee017445902f6ebf286a9a0bb6b9.png;14.27;100;;"Color:black matte";;Ue5JxBS6h-xDmc-T5sYN21;335589602194;0;0;0;0;https://alumineu.com/products/accessories/end-caps/endcapp-y210?editionuid=768807965894
192011509634;;;;"accessories>>>end caps";"Endkappe ENDCAPP Y211";;;https://static.tildacdn.com/stor6363-3031-4662-a432-356361383139/4e48f5d02ab0b89a0b35c389edbeceba.png;;;;;;endcapp_y211;;0;0;0;0;https://alumineu.com/products/accessories/end-caps/endcapp-y211
118180344304;;;;;"Endkappe ENDCAPP Y211 - white matte";;;https://static.tildacdn.com/stor6363-3031-4662-a432-356361383139/4e48f5d02ab0b89a0b35c389edbeceba.png;27.24;99;;"Color:white matte";;w7Y6MOgigz2Y0sizhfBYt3;192011509634;0;0;0;0;https://alumineu.com/products/accessories/end-caps/endcapp-y211?editionuid=118180344304
304181575724;;;;;"Endkappe ENDCAPP Y211 - black matte";;;https://static.tildacdn.com/stor6363-3031-4662-a432-356361383139/4e48f5d02ab0b89a0b35c389edbeceba.png;27.24;100;;"Color:black matte";;B-1IK5jxibF9dkLSg6OE11;192011509634;0;0;0;0;https://alumineu.com/products/accessories/end-caps/endcapp-y211?editionuid=304181575724
341298912564;;;;"accessories>>>end caps";"Endkappe ENDCAPP Y212";;;https://static.tildacdn.com/stor6564-3639-4161-a363-386133343865/cccb946dae0dd2a6f4a84607d582bbee.png;;;;;;endcapp_y212;;0;0;0;0;https://alumineu.com/products/accessories/end-caps/endcapp-y212
919814430674;;;;;"Endkappe ENDCAPP Y212 - black matte";;;https://static.tildacdn.com/stor6564-3639-4161-a363-386133343865/cccb946dae0dd2a6f4a84607d582bbee.png;22.05;99;;"Color:black matte";;Y7HL3H--ifpDooOZXnkT61;341298912564;0;0;0;0;https://alumineu.com/products/accessories/end-caps/endcapp-y212?editionuid=919814430674
359508229694;;;;accessories>>>hooks;"Gliders SLIDENE Y702";;;https://static.tildacdn.com/stor6665-3838-4635-a233-326363633862/a6cba0c88315c5e0002d822da2550d95.png;;;;;;slidene_y702;;0;0;0;0;https://alumineu.com/products/accessories/hooks/slidene-y702
185136045354;;;;;"Gliders SLIDENE Y702 - white";;;;12.45;54;;Color:white;;AxdssG3zilcc0nq8IRQCg0;359508229694;0;0;0;0;https://alumineu.com/products/accessories/hooks/slidene-y702?editionuid=185136045354
453706679414;;;;accessories>>>hooks;"Gliders SLIDENE Y703";;;https://static.tildacdn.com/stor3236-6661-4532-b163-316534623661/f2b3b0c4aa537a007e169a3022e37daa.png;;;;;;slidene_y703;;0;0;0;0;https://alumineu.com/products/accessories/hooks/slidene-y703
916850049764;;;;;"Gliders SLIDENE Y703 - white";;;;0.67;55;;Color:white;;5AoNq6UdhMzzZcpcgTh5m0;453706679414;0;0;0;0;https://alumineu.com/products/accessories/hooks/slidene-y703?editionuid=916850049764
913020548074;;;;;"Gliders SLIDENE Y703 - black";;;;0.67;55;;Color:black;;FJSc0Zp5hm1Mg4SMhSTTh0;453706679414;0;0;0;0;https://alumineu.com/products/accessories/hooks/slidene-y703?editionuid=913020548074
389628095554;;;;accessories>>>connectors;"Straight connector JOINTEK Y605";;;https://static.tildacdn.com/stor3564-3338-4738-b765-326633376362/d9e3be0f9a049a7f1eb4c08f055a3e0c.png;10.38;10;;;;3MLLHH2IjgqO47skfI06r2;;0;0;0;0;https://alumineu.com/products/accessories/connectors/jointek-y605
152074082194;;;;accessories>>>connectors;"Corner connector JOINTEK Y606";;;https://static.tildacdn.com/stor6635-3832-4436-a164-666336626439/cd40a6becc6c98c0bc67b20136397ef6.png;10.38;9;;;;PQjsDtuygZ8U2CBSD-yFM3;;0;0;0;0;https://alumineu.com/products/accessories/connectors/jointek-y606
604678025244;;;;accessories>>>stabily;"Device STUSLON Y901";;;https://static.tildacdn.com/stor3733-3130-4936-a664-653430313732/f65f7176cdcc3ee92301210e31c71e88.png;1.83;99;;;;yhkL5hiDgxPikbdZZ9Fw-2;;0;0;0;0;https://alumineu.com/products/accessories/devices/stuslon-y901
350325732874;;;;accessories>>>stabily;"Device STUSLON Y902";;;https://static.tildacdn.com/stor3733-3130-4936-a664-653430313732/f65f7176cdcc3ee92301210e31c71e88.png;2.08;99;;;;Ttlz5AqejNP0X23dgdQNF0;;0;0;0;0;https://alumineu.com/products/accessories/devices/stuslon-y902
550311171484;;;;accessories>>>stabily;"Device STUSLON Y903";;;https://static.tildacdn.com/stor3832-3031-4533-a665-353336343563/1513f3ef8a56eef5fc1336b4b6d0d495.png;1.82;99;;;;6BeeaaaDifZDxIxPgfCsB2;;0;0;0;0;https://alumineu.com/products/accessories/devices/stuslon-y903
459742840014;;;;accessories>>>tools;"Installation spatula SPATULA Y801";;;https://static.tildacdn.com/stor3435-3063-4665-a236-336535633032/e511e244c96ae8bbe418537f8279a848.png;23.09;9;;;;LAScFxUfgjRWkQO7x3vPO3;;0;0;0;0;https://alumineu.com/products/accessories/tools/spatula-y801
689387262984;;;;accessories>>>tools;"Installation spatula SPATULA Y802";;;https://static.tildacdn.com/stor3861-3330-4161-a638-323533373833/552b4f4af86a9184f9c0ee25dc0aff14.png;23.09;9;;;;yhUnPSjLg-Bdtn9a16e4K1;;0;0;0;0;https://alumineu.com/products/accessories/tools/spatula-y802
162566567144;;;;accessories>>>tools;"Installation spatula SPATULA Y803";;;https://static.tildacdn.com/stor6336-3630-4431-b661-303261626338/db96eceaafd8d25e51796807b3a4a802.png;23.09;8;;;;7EuwsAnyhMnvk1iniWvNZ2;;0;0;0;0;https://alumineu.com/products/accessories/tools/spatula-y803
146669197634;;;;accessories>>>tools;"Installation spatula SPATULA Y804";;;https://static.tildacdn.com/stor3463-3833-4564-a232-666164373365/3c41ab8b9fa89d0cb81758eaf0689f3e.png;54.48;9;;;;R2Byo-ePivRzvVzZ6j3813;;0;0;0;0;https://alumineu.com/products/accessories/tools/spatula-y804
262605120634;;;;accessories>>>tools;"Hole punch PRASEKA Y805";;;https://static.tildacdn.com/stor6439-6264-4439-b062-633737333264/f006ebfd8f2a70e91f14a76807810ab9.png;67.45;1;;;;zVHat4UNjWloiFXNPDt4r0;;0;0;0;0;https://alumineu.com/products/accessories/tools/praseka-y805
187590753794;;;;"accessories>>>ventilation adapter";"Ventilation adapter AEROOOM Y911";;;https://static.tildacdn.com/stor3932-3765-4535-a165-386539633264/28a5be629d2926f089ff2a7f112c8b78.png;;;;;;aerooom_y911;;0;0;0;0;https://alumineu.com/products/accessories/ventilation-reducers/aerooom-y911
490065845164;;;;;"Ventilation adapter AEROOOM Y911";;;https://static.tildacdn.com/stor3932-3765-4535-a165-386539633264/28a5be629d2926f089ff2a7f112c8b78.png;15.57;98;;Kolor:;;kKSei7ZTjZ4PuyPiq34942;187590753794;0;0;0;0;https://alumineu.com/products/accessories/ventilation-reducers/aerooom-y911?editionuid=490065845164
935570675604;;;;accessories>>>diffusers;"Diffusers DIFFUSY Y108";;;https://static.tildacdn.com/stor3930-3038-4164-b465-353363643331/ed01e5541439df0534303aec2f5abf34.png;;;;;;diffusy_y108;;0;0;0;0;https://alumineu.com/products/accessories/diffusers/diffusy-y108
723632658304;;;;;"Diffusers DIFFUSY Y108 - white";;;https://static.tildacdn.com/stor3930-3038-4164-b465-353363643331/ed01e5541439df0534303aec2f5abf34.png;7.78;99;;Color:white;;I8dRSyr4j1PDRW6-je8T00;935570675604;0;0;0;0;https://alumineu.com/products/accessories/diffusers/diffusy-y108?editionuid=723632658304
