"Tilda UID";Brand;SKU;Mark;Category;Title;Description;Text;Photo;Price;Quantity;"Price Old";Editions;Modifications;"External ID";"Parent UID";Weight;Length;Width;Height;"SEO title";"SEO descr";"SEO keywords";"FB title";"FB descr";Url;Tabs:1;Tabs:2;Tabs:3
442733295411;Alumineu;;;Harpunenprofile>>>Schattenfugen;"Profil INVISIA X201";"Profil Alumineu INVISIA X201, Wandabstandprofil für Spann-Decken mit Harpunen-Befestigungssystem für die Bahn.";;https://static.tildacdn.com/stor6461-3463-4434-b634-336634353037/22501200.png;;;;"product_options:[{""title"":""Farbe"",""params"":{""view"":""buttons"",""hasColor"":true,""linkImage"":false}}]";;invisia_x201;;0;0;0;0;"Distanzprofil INVISIA X201 mit einer 5 mm Schattenfuge - alumineu profile";"Profil mit Schattenfuge an der Wand INVISIA X201. Bestellen Sie Alumineu-Aluprofile für Spanndecken in Deutschland.";"Distanzprofile, Aluminiumprofil";;;https://alumineu.de/produkte/harpunenprofile/schattenfugen/invisia-x201;;;
815801714141;;;;;"Profil INVISIA X201 - schwarz matt";;;https://static.tildacdn.com/stor6461-3463-4434-b634-336634353037/22501200.png;2.70;;;"Farbe:schwarz matt #000000";;oo9OjTbNgZ8SJAWgghj610;442733295411;0;0;0;0;;;;;;https://alumineu.de/produkte/harpunenprofile/schattenfugen/invisia-x201?editionuid=815801714141;;;
401127966721;Alumineu;;;Harpunenprofile>>>Lichtlinie;"Profil LIGHTRA X030";"Patentiertes Profil LIGHTRA X030 Trennprofil für Spanndecken mit Harpunensystem zur Befestigung des Tuchs. Zur Verwendung bei der Erstellung von Lichtlinien.";;https://static.tildacdn.com/stor3232-3737-4931-b033-303937643561/1e8e5fd4336a42db0db3da694c36867d.png;;;;"product_options:[{""title"":""Farbe"",""params"":{""view"":""buttons"",""hasColor"":true,""linkImage"":false}}]";;lightra_x030;;0;0;0;0;"Profil LIGHTRA X030 für LED-Beleuchtung mit Harpunen-Befestigungssystem für Spannstoff - alumineu";"Beleuchtetes Profil LIGHTRA X030 für Spanndecken. Kaufen Sie Decken-Lichtlinien in Deutschland";"Lichtlinien für die Decke, Deckenbeleuchtung";;;https://alumineu.de/produkte/harpunenprofile/lichtlinie/lightra-x030;;;
510496803981;;;;;"Profil LIGHTRA X030 - roh";;;https://static.tildacdn.com/stor3232-3737-4931-b033-303937643561/1e8e5fd4336a42db0db3da694c36867d.png;4.15;;;"Farbe:roh #e6e6e6";;Rv6KF1WLiPamjAv2BaZge3;401127966721;0;0;0;0;;;;;;https://alumineu.de/produkte/harpunenprofile/lichtlinie/lightra-x030?editionuid=510496803981;;;
477064336861;Alumineu;;;Harpunenprofile>>>Lichtlinie;"Profil LIGHTRA X015";"Patentiertes Profil LIGHTRA X015 Trennprofil für Spanndecken mit Harpunensystem zur Befestigung des Tuchs. Geeignet zur Erstellung von Lichtlinien.";;https://static.tildacdn.com/stor6438-6264-4763-b632-376163363935/c2f92cd4f920e68f2b7eab3698f2c3ef.png;;;;"product_options:[{""title"":""Farbe"",""params"":{""view"":""buttons"",""hasColor"":true,""linkImage"":false}}]";;lightra_x015;;0;0;0;0;"Profil LIGHTRA X015 zur Erstellung von Lichtlinien in Spanndecken – alumineu";"LED-Lichtprofil LIGHTRA X015. Kaufen Sie Aluminium-Deckenprofile für Beleuchtung in Berlin und ganz Deutschland.";"Profile für LED-Streifen, Profile für Spanndecken in Deutschland";;;https://alumineu.de/produkte/harpunenprofile/lichtlinie/lightra-x015;;;
744771070761;;;;;"Profil LIGHTRA X015 - roh";;;https://static.tildacdn.com/stor6438-6264-4763-b632-376163363935/c2f92cd4f920e68f2b7eab3698f2c3ef.png;3.11;;;"Farbe:roh #e6e6e6";;olHJtrUhhLVDB5FN2Is6G0;477064336861;0;0;0;0;;;;;;https://alumineu.de/produkte/harpunenprofile/lichtlinie/lightra-x015?editionuid=744771070761;;;
674701586561;Alumineu;;;Harpunenprofile>>>Lichtlinie;"Profil LIGHTRA X030 s";"Patentierter Profil LIGHTRA X030 S Trennprofil für Spanndecken mit Harpunensystem zur Befestigung des Tuchs. Ideal zur Erstellung von Lichtlinien.";;https://static.tildacdn.com/stor3365-6363-4362-a533-656136633032/540e8d4d53058c004ef6deb8ec8ca75c.png;;;;"product_options:[{""title"":""Farbe"",""params"":{""view"":""buttons"",""hasColor"":true,""linkImage"":false}}]";;lightra_x030_s;;0;0;0;0;"Lichtlinienprofil LIGHTRA X030 s mit Ablage für LED-Streifen - alumineu";"Lichtlinienprofil LIGHTRA X030 s mit Ablage für LED-Streifen - alumineu";"Lichtlinienprofil LIGHTRA X030 s mit Ablage für LED-Streifen - alumineu";;;https://alumineu.de/produkte/harpunenprofile/lichtlinie/lightra-x030-s;;;
573449500411;;;;;"Profil LIGHTRA X030 s - roh";;;https://static.tildacdn.com/stor3365-6363-4362-a533-656136633032/540e8d4d53058c004ef6deb8ec8ca75c.png;3.63;;;"Farbe:roh #e6e6e6";;MzeeWUC0gyE9JJJLbz34v3;674701586561;0;0;0;0;;;;;;https://alumineu.de/produkte/harpunenprofile/lichtlinie/lightra-x030-s?editionuid=573449500411;;;
860758794541;Alumineu;;;Harpunenprofile>>>Lichtlinie;"Profil LIGHTRA X050";"Patentierter Profil LIGHTRA X050 Trennprofil für Spanndecken mit Harpunensystem zur Befestigung des Tuchs. Ideal zur Erstellung von Lichtlinien.";;https://static.tildacdn.com/stor3932-3634-4666-a365-353233666533/ce3fcfa5bc53b49774c6bf34ee6d1a4f.png;;;;"product_options:[{""title"":""Farbe"",""params"":{""view"":""buttons"",""hasColor"":true,""linkImage"":false}}]";;lightra_x050;;0;0;0;0;"Aluminium-LED-Profil LIGHTRA X050 für Spanndecken – Alumineu.";"LED-Band-Profil für Spanndecken LIGHTRA X050. Hauptbeleuchtung im Schlafzimmer – jetzt in Deutschland kaufen.";"Profil für LED-Streifen, Hauptbeleuchtung";;;https://alumineu.de/produkte/harpunenprofile/lichtlinie/lightra-x050;;;
785067003561;;;;;"Profil LIGHTRA X050 - roh";;;https://static.tildacdn.com/stor3932-3634-4666-a365-353233666533/ce3fcfa5bc53b49774c6bf34ee6d1a4f.png;4.67;;;"Farbe:roh #e6e6e6";;wDQZybWWgNkn2Zq49zPi30;860758794541;0;0;0;0;;;;;;https://alumineu.de/produkte/harpunenprofile/lichtlinie/lightra-x050?editionuid=785067003561;;;
702259624591;Alumineu;;;Harpunenprofile>>>Vorhangschiene;"Profil CURTINA X402";"Patentiertes Profil CURTINA X402 zur Erstellung verdeckter Vorhangnischen mit zwei Schienen für das Aufhängen von Gardinen und Vorhängen in Spanndecken mit Harpunensystem. Mit seitlicher Befestigung der Folie.";;https://static.tildacdn.com/stor3230-6333-4665-a235-353535356335/0e352157f988b10b3525047b44014ece.png;;;;"product_options:[{""title"":""Farbe"",""params"":{""view"":""buttons"",""hasColor"":true,""linkImage"":false}},{""title"":""Länge"",""params"":{""view"":""buttons"",""hasColor"":false,""linkImage"":false}}]";;curtina_x402;;0;0;0;0;;;;;;https://alumineu.de/produkte/harpunenprofile/vorhangschiene/curtina-x402;;;
695056084041;;;;;"Profil CURTINA X402 - weiß matt - 2,2 lfd. m";;;https://static.tildacdn.com/stor3230-6333-4665-a235-353535356335/0e352157f988b10b3525047b44014ece.png;27.40;;;"Farbe:weiß matt #ffffff;Länge:2,2 lfd. m";;e9yQf8rDjzi3XjGnnx3Iw3;702259624591;0;0;0;0;;;;;;https://alumineu.de/produkte/harpunenprofile/vorhangschiene/curtina-x402?editionuid=695056084041;;;
330396319901;;;;;"Profil CURTINA X402 - schwarz matt - 2,2 lfd. m";;;https://static.tildacdn.com/stor3230-6333-4665-a235-353535356335/0e352157f988b10b3525047b44014ece.png;27.40;;;"Farbe:schwarz matt #000000;Länge:2,2 lfd. m";;DKTDmwA2icCZL2vSUjXum3;702259624591;0;0;0;0;;;;;;https://alumineu.de/produkte/harpunenprofile/vorhangschiene/curtina-x402?editionuid=330396319901;;;
361913046022;;;;;"Profil CURTINA X402 - weiß matt - 3,2 lfd. m";;;https://static.tildacdn.com/stor3230-6333-4665-a235-353535356335/0e352157f988b10b3525047b44014ece.png;39.85;;;"Farbe:weiß matt #ffffff;Länge:3,2 lfd. m";;vdjAWIcdhHNfZhVE150J92;702259624591;0;0;0;0;;;;;;https://alumineu.de/produkte/harpunenprofile/vorhangschiene/curtina-x402?editionuid=361913046022;;;
215505426582;;;;;"Profil CURTINA X402 - schwarz matt - 3,2 lfd. m";;;https://static.tildacdn.com/stor3230-6333-4665-a235-353535356335/0e352157f988b10b3525047b44014ece.png;39.85;;;"Farbe:schwarz matt #000000;Länge:3,2 lfd. m";;eePmEHIghXucCCjWcE2zy3;702259624591;0;0;0;0;;;;;;https://alumineu.de/produkte/harpunenprofile/vorhangschiene/curtina-x402?editionuid=215505426582;;;
511068471861;Alumineu;;;Harpunenprofile>>>Led-schattenfugen;"Profil FLOATIA X301";"Profil Alumineu FLOATIA X301, Wandabstandprofil für Spann-Decken mit Harpunen-Befestigungssystem für die Bahn. Mit einer Ablage für LED-Bänder. Ohne Abdeckung und Schirm.";;https://static.tildacdn.com/stor3839-6236-4339-a530-353930653661/0b8b843c554eac76103a8ccb146af81a.png;;;;"product_options:[{""title"":""Farbe"",""params"":{""view"":""buttons"",""hasColor"":true,""linkImage"":false}}]";;floatia_x301;;0;0;0;0;;;;;;https://alumineu.de/produkte/harpunenprofile/led-schattenfugen/floatia-x301;info|#|Описание|#|Тру-ля-ля;chars|#|Характеристики;info|#|Информация|#|Опа-опа
737801824421;;;;;"Profil FLOATIA X301 - weiß matt";;;https://static.tildacdn.com/stor3839-6236-4339-a530-353930653661/0b8b843c554eac76103a8ccb146af81a.png;3.11;;;"Farbe:weiß matt #ffffff";;jzysdA0nhEDukcRfamitz0;511068471861;0;0;0;0;;;;;;https://alumineu.de/produkte/harpunenprofile/led-schattenfugen/floatia-x301?editionuid=737801824421;;;
296614829931;Alumineu;;;Harpunenprofile>>>Schattenfugen;"Profil INVISIA X202";"Profil Alumineu INVISIA X202, Wandabstandprofil für Spann-Decken mit Harpunen-Befestigungssystem für die Bahn.";;https://static.tildacdn.com/stor6465-3262-4965-a531-623864343033/0454bbb9b9d170e764218270c8e21207.png;;;;"product_options:[{""title"":""Farbe"",""params"":{""view"":""buttons"",""hasColor"":true,""linkImage"":false}}]";;invisia_x202;;0;0;0;0;"Schattenfugenprofil INVISIA X202 mit Schattenfuge in der Decke – Alumineu Profile";"Aluminiumprofil zur Wandabstandsbildung INVISIA X202. Kaufen Sie Alumineu-Zubehör für Spanndecken in Deutschland.";"Schattenfuge an der Wand, Schattenprofil";;;https://alumineu.de/produkte/harpunenprofile/schattenfugen/invisia-x202;;;
763141907871;;;;;"Profil INVISIA X202 - schwarz matt";;;https://static.tildacdn.com/stor6465-3262-4965-a531-623864343033/0454bbb9b9d170e764218270c8e21207.png;2.59;;;"Farbe:schwarz matt #000000";;DJNjCqquhcS8YMhhFUUT-3;296614829931;0;0;0;0;;;;;;https://alumineu.de/produkte/harpunenprofile/schattenfugen/invisia-x202?editionuid=763141907871;;;
834487288081;Alumineu;;;Harpunenprofile>>>Schattenfugen;"Profil INVISIA X205";;;https://static.tildacdn.com/stor3933-3636-4732-b535-393336616263/0cc3d7c519a57e48dbc109d6f54c66b2.png;;;;"product_options:[{""title"":""Farbe"",""params"":{""view"":""buttons"",""hasColor"":true,""linkImage"":false}}]";;invisia_x205;;0;0;0;0;"Distanzprofil mit Schattenfuge 7,7 mm INVISIA X205 - alumineu profile";"Robustes Profil für Spanndecken mit 7,7 mm Abstand zur Wand INVISIA X205. Bestellen mit Lieferung";"Lieferung von Profilen in Polen, Distanzprofil, Spanndecken";;;https://alumineu.de/produkte/harpunenprofile/schattenfugen/invisia-x205;;;
463017471261;;;;;"Profil INVISIA X205 - schwarz matt";;;https://static.tildacdn.com/stor3933-3636-4732-b535-393336616263/0cc3d7c519a57e48dbc109d6f54c66b2.png;3.11;;;"Farbe:schwarz matt #000000";;lFPD6yXiiis-LJnoPBaa91;834487288081;0;0;0;0;;;;;;https://alumineu.de/produkte/harpunenprofile/schattenfugen/invisia-x205?editionuid=463017471261;;;
688784940211;Alumineu;;;Harpunenprofile>>>Schattenfugen;"Profil INVISIA X204";"Profil Alumineu INVISIA X204, Trennprofil mit Schattenfuge für Spann-Decken mit Harpunen-Befestigungssystem für die Bahn.";;https://static.tildacdn.com/stor3934-3366-4234-a361-373462636666/8ae3e674bd953dc0eb5afa52261606e7.png;;;;"product_options:[{""title"":""Farbe"",""params"":{""view"":""buttons"",""hasColor"":true,""linkImage"":false}}]";;invisia_x204;;0;0;0;0;"Trennprofil INVISIA X204 mit Schattenfuge in der Spanndecke – Profile von alumineu";"Trennprofil für die Decke zur Befestigung der Folie von beiden Seiten INVISIA X204. Verfügbar in Deutschland.";"Trennprofil für die Decke, teilendes Deckenprofil";;;https://alumineu.de/produkte/harpunenprofile/schattenfugen/invisia-x204;;;
439163409561;;;;;"Profil INVISIA X204 - schwarz matt";;;https://static.tildacdn.com/stor3934-3366-4234-a361-373462636666/8ae3e674bd953dc0eb5afa52261606e7.png;4.15;;;"Farbe:schwarz matt #000000";;zA59TVMAiMOOTZf15BUvl2;688784940211;0;0;0;0;;;;;;https://alumineu.de/produkte/harpunenprofile/schattenfugen/invisia-x204?editionuid=439163409561;;;
516248023571;Alumineu;;;Zubehör>>>Abdeckleiste;"Abdeckleiste INSERTA Y015 f";;;https://static.tildacdn.com/stor3035-6636-4464-b530-313132653062/6d18f969a1877685112bda7de5a29d70.png;;;;"product_options:[{""title"":""Farbe"",""params"":{""view"":""buttons"",""hasColor"":true,""linkImage"":false}}]";;inserta_y015_f;;0;0;0;0;;;;;;https://alumineu.de/produkte/zubehor/abdeckleiste/inserta-y015-f;;;
389788504061;;;;;"Abdeckleiste INSERTA Y015 f - milchig";;;https://static.tildacdn.com/stor3035-6636-4464-b530-313132653062/6d18f969a1877685112bda7de5a29d70.png;1.56;;;"Farbe:milchig #ffffff";;CWpGaKdlgRQIwS9TWZI6n0;516248023571;0;0;0;0;;;;;;https://alumineu.de/produkte/zubehor/abdeckleiste/inserta-y015-f?editionuid=389788504061;;;
820320102421;Alumineu;;;Zubehör>>>Abdeckleiste;"Abdeckleiste INSERTA Y030";;;https://static.tildacdn.com/stor6530-3639-4661-a261-666164393537/2521f34088c461c511b11b22e98dab83.png;;;;"product_options:[{""title"":""Farbe"",""params"":{""view"":""buttons"",""hasColor"":true,""linkImage"":false}}]";;inserta_y030;;0;0;0;0;;;;;;https://alumineu.de/produkte/zubehor/abdeckleiste/inserta-y030;;;
740165393261;;;;;"Abdeckleiste INSERTA Y030 - milchig";;;https://static.tildacdn.com/stor6530-3639-4661-a261-666164393537/2521f34088c461c511b11b22e98dab83.png;1.56;;;"Farbe:milchig #ffffff";;MP9kMK6mg9LT--ZPdvSbb1;820320102421;0;0;0;0;;;;;;https://alumineu.de/produkte/zubehor/abdeckleiste/inserta-y030?editionuid=740165393261;;;
972999912221;Alumineu;;;Harpunenprofile>>>Wandabschluss;"Profil CLASSIX X140";"Profil Alumineu CLASSIX X140, Wandprofil für Spann-Decken mit Harpunen-Befestigungssystem für die Bahn. Ohne Wandabdeckleiste.";;https://static.tildacdn.com/stor6538-6435-4861-a561-393162643763/af3a0c079bf3bf03ceb59edcbfb4e82d.png;;;;"product_options:[{""title"":""Farbe"",""params"":{""view"":""buttons"",""hasColor"":true,""linkImage"":false}}]";;classix_x140;;0;0;0;0;"Wandprofil CLASSIX X140 zur Befestigung der Folie mit Harpunensystem - alumineu";"Wandprofil CLASSIX X140 für Spanndecken mit Harpunensystem. Jetzt mit Lieferung in ganz Deutschland bestellen.";"Profile zur Befestigung der Folie mit Harpunensystem";;;https://alumineu.de/produkte/harpunenprofile/wandabschluss/classix-x101;;;
280241505021;;;;;"Profil CLASSIX X140 - roh";;;https://static.tildacdn.com/stor6538-6435-4861-a561-393162643763/af3a0c079bf3bf03ceb59edcbfb4e82d.png;1.01;16;;"Farbe:roh #e6e6e6";;V3cnnvOSiRXwOxWDjbAgp3;972999912221;0;0;0;0;;;;;;https://alumineu.de/produkte/harpunenprofile/wandabschluss/classix-x101?editionuid=280241505021;;;
601597243121;Alumineu;;;Harpunenprofile>>>Konturlicht;"Profil CONTURA X601";"Patentiertes Wandkonturprofil CONTURA X601 für Spanndecken mit Harpunen-Befestigungssystem. Mit LED-Bandablage zur Beleuchtung nach unten durch das Gewebe. Der Profilumfang ist mit einer Wandeinlage geschlossen.";;https://static.tildacdn.com/stor6236-3463-4338-b361-666561323738/1fdfeef18495e600387340cde1dbd5ae.png;;;;"product_options:[{""title"":""Farbe"",""params"":{""view"":""buttons"",""hasColor"":true,""linkImage"":false}}]";;contura_x601;;0;0;0;0;;;;;;https://alumineu.de/produkte/harpunenprofile/konturlicht/contura-x601;;;
298004226671;;;;;"Profil CONTURA X601 - surowe aluminium";;;https://static.tildacdn.com/stor6236-3463-4338-b361-666561323738/1fdfeef18495e600387340cde1dbd5ae.png;2.08;;;"Farbe:surowe aluminium #e6e6e6";;uOmKNKiKhPZzh4UNscvrM3;601597243121;0;0;0;0;;;;;;https://alumineu.de/produkte/harpunenprofile/konturlicht/contura-x601?editionuid=298004226671;;;
903601380751;Alumineu;;;Zubehör>>>Winkel;"Winkel ANGLOVA Y401";;;https://static.tildacdn.com/stor3132-3035-4665-a363-323230383332/a3eadee3e8e49ca02751fc14bbaa2b3e.png;;;;"product_options:[{""title"":""Farbe"",""params"":{""view"":""buttons"",""hasColor"":true,""linkImage"":false}}]";;anglova_y401;;0;0;0;0;;;;;;https://alumineu.de/produkte/zubehor/winkel/anglova-y401;;;
834435705461;;;;;"Winkel ANGLOVA Y401 - roh";;;https://static.tildacdn.com/stor3132-3035-4665-a363-323230383332/a3eadee3e8e49ca02751fc14bbaa2b3e.png;0.42;;;"Farbe:roh #e6e6e6";;5Iae0Kl7jHu3J80n7k6Nu3;903601380751;0;0;0;0;;;;;;https://alumineu.de/produkte/zubehor/winkel/anglova-y401?editionuid=834435705461;;;
989701060781;Alumineu;;;Zubehör>>>Abdeckleiste;"Abdeckleiste INSERTA Y008";;;https://static.tildacdn.com/stor3137-3732-4462-b636-653939633062/f98ee36383edb079aab9a680dc8586d4.png;;;;"product_options:[{""title"":""Farbe"",""params"":{""view"":""buttons"",""hasColor"":true,""linkImage"":false}}]";;inserta_y008;;0;0;0;0;;;;;;https://alumineu.de/produkte/zubehor/abdeckleiste/inserta-y008;;;
631676915201;;;;;"Abdeckleiste INSERTA Y008 - weiß";;;https://static.tildacdn.com/stor3137-3732-4462-b636-653939633062/f98ee36383edb079aab9a680dc8586d4.png;0.52;;;"Farbe:weiß #ffffff";;5A33vrjxg2INi6FdYvYHV1;989701060781;0;0;0;0;;;;;;https://alumineu.de/produkte/zubehor/abdeckleiste/inserta-y008?editionuid=631676915201;;;
664407343641;;;;;"Abdeckleiste INSERTA Y008 - schwarz";;;https://static.tildacdn.com/stor3137-3732-4462-b636-653939633062/f98ee36383edb079aab9a680dc8586d4.png;0.52;;;"Farbe:schwarz #000000";;Zm1YLzGFjDyJzl5BQ2AZK2;989701060781;0;0;0;0;;;;;;https://alumineu.de/produkte/zubehor/abdeckleiste/inserta-y008?editionuid=664407343641;;;
128574877981;Alumineu;;;Zubehör>>>Abdeckleiste;"Abdeckleiste INSERTA Y015";;;https://static.tildacdn.com/stor3164-6163-4138-b365-633634633831/2c67053a676061e108f082ef311adba7.png;;;;"product_options:[{""title"":""Farbe"",""params"":{""view"":""buttons"",""hasColor"":true,""linkImage"":false}}]";;inserta_y015;;0;0;0;0;;;;;;https://alumineu.de/produkte/zubehor/abdeckleiste/inserta-y015;;;
210738963631;;;;;"Abdeckleiste INSERTA Y015 - milchig";;;https://static.tildacdn.com/stor3164-6163-4138-b365-633634633831/2c67053a676061e108f082ef311adba7.png;0.83;;;"Farbe:milchig #ffffff";;jWf3YVZMj28oz3Vn9Ruwa1;128574877981;0;0;0;0;;;;;;https://alumineu.de/produkte/zubehor/abdeckleiste/inserta-y015?editionuid=210738963631;;;
306408440381;Alumineu;;;Zubehör>>>Abdeckungen;"Abdeckung DIFFUSY Y114";;;https://static.tildacdn.com/stor6163-3630-4136-a361-633337366432/fb584a4bfb07f5cc1c37f073323066e7.png;;;;"product_options:[{""title"":""Farbe"",""params"":{""view"":""buttons"",""hasColor"":true,""linkImage"":false}}]";;diffusy_y114;;0;0;0;0;;;;;;https://alumineu.de/produkte/zubehor/abdeckungen/diffusy-y114;;;
267066387041;;;;;"Abdeckung DIFFUSY Y114 - milchig";;;https://static.tildacdn.com/stor6163-3630-4136-a361-633337366432/fb584a4bfb07f5cc1c37f073323066e7.png;1.56;;;"Farbe:milchig #ffffff";;SVjKGGnNhIO8Ovbe-z0yF3;306408440381;0;0;0;0;;;;;;https://alumineu.de/produkte/zubehor/abdeckungen/diffusy-y114?editionuid=267066387041;;;
736492946461;Alumineu;;;Zubehör>>>Abdeckungen;"Abdeckung DIFFUSY Y130";;;https://static.tildacdn.com/stor6131-6461-4237-b532-363835336235/e08f5541541dd6c080e4dcadf8da43eb.png;;;;"product_options:[{""title"":""Farbe"",""params"":{""view"":""buttons"",""hasColor"":true,""linkImage"":false}}]";;diffusy_y130;;0;0;0;0;;;;;;https://alumineu.de/produkte/zubehor/abdeckungen/diffusy-y130;;;
323571157641;;;;;"Abdeckung DIFFUSY Y130 - milchig";;;https://static.tildacdn.com/stor6131-6461-4237-b532-363835336235/e08f5541541dd6c080e4dcadf8da43eb.png;2.08;;;"Farbe:milchig #ffffff";;5ET97eXngrRKDRbIJ4YhN2;736492946461;0;0;0;0;;;;;;https://alumineu.de/produkte/zubehor/abdeckungen/diffusy-y130?editionuid=323571157641;;;
471254601322;;;;;"Abdeckung DIFFUSY Y130 - schwarz";;;https://static.tildacdn.com/stor6131-6461-4237-b532-363835336235/e08f5541541dd6c080e4dcadf8da43eb.png;2.59;;;"Farbe:schwarz #000000";;yfcIPkXYi7hGeHi9sRjg51;736492946461;0;0;0;0;;;;;;https://alumineu.de/produkte/zubehor/abdeckungen/diffusy-y130?editionuid=471254601322;;;
520194301621;Alumineu;;;Zubehör>>>Abdeckungen;"Abdeckung DIFFUSY Y150";;;https://static.tildacdn.com/stor3733-3736-4266-a666-303132346265/36a5602c3ffd3801a376135c0c022165.png;;;;"product_options:[{""title"":""Farbe"",""params"":{""view"":""buttons"",""hasColor"":true,""linkImage"":false}}]";;diffusy_y150;;0;0;0;0;;;;;;https://alumineu.de/produkte/zubehor/abdeckungen/diffusy-y150;;;
746109330421;;;;;"Abdeckung DIFFUSY Y150 - milchig";;;https://static.tildacdn.com/stor3733-3736-4266-a666-303132346265/36a5602c3ffd3801a376135c0c022165.png;3.11;;;"Farbe:milchig #ffffff";;Z0jQpgcsgfNvDPq3zycpi1;520194301621;0;0;0;0;;;;;;https://alumineu.de/produkte/zubehor/abdeckungen/diffusy-y150?editionuid=746109330421;;;
454560769811;Alumineu;;;Zubehör>>>Endkappen;"Endkappe ENDCAPP Y205";;;https://static.tildacdn.com/stor3338-3731-4633-b531-323662363031/803cb870f4b14c2f4e88d77298336750.png;;;;"product_options:[{""title"":""Farbe"",""params"":{""view"":""buttons"",""hasColor"":true,""linkImage"":false}}]";;endcapp_y205;;0;0;0;0;;;;;;https://alumineu.de/produkte/zubehor/endkappen/endcapp-y205;;;
161270122041;;;;;"Endkappe ENDCAPP Y205 - weiß matt";;;https://static.tildacdn.com/stor3338-3731-4633-b531-323662363031/803cb870f4b14c2f4e88d77298336750.png;5.19;;;"Farbe:weiß matt #ffffff";;0tjwIdlUikOX0Ujz8iz0g0;454560769811;0;0;0;0;;;;;;https://alumineu.de/produkte/zubehor/endkappen/endcapp-y205?editionuid=161270122041;;;
607025546201;;;;;"Endkappe ENDCAPP Y205 - schwarz matt";;;https://static.tildacdn.com/stor3338-3731-4633-b531-323662363031/803cb870f4b14c2f4e88d77298336750.png;5.19;;;"Farbe:schwarz matt #000000";;s3hlPBkThtLs9b-VgS5-72;454560769811;0;0;0;0;;;;;;https://alumineu.de/produkte/zubehor/endkappen/endcapp-y205?editionuid=607025546201;;;
611157772331;Alumineu;;;Zubehör>>>Endkappen;"Endkappe ENDCAPP Y201";;;https://static.tildacdn.com/stor6434-3863-4666-a639-326262306236/0b3a546011c48cfa4e7b5e5fe7d0e6cd.png;;;;"product_options:[{""title"":""Farbe"",""params"":{""view"":""buttons"",""hasColor"":true,""linkImage"":false}}]";;endcapp_y201;;0;0;0;0;;;;;;https://alumineu.de/produkte/zubehor/endkappen/endcapp-y201;;;
231605950141;;;;;"Endkappe ENDCAPP Y201 - schwarz";;;https://static.tildacdn.com/stor6434-3863-4666-a639-326262306236/0b3a546011c48cfa4e7b5e5fe7d0e6cd.png;1.04;;;"Farbe:schwarz #000000";;h5ANH4hyhaQ0ahlbaV9nf3;611157772331;0;0;0;0;;;;;;https://alumineu.de/produkte/zubehor/endkappen/endcapp-y201?editionuid=231605950141;;;
884939976731;Alumineu;;;Zubehör>>>Endkappen;"Endkappe ENDCAPP Y206";;;https://static.tildacdn.com/stor3737-3938-4733-a135-343534336166/430962fcedd210579d574eb1bf5000c6.png;;;;"product_options:[{""title"":""Farbe"",""params"":{""view"":""buttons"",""hasColor"":true,""linkImage"":false}}]";;endcapp_y206;;0;0;0;0;;;;;;https://alumineu.de/produkte/zubehor/endkappen/endcapp-y206;;;
104238911941;;;;;"Endkappe ENDCAPP Y206 - weiß matt";;;;2.08;;;"Farbe:weiß matt #ffffff";;tPFY8g6HhI3goBhXwFAdR2;884939976731;0;0;0;0;;;;;;https://alumineu.de/produkte/zubehor/endkappen/endcapp-y206?editionuid=104238911941;;;
834123095482;;;;;"Endkappe ENDCAPP Y206 - schwarz matt";;;;2.08;;;"Farbe:schwarz matt #000000";;qbmrWdNBhQrZ9Ppq1rO-N2;884939976731;0;0;0;0;;;;;;https://alumineu.de/produkte/zubehor/endkappen/endcapp-y206?editionuid=834123095482;;;
458051350651;Alumineu;;;Zubehör>>>Endkappen;"Endkappe ENDCAPP Y202";;;https://static.tildacdn.com/stor3163-3532-4638-b738-396136656331/7e4f4a55892ac094157d75308a2b3c92.png;;;;"product_options:[{""title"":""Farbe"",""params"":{""view"":""buttons"",""hasColor"":true,""linkImage"":false}}]";;endcapp_y202;;0;0;0;0;;;;;;https://alumineu.de/produkte/zubehor/endkappen/endcapp-y202;;;
447817890291;;;;;"Endkappe ENDCAPP Y202 - schwarz";;;https://static.tildacdn.com/stor3163-3532-4638-b738-396136656331/7e4f4a55892ac094157d75308a2b3c92.png;1.04;;;"Farbe:schwarz #000000";;9wJD0JkkglPzVeK5rRpif0;458051350651;0;0;0;0;;;;;;https://alumineu.de/produkte/zubehor/endkappen/endcapp-y202?editionuid=447817890291;;;
135189710841;Alumineu;;;Zubehör>>>Endkappen;"Endkappe ENDCAPP Y207";;;https://static.tildacdn.com/stor6539-3534-4766-b966-333335613231/d0df5d5603e2882ad733d9d398e803be.png;;;;"product_options:[{""title"":""Farbe"",""params"":{""view"":""buttons"",""hasColor"":true,""linkImage"":false}}]";;endcapp_y207;;0;0;0;0;;;;;;https://alumineu.de/produkte/zubehor/endkappen/endcapp-y207;;;
466805052782;;;;;"Endkappe ENDCAPP Y207 - schwarz matt";;;https://static.tildacdn.com/stor6539-3534-4766-b966-333335613231/d0df5d5603e2882ad733d9d398e803be.png;2.08;;;"Farbe:schwarz matt #000000";;cLEZP2Ssga1osq6fjuzBl3;135189710841;0;0;0;0;;;;;;https://alumineu.de/produkte/zubehor/endkappen/endcapp-y207?editionuid=466805052782;;;
840003235331;Alumineu;;;Zubehör>>>Endkappen;"Endkappe ENDCAPP Y204";;;https://static.tildacdn.com/stor6436-3230-4665-a264-336163393334/b8fea908dc2856a7532026c7780bb0ca.png;;;;"product_options:[{""title"":""Farbe"",""params"":{""view"":""buttons"",""hasColor"":true,""linkImage"":false}}]";;endcapp_y204;;0;0;0;0;;;;;;https://alumineu.de/produkte/zubehor/endkappen/endcapp-y204;;;
716161195161;;;;;"Endkappe ENDCAPP Y204 - schwarz";;;https://static.tildacdn.com/stor6436-3230-4665-a264-336163393334/b8fea908dc2856a7532026c7780bb0ca.png;1.04;;;"Farbe:schwarz #000000";;mY3nP58iiQbbhe6E8ifuq2;840003235331;0;0;0;0;;;;;;https://alumineu.de/produkte/zubehor/endkappen/endcapp-y204?editionuid=716161195161;;;
258804088851;Alumineu;;;Zubehör>>>Endkappen;"Endkappe ENDCAPP Y203";;;https://static.tildacdn.com/stor6164-3363-4362-b133-373838353766/15d7c6ba439ef4c8b69ed11cb75fe808.png;;;;"product_options:[{""title"":""Farbe"",""params"":{""view"":""buttons"",""hasColor"":true,""linkImage"":false}}]";;endcapp_y203;;0;0;0;0;;;;;;https://alumineu.de/produkte/zubehor/endkappen/endcapp-y203;;;
638881995721;;;;;"Endkappe ENDCAPP Y203 - schwarz";;;https://static.tildacdn.com/stor6164-3363-4362-b133-373838353766/15d7c6ba439ef4c8b69ed11cb75fe808.png;1.04;;;"Farbe:schwarz #000000";;gjxLSmpZiFX6ORefsKjSS1;258804088851;0;0;0;0;;;;;;https://alumineu.de/produkte/zubehor/endkappen/endcapp-y203?editionuid=638881995721;;;
244022033352;Alumineu;;;Harpunenprofile>>>Wandabschluss;"Profil CLASSIX X101";"Profil für Spann-Decken mit Harpunen-Befestigungssystem für die Bahn. Zum Umgehen von komplexen Wänden. Der Profilumfang wird mit einer Wandabschlussleiste verkleidet.";;https://static.tildacdn.com/stor6266-6636-4931-a463-303537373565/72309046.png;;;;"product_options:[{""title"":""Farbe"",""params"":{""view"":""buttons"",""hasColor"":true,""linkImage"":false}}]";;classix_x101;;0;0;0;0;"Wandabschlussprofil CLASSIX X101 für Harpunendecken – Alumineu Profile";"Aluminiumprofil CLASSIX X101 zur Umgehung komplizierter Wandverläufe in Spanndecken mit Harpunensystem";"Deckenprofil, Spanndecke";;;https://alumineu.de/produkte/harpunenprofile/wandabschluss/classix-x101;;;
536934646932;;;;;"Profil CLASSIX X101 - roh";;;https://static.tildacdn.com/stor6266-6636-4931-a463-303537373565/72309046.png;2.33;;;"Farbe:roh #e6e6e6";;rtBsri0AgIfzRs45xlYEo3;244022033352;0;0;0;0;;;;;;https://alumineu.de/produkte/harpunenprofile/wandabschluss/classix-x101?editionuid=536934646932;;;
655075750852;Alumineu;;;Harpunenprofile>>>Wandabschluss;"Profil CLASSIX X130";"Profil Alumineu CLASSIX X130 für Spann-Decken mit Harpunen-Befestigungssystem für die Bahn. Der Profilumfang wird mit einer Wandabdeckleiste geschlossen.";;https://static.tildacdn.com/stor3739-3039-4339-b561-623633316266/deebbf1e185ccdb543904bacc06c8634.png;;;;"product_options:[{""title"":""Farbe"",""params"":{""view"":""buttons"",""hasColor"":true,""linkImage"":false}}]";;classix_x130;;0;0;0;0;"Harpunenprofil CLASSIX X130 zur Befestigung der Folie an der Wand - alumineu";"Wandprofil für Spanndecke CLASSIX X130 mit Harpunensystem. Mit Wandeinlage. Jetzt mit Lieferung in ganz Deutschland bestellen.";"Wandprofile, Harpunenprofil";;;https://alumineu.de/produkte/harpunenprofile/wandabschluss/classix-x101;;;
870397026532;;;;;"Profil CLASSIX X130 - roh";;;https://static.tildacdn.com/stor3739-3039-4339-b561-623633316266/deebbf1e185ccdb543904bacc06c8634.png;0.78;0;;"Farbe:roh #e6e6e6";;lxFpGXGnhGh-TPEwCLiEt2;655075750852;0;0;0;0;;;;;;https://alumineu.de/produkte/harpunenprofile/wandabschluss/classix-x101?editionuid=870397026532;;;
532236042432;Alumineu;;;Harpunenprofile>>>Schattenfugen;"Profil INVISIA X206";"Profil Alumineu INVISIA X206, Deckenabstandprofil für Spann-Decken mit Harpunen-Befestigungssystem für die Bahn.";;https://static.tildacdn.com/stor3266-6162-4834-b032-656464313638/adc327113472d282390480f7db4a8676.png;;;;"product_options:[{""title"":""Farbe"",""params"":{""view"":""buttons"",""hasColor"":true,""linkImage"":false}}]";;invisia_x206;;0;0;0;0;"Distanzprofil für Spanndecken INVISIA X206 zur Umgehung komplexer Wände - alumineu";"Profil zur Umgehung komplexer Wände mit Schattenfuge INVISIA X206. Bestellen mit Lieferung in Polen";"Umgehung komplexer Wände, Schattenfuge an der Decke";;;https://alumineu.de/produkte/harpunenprofile/schattenfugen/invisia-x206;;;
416048977772;;;;;"Profil INVISIA X206 - schwarz matt";;;https://static.tildacdn.com/stor3266-6162-4834-b032-656464313638/adc327113472d282390480f7db4a8676.png;4.15;;;"Farbe:schwarz matt #000000";;EGXmtijjgeQdvXQSqdLGi3;532236042432;0;0;0;0;;;;;;https://alumineu.de/produkte/harpunenprofile/schattenfugen/invisia-x206?editionuid=416048977772;;;
448575031522;Alumineu;;;Harpunenprofile>>>Schattenfugen;"Profil INVISIA X207";"Profil Alumineu INVISIA X207, Deckenabstandprofil für die Belüftung in Spann-Decken mit Harpunen-Befestigungssystem für die Bahn.";;https://static.tildacdn.com/stor3438-3630-4435-b964-343336663931/787113a0f09a2fe5ed98d443c894da1c.png;;;;"product_options:[{""title"":""Farbe"",""params"":{""view"":""buttons"",""hasColor"":true,""linkImage"":false}}]";;invisia_x207;;0;0;0;0;"Lüftungsprofil für Spanndecken INVISIA X207 mit Schattenfuge – Alumineu";"Lüftungsprofil INVISIA X207 mit Wandabstand. Kaufen Sie Alumineu mit Lieferung in Deutschland.";"Lüftung in der Decke, Lüftungsprofil";;;https://alumineu.de/produkte/harpunenprofile/schattenfugen/invisia-x207;;;
108830859612;;;;;"Profil INVISIA X207 - schwarz matt";;;https://static.tildacdn.com/stor3438-3630-4435-b964-343336663931/787113a0f09a2fe5ed98d443c894da1c.png;10.38;;;"Farbe:schwarz matt #000000";;YZTju3ikgOF1-Sj6ktK6e2;448575031522;0;0;0;0;;;;;;https://alumineu.de/produkte/harpunenprofile/schattenfugen/invisia-x207?editionuid=108830859612;;;
594015128372;Alumineu;;;Harpunenprofile>>>Schattenfugen;"Profil INVISIA X208";"Profil Alumineu INVISIA X208, Deckenabstandprofil für Spann-Decken mit Harpunen-Befestigungssystem für die Bahn. Zum Umgehen von komplexen Wänden.";;https://static.tildacdn.com/stor6338-6630-4761-a463-643939636332/e07f40185a8a4ceb8b6de938a7b0a4ba.png;;;;"product_options:[{""title"":""Farbe"",""params"":{""view"":""buttons"",""hasColor"":true,""linkImage"":false}}]";;invisia_x208;;0;0;0;0;"Deckenschattenprofil INVISIA X208 mit einem Wandabstand von 5 mm – Alumineu profil";"Zum Deckenmontage bestimmtes Schattenprofil INVISIA X208. Online bestellbar in Deutschland.";"Deckenprofil, Profil mit Abstand zur Wand";;;https://alumineu.de/produkte/harpunenprofile/schattenfugen/invisia-x208;;;
439166830922;;;;;"Profil INVISIA X208 - schwarz matt";;;https://static.tildacdn.com/stor6338-6630-4761-a463-643939636332/e07f40185a8a4ceb8b6de938a7b0a4ba.png;3.11;;;"Farbe:schwarz matt #000000";;eyVbkQihgGQtYR5EF0P4w0;594015128372;0;0;0;0;;;;;;https://alumineu.de/produkte/harpunenprofile/schattenfugen/invisia-x208?editionuid=439166830922;;;
154636665012;Alumineu;;;Harpunenprofile>>>Schattenfugen;"Profil INVISIA X209";"Profil Alumineu INVISIA X209, Abstandprofil für Spann-Decken mit Harpunen-Befestigungssystem für die Bahn. Zum Umgehen von Treppen und Oberlichtern.";;https://static.tildacdn.com/stor3736-3030-4165-b362-646637633161/b3c42d163021dfda6709edecf7ac6c8a.png;;;;"product_options:[{""title"":""Farbe"",""params"":{""view"":""buttons"",""hasColor"":true,""linkImage"":false}}]";;invisia_x209;;0;0;0;0;"Abstandsprofil zur Umgehung von Treppen und Oberlichtern INVISIA X209 – Alumineu profile";"Profil INVISIA X209 für die Laibung von Oberlichtern. Profile für jeden Bedarf in Deutschland – Alumineu profile";"Profil zur Umrandung von Treppen, zur Umfassung von Oberlichtern";;;https://alumineu.de/produkte/harpunenprofile/schattenfugen/invisia-x209;;;
664079902622;;;;;"Profil INVISIA X209 - weiß matt";;;https://static.tildacdn.com/stor3736-3030-4165-b362-646637633161/b3c42d163021dfda6709edecf7ac6c8a.png;6.23;;;"Farbe:weiß matt #ffffff";;cTT1GGAZj76alVXu4vaAe1;154636665012;0;0;0;0;;;;;;https://alumineu.de/produkte/harpunenprofile/schattenfugen/invisia-x209?editionuid=664079902622;;;
215949324572;;;;;"Profil INVISIA X209 - schwarz matt";;;https://static.tildacdn.com/stor3736-3030-4165-b362-646637633161/b3c42d163021dfda6709edecf7ac6c8a.png;6.23;;;"Farbe:schwarz matt #000000";;EeRJkcybhq5xX9vhB-xzv3;154636665012;0;0;0;0;;;;;;https://alumineu.de/produkte/harpunenprofile/schattenfugen/invisia-x209?editionuid=215949324572;;;
997882810142;Alumineu;;;Harpunenprofile>>>Led-schattenfugen;"Profil FLOATIA X303";"Profil Alumineu FLOATIA X303, Deckenabstandprofil für Spann-Decken mit Harpunen-Befestigungssystem für die Bahn. Mit Ablage für LED-Bänder und Abdeckung.";;https://static.tildacdn.com/stor6334-6330-4461-b464-356466303031/92c46732282d67acf13e9e43a8ad7820.png;;;;"product_options:[{""title"":""Farbe"",""params"":{""view"":""buttons"",""hasColor"":true,""linkImage"":false}}]";;floatia_x303;;0;0;0;0;;;;;;https://alumineu.de/produkte/harpunenprofile/led-schattenfugen/floatia-x303;info|#|Описание|#|Тру-ля-ля;chars|#|Характеристики;info|#|Информация|#|Опа-опа
769222256172;;;;;"Profil FLOATIA X303 - roh";;;https://static.tildacdn.com/stor6334-6330-4461-b464-356466303031/92c46732282d67acf13e9e43a8ad7820.png;4.05;0;;"Farbe:roh #e6e6e6";;VL9D-5xNhHiRwdOhXxgjl3;997882810142;0;0;0;0;;;;;;https://alumineu.de/produkte/harpunenprofile/led-schattenfugen/floatia-x303?editionuid=769222256172;;;
267068344872;;;;;"Profil FLOATIA X303 - weiß matt";;;https://static.tildacdn.com/stor6334-6330-4461-b464-356466303031/92c46732282d67acf13e9e43a8ad7820.png;5.19;;;"Farbe:weiß matt #ffffff";;xO7PAABriJTHSKVNGiuYl3;997882810142;0;0;0;0;;;;;;https://alumineu.de/produkte/harpunenprofile/led-schattenfugen/floatia-x303?editionuid=267068344872;;;
993946525262;;;;;"Profil FLOATIA X303 - schwarz matt";;;https://static.tildacdn.com/stor6334-6330-4461-b464-356466303031/92c46732282d67acf13e9e43a8ad7820.png;5.19;;;"Farbe:schwarz matt #000000";;MyI2v2JMhnRtUrh6H58nz0;997882810142;0;0;0;0;;;;;;https://alumineu.de/produkte/harpunenprofile/led-schattenfugen/floatia-x303?editionuid=993946525262;;;
210183251962;Alumineu;;;Harpunenprofile>>>Led-schattenfugen;"Bauprofil FLOATIA X302 – Spanndecken-Aluminiumprofil";"Baumaterial für den Innenausbau: wandmontiertes Aluminium-Abstandsprofil für Spanndecken mit Klemmkantensystem zur Folienbefestigung. Mit Ablage für LED-Bänder und Abdeckung. Kein Waffenteil, keine Munition.";;https://static.tildacdn.com/stor3038-6635-4362-b862-343361616464/723bf175f590a8e6548ae4a3929ec559.png;;;;"product_options:[{""title"":""Farbe"",""params"":{""view"":""buttons"",""hasColor"":true,""linkImage"":false}}]";;floatia_x302;;0;0;0;0;;;;;;https://alumineu.de/produkte/harpunenprofile/led-schattenfugen/floatia-x302;info|#|Описание|#|Тру-ля-ля;chars|#|Характеристики;info|#|Информация|#|Опа-опа
817061220332;;;;;"Bauprofil FLOATIA X302 – Spanndecken-Aluminiumprofil - roh";;;https://static.tildacdn.com/stor3038-6635-4362-b862-343361616464/723bf175f590a8e6548ae4a3929ec559.png;3.11;;;"Farbe:roh #e6e6e6";;IxT7oD8zhIbrnn2LbGw2D0;210183251962;0;0;0;0;;;;;;https://alumineu.de/produkte/harpunenprofile/led-schattenfugen/floatia-x302?editionuid=817061220332;;;
450749495132;;;;;"Profil FLOATIA X302 - weiß matt";;;https://static.tildacdn.com/stor3038-6635-4362-b862-343361616464/723bf175f590a8e6548ae4a3929ec559.png;3.84;;;"Farbe:weiß matt #ffffff";;Y7mho3jShobDY2hUqkXX83;210183251962;0;0;0;0;;;;;;https://alumineu.de/produkte/harpunenprofile/led-schattenfugen/floatia-x302?editionuid=450749495132;;;
549075235292;;;;;"Bauprofil FLOATIA X302 – Spanndecken-Aluminiumprofil - schwarz matt";;;https://static.tildacdn.com/stor3038-6635-4362-b862-343361616464/723bf175f590a8e6548ae4a3929ec559.png;3.84;;;"Farbe:schwarz matt #000000";;fxcs1s4Sg4i9usohMYyp11;210183251962;0;0;0;0;;;;;;https://alumineu.de/produkte/harpunenprofile/led-schattenfugen/floatia-x302?editionuid=549075235292;;;
248920853142;Alumineu;;;Harpunenprofile>>>Vorhangschiene;"Profil CURTINA X403";"Patentiertes Profil CURTINA X403 zur Herstellung verdeckter Gardinennischen mit drei Laufkanälen für Vorhänge und Gardinen in Spanndecken mit Harpunenbefestigungssystem. Mit seitlicher Befestigung des Tuchs.";;https://static.tildacdn.com/stor6639-3732-4163-b636-363866373164/ce1832a5fe1d4cbd471fbec8771a1b66.png;;;;"product_options:[{""title"":""Farbe"",""params"":{""view"":""buttons"",""hasColor"":true,""linkImage"":false}},{""title"":""Länge"",""params"":{""view"":""buttons"",""hasColor"":false,""linkImage"":false}}]";;curtina_x403;;0;0;0;0;;;;;;https://alumineu.de/produkte/harpunenprofile/vorhangschiene/curtina-x403;;;
956571154802;;;;;"Profil CURTINA X403 - weiß matt - 2,0 lfd. m";;;https://static.tildacdn.com/stor6639-3732-4163-b636-363866373164/ce1832a5fe1d4cbd471fbec8771a1b66.png;29.06;;;"Farbe:weiß matt #ffffff;Länge:2,0 lfd. m";;yUubMVw1hqQAZdBztKRgZ2;248920853142;0;0;0;0;;;;;;https://alumineu.de/produkte/harpunenprofile/vorhangschiene/curtina-x403?editionuid=956571154802;;;
655672336162;;;;;"Profil CURTINA X403 - schwarz matt - 2,0 lfd. m";;;https://static.tildacdn.com/stor6639-3732-4163-b636-363866373164/ce1832a5fe1d4cbd471fbec8771a1b66.png;29.06;;;"Farbe:schwarz matt #000000;Länge:2,0 lfd. m";;hSqFGvnTjaggVAymnovmh0;248920853142;0;0;0;0;;;;;;https://alumineu.de/produkte/harpunenprofile/vorhangschiene/curtina-x403?editionuid=655672336162;;;
104057293562;;;;;"Profil CURTINA X403 - weiß glänzend - 2,2 lfd. m";;;https://static.tildacdn.com/stor6639-3732-4163-b636-363866373164/ce1832a5fe1d4cbd471fbec8771a1b66.png;31.96;;;"Farbe:weiß glänzend #ffffff;Länge:2,2 lfd. m";;smfA9ADrg9P4AffHsiprN2;248920853142;0;0;0;0;;;;;;https://alumineu.de/produkte/harpunenprofile/vorhangschiene/curtina-x403?editionuid=104057293562;;;
121407847472;;;;;"Profil CURTINA X403 - schwarz matt - 2,2 lfd. m";;;https://static.tildacdn.com/stor6639-3732-4163-b636-363866373164/ce1832a5fe1d4cbd471fbec8771a1b66.png;31.96;;;"Farbe:schwarz matt #000000;Länge:2,2 lfd. m";;Hxf-n56DhLa95Jq8oTmSb3;248920853142;0;0;0;0;;;;;;https://alumineu.de/produkte/harpunenprofile/vorhangschiene/curtina-x403?editionuid=121407847472;;;
308702622892;;;;;"Profil CURTINA X403 - weiß glänzend - 3,2 lfd. m";;;https://static.tildacdn.com/stor6639-3732-4163-b636-363866373164/ce1832a5fe1d4cbd471fbec8771a1b66.png;46.49;;;"Farbe:weiß glänzend #ffffff;Länge:3,2 lfd. m";;34WwfpBUjupvpuPa3EpLr3;248920853142;0;0;0;0;;;;;;https://alumineu.de/produkte/harpunenprofile/vorhangschiene/curtina-x403?editionuid=308702622892;;;
384095982592;;;;;"Profil CURTINA X403 - weiß matt - 3,2 lfd. m";;;https://static.tildacdn.com/stor6639-3732-4163-b636-363866373164/ce1832a5fe1d4cbd471fbec8771a1b66.png;46.49;;;"Farbe:weiß matt #ffffff;Länge:3,2 lfd. m";;i3hGepcZiU3L8JqEJ2rtV0;248920853142;0;0;0;0;;;;;;https://alumineu.de/produkte/harpunenprofile/vorhangschiene/curtina-x403?editionuid=384095982592;;;
347030116842;;;;;"Profil CURTINA X403 - schwarz matt - 3,2 lfd. m";;;https://static.tildacdn.com/stor6639-3732-4163-b636-363866373164/ce1832a5fe1d4cbd471fbec8771a1b66.png;46.49;;;"Farbe:schwarz matt #000000;Länge:3,2 lfd. m";;jx2sQ0lhiTZsQVWNF9X2z0;248920853142;0;0;0;0;;;;;;https://alumineu.de/produkte/harpunenprofile/vorhangschiene/curtina-x403?editionuid=347030116842;;;
887911625442;Alumineu;;;Harpunenprofile>>>Vorhangschiene;"Profil CURTINA X405";"Patentiertes Profil CURTINA X405 zur Führung verdeckter Gardinennischen mit zwei Rillen zum Aufhängen von Vorhängen und Gardinen in Spanndecken mit Harpunensystem. Beleuchtet.";;https://static.tildacdn.com/stor3035-6262-4538-b838-373439353834/2ca5b8ae4ff3bd2f8e380a3c4997ff16.png;;;;"product_options:[{""title"":""Farbe"",""params"":{""view"":""buttons"",""hasColor"":true,""linkImage"":false}},{""title"":""Länge"",""params"":{""view"":""buttons"",""hasColor"":false,""linkImage"":false}}]";;curtina_x405;;0;0;0;0;;;;;;https://alumineu.de/produkte/harpunenprofile/vorhangschiene/curtina-x405;;;
548490948072;;;;;"Profil CURTINA X405 - weiß matt - 2,0 lfd. m";;;https://static.tildacdn.com/stor3035-6262-4538-b838-373439353834/2ca5b8ae4ff3bd2f8e380a3c4997ff16.png;31.13;;;"Farbe:weiß matt #ffffff;Länge:2,0 lfd. m";;zRy2mTY3io-ReCRagT1MI2;887911625442;0;0;0;0;;;;;;https://alumineu.de/produkte/harpunenprofile/vorhangschiene/curtina-x405?editionuid=548490948072;;;
428208056282;;;;;"Profil CURTINA X405 - schwarz matt - 2,0 lfd. m";;;https://static.tildacdn.com/stor3035-6262-4538-b838-373439353834/2ca5b8ae4ff3bd2f8e380a3c4997ff16.png;31.13;;;"Farbe:schwarz matt #000000;Länge:2,0 lfd. m";;9YYv8DXkjKpGTTDe3j99Y3;887911625442;0;0;0;0;;;;;;https://alumineu.de/produkte/harpunenprofile/vorhangschiene/curtina-x405?editionuid=428208056282;;;
256291393412;;;;;"Profil CURTINA X405 - weiß matt - 2,2 lfd. m";;;https://static.tildacdn.com/stor3035-6262-4538-b838-373439353834/2ca5b8ae4ff3bd2f8e380a3c4997ff16.png;34.25;;;"Farbe:weiß matt #ffffff;Länge:2,2 lfd. m";;M7K8jSGug5rmTO1txLm922;887911625442;0;0;0;0;;;;;;https://alumineu.de/produkte/harpunenprofile/vorhangschiene/curtina-x405?editionuid=256291393412;;;
873406416852;;;;;"Profil CURTINA X405 - schwarz matt - 2,2 lfd. m";;;https://static.tildacdn.com/stor3035-6262-4538-b838-373439353834/2ca5b8ae4ff3bd2f8e380a3c4997ff16.png;34.25;;;"Farbe:schwarz matt #000000;Länge:2,2 lfd. m";;Rid7eYeaihDEYyuGmwIm10;887911625442;0;0;0;0;;;;;;https://alumineu.de/produkte/harpunenprofile/vorhangschiene/curtina-x405?editionuid=873406416852;;;
750234824842;;;;;"Profil CURTINA X405 - weiß matt - 3,2 lfd. m";;;https://static.tildacdn.com/stor3035-6262-4538-b838-373439353834/2ca5b8ae4ff3bd2f8e380a3c4997ff16.png;49.81;;;"Farbe:weiß matt #ffffff;Länge:3,2 lfd. m";;hRYJaVIahB4Jg-O10ZpbV0;887911625442;0;0;0;0;;;;;;https://alumineu.de/produkte/harpunenprofile/vorhangschiene/curtina-x405?editionuid=750234824842;;;
576926526152;;;;;"Profil CURTINA X405 - schwarz matt - 3,2 lfd. m";;;https://static.tildacdn.com/stor3035-6262-4538-b838-373439353834/2ca5b8ae4ff3bd2f8e380a3c4997ff16.png;49.81;;;"Farbe:schwarz matt #000000;Länge:3,2 lfd. m";;QYtmUePthsfmVcpZ7LaHB2;887911625442;0;0;0;0;;;;;;https://alumineu.de/produkte/harpunenprofile/vorhangschiene/curtina-x405?editionuid=576926526152;;;
584241463252;Alumineu;;;Harpunenprofile>>>Vorhangschiene;"Profil CURTINA X406";"Patentierte Gardinenschiene CURTINA X406 mit zwei Rillen zum Aufhängen von Vorhängen und Gardinen. Für das Harpunensystem zur Befestigung der Spanndecke.";;https://static.tildacdn.com/stor3431-3335-4436-a236-393763323466/e5f2bb4574b141356babfba83974e8f9.png;;;;"product_options:[{""title"":""Farbe"",""params"":{""view"":""buttons"",""hasColor"":true,""linkImage"":false}},{""title"":""Länge"",""params"":{""view"":""buttons"",""hasColor"":false,""linkImage"":false}}]";;curtina_x406;;0;0;0;0;;;;;;https://alumineu.de/produkte/harpunenprofile/vorhangschiene/curtina-x406;;;
483379290462;;;;;"Profil CURTINA X406 - weiß matt - 3,2 lfd. m";;;https://static.tildacdn.com/stor3431-3335-4436-a236-393763323466/e5f2bb4574b141356babfba83974e8f9.png;16.60;;;"Farbe:weiß matt #ffffff;Länge:3,2 lfd. m";;vdRmfjJniS9p1gOygMbDs0;584241463252;0;0;0;0;;;;;;https://alumineu.de/produkte/harpunenprofile/vorhangschiene/curtina-x406?editionuid=483379290462;;;
747872544362;;;;;"Profil CURTINA X406 - schwarz matt - 3,2 lfd. m";;;https://static.tildacdn.com/stor3431-3335-4436-a236-393763323466/e5f2bb4574b141356babfba83974e8f9.png;16.60;;;"Farbe:schwarz matt #000000;Länge:3,2 lfd. m";;08Gs75cLiwndvRDfwZZkQ2;584241463252;0;0;0;0;;;;;;https://alumineu.de/produkte/harpunenprofile/vorhangschiene/curtina-x406?editionuid=747872544362;;;
327751847912;Alumineu;;;Harpunenprofile>>>Vorhangschiene;"Profil CURTINA X407";"Patentierte Gardinenschiene CURTINA X407 mit einer Nut zum Aufhängen von Vorhängen und Gardinen. Für das Harpunen-Befestigungssystem des Gewebes geeignet.";;https://static.tildacdn.com/stor6335-3233-4536-b231-643736623238/d36ef1010a2f9b770875cd2bd067c9fd.png;;;;"product_options:[{""title"":""Farbe"",""params"":{""view"":""buttons"",""hasColor"":true,""linkImage"":false}},{""title"":""Länge"",""params"":{""view"":""buttons"",""hasColor"":false,""linkImage"":false}}]";;curtina_x407;;0;0;0;0;;;;;;https://alumineu.de/produkte/harpunenprofile/vorhangschiene/curtina-x406;;;
511209364352;;;;;"Profil CURTINA X407 - weiß matt - 2,0 lfd. m";;;https://static.tildacdn.com/stor6335-3233-4536-b231-643736623238/d36ef1010a2f9b770875cd2bd067c9fd.png;5.81;;;"Farbe:weiß matt #ffffff;Länge:2,0 lfd. m";;cJyPtbDhhRAmihZrojWDn0;327751847912;0;0;0;0;;;;;;https://alumineu.de/produkte/harpunenprofile/vorhangschiene/curtina-x406?editionuid=511209364352;;;
133200592282;;;;;"Profil CURTINA X407 - schwarz matt - 2,0 lfd. m";;;https://static.tildacdn.com/stor6335-3233-4536-b231-643736623238/d36ef1010a2f9b770875cd2bd067c9fd.png;5.81;;;"Farbe:schwarz matt #000000;Länge:2,0 lfd. m";;gtIKBLtJghv4WzA42yxPP1;327751847912;0;0;0;0;;;;;;https://alumineu.de/produkte/harpunenprofile/vorhangschiene/curtina-x406?editionuid=133200592282;;;
583223803412;Alumineu;;;Harpunenprofile>>>Zweistufige;"Profil STRATOS X701";"Patentiertes Profil STRATOS X701 für zweistufige Spanndecken mit Harpunen-Befestigungssystem. Ohne Beleuchtung.";;https://static.tildacdn.com/stor6262-3766-4035-b365-303961626237/84587984.png;;;;"product_options:[{""title"":""Farbe"",""params"":{""view"":""buttons"",""hasColor"":true,""linkImage"":false}}]";;stratos_x701;;0;0;0;0;;;;;;https://alumineu.de/produkte/harpunenprofile/zweistufige/stratos-x701;;;
661797286792;;;;;"Profil STRATOS X701 - surowe aluminium";;;https://static.tildacdn.com/stor6262-3766-4035-b365-303961626237/84587984.png;7.26;;;"Farbe:surowe aluminium #e6e6e6";;mCMAr4yQhDaPX-LNJ5RD73;583223803412;0;0;0;0;;;;;;https://alumineu.de/produkte/harpunenprofile/zweistufige/stratos-x701?editionuid=661797286792;;;
738757843562;Alumineu;;;Harpunenprofile>>>Zweistufige;"Profil STRATOS X702";"Patentiertes Profil STRATOS X702 für zweistufige Spanndecken mit Harpunensystem zur Befestigung der Folie. Mit Ablage für LED-Band und Abdeckung.";;https://static.tildacdn.com/stor3130-6131-4566-b466-653863343964/50412416.png;;;;"product_options:[{""title"":""Farbe"",""params"":{""view"":""buttons"",""hasColor"":true,""linkImage"":false}}]";;stratos_x702;;0;0;0;0;;;;;;https://alumineu.de/produkte/harpunenprofile/zweistufige/stratos-x702;;;
545285112872;;;;;"Profil STRATOS X702 - surowe aluminium";;;https://static.tildacdn.com/stor3130-6131-4566-b466-653863343964/50412416.png;7.26;;;"Farbe:surowe aluminium #e6e6e6";;A8KXwZGog4GTrG3uTcqe72;738757843562;0;0;0;0;;;;;;https://alumineu.de/produkte/harpunenprofile/zweistufige/stratos-x702?editionuid=545285112872;;;
288507761852;Alumineu;;;Harpunenprofile>>>Zweistufige;"Profil STRATOS X703";"Patentiertes STRATOS X703 Profil für Spanndecken mit Harpunen-Befestigungssystem des Gewebes. Zur Ausführung von Konstruktionen, Nischen, Umgehung komplizierter Wände. Mit einer Ablage für LED-Band.";;https://static.tildacdn.com/stor3633-3837-4135-b732-656633383739/76899407.png;;;;"product_options:[{""title"":""Farbe"",""params"":{""view"":""buttons"",""hasColor"":true,""linkImage"":false}}]";;stratos_x703;;0;0;0;0;;;;;;https://alumineu.de/produkte/harpunenprofile/zweistufige/stratos-x703;;;
473803836062;;;;;"Profil STRATOS X703 - surowe aluminium";;;https://static.tildacdn.com/stor3633-3837-4135-b732-656633383739/76899407.png;5.19;;;"Farbe:surowe aluminium #e6e6e6";;9DTMhoqug8m-s5umlvoUH2;288507761852;0;0;0;0;;;;;;https://alumineu.de/produkte/harpunenprofile/zweistufige/stratos-x703?editionuid=473803836062;;;
931938974532;Alumineu;;;Harpunenprofile>>>Zweistufige;"Profil STRATOS X704";"Patentiertes STRATOS X704 Profil für Spanndecken mit Harpunen-Befestigungssystem. Zur Ausführung von Konstruktionen und Nischen.";;https://static.tildacdn.com/stor3438-6463-4261-b565-316532616438/44962176.png;;;;"product_options:[{""title"":""Farbe"",""params"":{""view"":""buttons"",""hasColor"":true,""linkImage"":false}}]";;stratos_x704;;0;0;0;0;;;;;;https://alumineu.de/produkte/harpunenprofile/zweistufige/stratos-x704;;;
183339350492;;;;;"Profil STRATOS X704 - weiß matt";;;https://static.tildacdn.com/stor3438-6463-4261-b565-316532616438/44962176.png;6.23;;;"Farbe:weiß matt #ffffff";;TTCe8rd4gfNWGALqZZ6XQ1;931938974532;0;0;0;0;;;;;;https://alumineu.de/produkte/harpunenprofile/zweistufige/stratos-x704?editionuid=183339350492;;;
739115973432;;;;;"Profil STRATOS X704 - schwarz matt";;;https://static.tildacdn.com/stor3438-6463-4261-b565-316532616438/44962176.png;6.23;;;"Farbe:schwarz matt #000000";;5rGDU6PghnaCaAB4hbK363;931938974532;0;0;0;0;;;;;;https://alumineu.de/produkte/harpunenprofile/zweistufige/stratos-x704?editionuid=739115973432;;;
214163110132;Alumineu;;;Zubehör>>>Profile;"Profil BANDURA X801";;;https://static.tildacdn.com/stor6639-3261-4064-b663-313063666461/12738867.png;;;;"product_options:[{""title"":""Farbe"",""params"":{""view"":""buttons"",""hasColor"":true,""linkImage"":false}}]";;bandura_x801;;0;0;0;0;;;;;;https://alumineu.de/produkte/zubehor/sonstigenprofile/bandura-x801;;;
803224210062;;;;;"Profil BANDURA X801 - surowe aluminium";;;https://static.tildacdn.com/stor6639-3261-4064-b663-313063666461/12738867.png;0.83;;;"Farbe:surowe aluminium #e6e6e6";;Ld9AkcuQi0qA19EQUN-hA0;214163110132;0;0;0;0;;;;;;https://alumineu.de/produkte/zubehor/sonstigenprofile/bandura-x801?editionuid=803224210062;;;
421906885552;Alumineu;;;Zubehör>>>Abdeckungen;"Abdeckung DIFFUSY Y134";;;https://static.tildacdn.com/stor6334-3265-4161-a633-373639373138/3bb87afe2e31981df74aae5fbb69db4d.png;;;;"product_options:[{""title"":""Farbe"",""params"":{""view"":""buttons"",""hasColor"":true,""linkImage"":false}}]";;diffusy_y134;;0;0;0;0;;;;;;https://alumineu.de/produkte/zubehor/abdeckungen/diffusy-y134;;;
692471598272;;;;;"Abdeckung DIFFUSY Y134 - milchig";;;https://static.tildacdn.com/stor6334-3265-4161-a633-373639373138/3bb87afe2e31981df74aae5fbb69db4d.png;2.59;;;"Farbe:milchig #ffffff";;OKOeFss5i43IMv6ZjYcRM3;421906885552;0;0;0;0;;;;;;https://alumineu.de/produkte/zubehor/abdeckungen/diffusy-y134?editionuid=692471598272;;;
484817318102;Alumineu;;;Harpunenprofile>>>Lichtlinie;"Profil LAMPLIX X950";"Universelles Profil LAMPLIX X950 zur Herstellung von Aufputz-, Hänge- und Einbauleuchten sowie Lichtbändern.";;https://static.tildacdn.com/stor3636-3361-4364-b036-643739653765/d2fc16a4d7315044615b7b667632e388.png;;;;"product_options:[{""title"":""Farbe"",""params"":{""view"":""buttons"",""hasColor"":true,""linkImage"":false}}]";;lamplix_x950;;0;0;0;0;"Aluminium-LED-Profil LIGHTRA X050 für Spanndecken – Alumineu.";"LED-Band-Profil für Spanndecken LIGHTRA X050. Hauptbeleuchtung im Schlafzimmer – jetzt in Deutschland kaufen.";"Profil für LED-Streifen, Hauptbeleuchtung";;;https://alumineu.de/produkte/harpunenprofile/lichtlinie/lamplix-x950;;;
193834781942;;;;;"Profil LAMPLIX X950 - roh";;;https://static.tildacdn.com/stor3636-3361-4364-b036-643739653765/d2fc16a4d7315044615b7b667632e388.png;7.78;;;"Farbe:roh #e6e6e6";;Xo7o90pXhmhKf1FmlwptL2;484817318102;0;0;0;0;;;;;;https://alumineu.de/produkte/harpunenprofile/lichtlinie/lamplix-x950?editionuid=193834781942;;;
877187536992;Alumineu;;;Harpunenprofile>>>Lichtlinie;"Profil LAMPLIX X930";"Universelles Profil LAMPLIX X930 zur Herstellung von Aufputz-, Hänge- und Einbauleuchten sowie Lichtbändern.";;https://static.tildacdn.com/stor6630-3563-4765-b531-393438316335/433d182879272f3645595f5f6c936436.png;;;;"product_options:[{""title"":""Farbe"",""params"":{""view"":""buttons"",""hasColor"":true,""linkImage"":false}}]";;lamplix_x930;;0;0;0;0;"Aluminium-LED-Profil LIGHTRA X050 für Spanndecken – Alumineu.";"LED-Band-Profil für Spanndecken LIGHTRA X050. Hauptbeleuchtung im Schlafzimmer – jetzt in Deutschland kaufen.";"Profil für LED-Streifen, Hauptbeleuchtung";;;https://alumineu.de/produkte/harpunenprofile/lichtlinie/lamplix-x930;;;
261995923602;;;;;"Profil LAMPLIX X930 - roh";;;https://static.tildacdn.com/stor6630-3563-4765-b531-393438316335/433d182879272f3645595f5f6c936436.png;5.19;;;"Farbe:roh #e6e6e6";;63SkQfPpjSYcEKuuMh-YG2;877187536992;0;0;0;0;;;;;;https://alumineu.de/produkte/harpunenprofile/lichtlinie/lamplix-x930?editionuid=261995923602;;;
839408572062;Alumineu;;;Harpunenprofile>>>Led-schattenfugen;"Profil FLOATIA X304";"Patentiertes Deckenabstandsprofil FLOATIA X304 für Spanndecken mit Hakensystem zur Leinwandbefestigung. Mit LED-Bandablage und Abdeckung.";;https://static.tildacdn.com/stor6536-3136-4466-b133-346564373536/7a0863db8ea790dcae2b66b6acb56ae6.png;;;;"product_options:[{""title"":""Farbe"",""params"":{""view"":""buttons"",""hasColor"":true,""linkImage"":false}}]";;floatia_x304;;0;0;0;0;;;;;;https://alumineu.de/produkte/harpunenprofile/led-schattenfugen/floatia-x304;info|#|Описание|#|Тру-ля-ля;chars|#|Характеристики;info|#|Информация|#|Опа-опа
571996272972;;;;;"Profil FLOATIA X304 - schwarz matt";;;https://static.tildacdn.com/stor6536-3136-4466-b133-346564373536/7a0863db8ea790dcae2b66b6acb56ae6.png;7.78;;;"Farbe:schwarz matt #000000";;OGuLhFuVjSlwHsBusU5Sf1;839408572062;0;0;0;0;;;;;;https://alumineu.de/produkte/harpunenprofile/led-schattenfugen/floatia-x304?editionuid=571996272972;;;
930556804002;Alumineu;;;Harpunenprofile>>>Vorhangschiene;"Profil CURTINA X404";"Patentiertes Profil CURTINA X404 zur Führung verdeckter Gardinennischen mit zwei Rillen zum Aufhängen von Vorhängen und Gardinen in Spanndecken mit Harpunensystem. Beleuchtet.";;https://static.tildacdn.com/stor3839-6461-4635-b135-393961613738/61af162a2b0fa194e09e8c6fc736c640.png;;;;"product_options:[{""title"":""Farbe"",""params"":{""view"":""buttons"",""hasColor"":true,""linkImage"":false}},{""title"":""Länge"",""params"":{""view"":""buttons"",""hasColor"":false,""linkImage"":false}}]";;curtina_x404;;0;0;0;0;;;;;;https://alumineu.de/produkte/harpunenprofile/vorhangschiene/curtina-x404;;;
684471350662;;;;;"Profil CURTINA X404 - weiß glänzend - 2,2 lfd. m";;;https://static.tildacdn.com/stor3839-6461-4635-b135-393961613738/61af162a2b0fa194e09e8c6fc736c640.png;28.54;;;"Farbe:weiß glänzend #ffffff;Länge:2,2 lfd. m";;ryMNNy0Vjq1ciFgP2gUaK3;930556804002;0;0;0;0;;;;;;https://alumineu.de/produkte/harpunenprofile/vorhangschiene/curtina-x404?editionuid=684471350662;;;
636218153652;;;;;"Profil CURTINA X404 - weiß glänzend - 3,2 lfd. m";;;https://static.tildacdn.com/stor3839-6461-4635-b135-393961613738/61af162a2b0fa194e09e8c6fc736c640.png;41.51;;;"Farbe:weiß glänzend #ffffff;Länge:3,2 lfd. m";;6UZy5OEYgiU2cDd92z2R00;930556804002;0;0;0;0;;;;;;https://alumineu.de/produkte/harpunenprofile/vorhangschiene/curtina-x404?editionuid=636218153652;;;
357788908752;Alumineu;;;Harpunenprofile>>>Vorhangschiene;"Profil CURTINA X405 M";"Patentiertes Profil CURTINA X405 M zur Herstellung verdeckter Vorhangschienennischen mit zwei Nuten zum Aufhängen von Vorhängen und Gardinen in Spanndecken mit Hakensystem. Beleuchtet.";;https://static.tildacdn.com/stor6637-6634-4632-b966-643566343032/15d5d1975559402f9c73494733a8a11a.png;;;;"product_options:[{""title"":""Farbe"",""params"":{""view"":""buttons"",""hasColor"":true,""linkImage"":false}},{""title"":""Länge"",""params"":{""view"":""buttons"",""hasColor"":false,""linkImage"":false}}]";;curtina_x405_m;;0;0;0;0;;;;;;https://alumineu.de/produkte/harpunenprofile/vorhangschiene/curtina-x405-m;;;
376404890662;;;;;"Profil CURTINA X405 M - weiß matt - 2,2 lfd. m";;;https://static.tildacdn.com/stor6637-6634-4632-b966-643566343032/15d5d1975559402f9c73494733a8a11a.png;64.86;;;"Farbe:weiß matt #ffffff;Länge:2,2 lfd. m";;iSRbWSLtitojIsPO0sI9x2;357788908752;0;0;0;0;;;;;;https://alumineu.de/produkte/harpunenprofile/vorhangschiene/curtina-x405-m?editionuid=376404890662;;;
813071254712;;;;;"Profil CURTINA X405 M - schwarz matt - 2,2 lfd. m";;;https://static.tildacdn.com/stor6637-6634-4632-b966-643566343032/15d5d1975559402f9c73494733a8a11a.png;64.86;;;"Farbe:schwarz matt #000000;Länge:2,2 lfd. m";;gA28ToLCggK3W8YPSsFkT1;357788908752;0;0;0;0;;;;;;https://alumineu.de/produkte/harpunenprofile/vorhangschiene/curtina-x405-m?editionuid=813071254712;;;
239473994132;;;;;"Profil CURTINA X405 M - weiß matt - 3,2 lfd. m";;;https://static.tildacdn.com/stor6637-6634-4632-b966-643566343032/15d5d1975559402f9c73494733a8a11a.png;93.40;;;"Farbe:weiß matt #ffffff;Länge:3,2 lfd. m";;CkVvKhJbiGhhK2anvHdB33;357788908752;0;0;0;0;;;;;;https://alumineu.de/produkte/harpunenprofile/vorhangschiene/curtina-x405-m?editionuid=239473994132;;;
143618961252;;;;;"Profil CURTINA X405 M - schwarz matt - 3,2 lfd. m";;;https://static.tildacdn.com/stor6637-6634-4632-b966-643566343032/15d5d1975559402f9c73494733a8a11a.png;93.40;;;"Farbe:schwarz matt #000000;Länge:3,2 lfd. m";;PIsjk6JZiDyyFLIyu2lyU0;357788908752;0;0;0;0;;;;;;https://alumineu.de/produkte/harpunenprofile/vorhangschiene/curtina-x405-m?editionuid=143618961252;;;
255383169822;Alumineu;;;Harpunenprofile>>>Vorhangschiene;"Profil CURTINA X408";"Patentiertes Profil CURTINA X408 zur Herstellung gerader Vorhangnischen mit Beleuchtung, mit der Möglichkeit des nachträglichen Einbaus von Aufputzvorhangschienen. Geeignet für das Hakensystem zur Membranbefestigung.";;https://static.tildacdn.com/stor3637-3539-4933-a662-366330623839/a222fe78d616610cf991b232422766f9.png;;;;"product_options:[{""title"":""Farbe"",""params"":{""view"":""buttons"",""hasColor"":true,""linkImage"":false}}]";;curtina_x408;;0;0;0;0;;;;;;https://alumineu.de/produkte/harpunenprofile/vorhangschiene/curtina-x408;;;
214899874702;;;;;"Profil CURTINA X408 - roh";;;https://static.tildacdn.com/stor3637-3539-4933-a662-366330623839/a222fe78d616610cf991b232422766f9.png;27.24;;;"Farbe:roh #e6e6e6";;FWceQ5ETivN6fBl0i-tWJ2;255383169822;0;0;0;0;;;;;;https://alumineu.de/produkte/harpunenprofile/vorhangschiene/curtina-x408?editionuid=214899874702;;;
241166415182;Alumineu;;;Harpunenprofile>>>Vorhangschiene;"Profil CURTINA X409";"Patentiertes Profil CURTINA X409 zur Herstellung gerader Vorhangnischen mit Beleuchtung, mit der Möglichkeit des nachträglichen Einbaus von Aufputzvorhangschienen. Geeignet für das Hakensystem zur Membranbefestigung.";;https://static.tildacdn.com/stor3864-6530-4338-b537-623437633565/0846947326c5b333c9b37d285238e860.png;;;;"product_options:[{""title"":""Farbe"",""params"":{""view"":""buttons"",""hasColor"":true,""linkImage"":false}}]";;curtina_x409;;0;0;0;0;;;;;;https://alumineu.de/produkte/harpunenprofile/vorhangschiene/curtina-x409;;;
403098122232;;;;;"Profil CURTINA X409 - roh";;;https://static.tildacdn.com/stor3864-6530-4338-b537-623437633565/0846947326c5b333c9b37d285238e860.png;35.02;;;"Farbe:roh #e6e6e6";;LhsJi728gSt1-qEKriOWU2;241166415182;0;0;0;0;;;;;;https://alumineu.de/produkte/harpunenprofile/vorhangschiene/curtina-x409?editionuid=403098122232;;;
684148890872;Alumineu;;;Harpunenprofile>>>Vorhangschiene;"Profil CURTINA X410";"Patentiertes Profil CURTINA X410 zur Herstellung gerader Vorhangnischen mit Beleuchtung, mit der Möglichkeit des nachträglichen Einbaus von Aufputzvorhangschienen. Geeignet für das Hakensystem zur Membranbefestigung.";;https://static.tildacdn.com/stor3238-3938-4531-b137-653362366139/f1381c8b0619fb3549bb2320515f40b3.png;;;;"product_options:[{""title"":""Farbe"",""params"":{""view"":""buttons"",""hasColor"":true,""linkImage"":false}}]";;curtina_x410;;0;0;0;0;;;;;;https://alumineu.de/produkte/harpunenprofile/vorhangschiene/curtina-x410;;;
661064747832;;;;;"Profil CURTINA X410 - weiß matt";;;https://static.tildacdn.com/stor3238-3938-4531-b137-653362366139/f1381c8b0619fb3549bb2320515f40b3.png;31.13;;;"Farbe:weiß matt #ffffff";;JLVFDRdrgtcM9IORQDzXv0;684148890872;0;0;0;0;;;;;;https://alumineu.de/produkte/harpunenprofile/vorhangschiene/curtina-x410?editionuid=661064747832;;;
259187621202;Alumineu;;;Harpunenprofile>>>Vorhangschiene;"Profil CURTINA X411";"Patentiertes Profil CURTINA X411 zur Herstellung gerader Vorhangnischen mit Beleuchtung, mit der Möglichkeit des nachträglichen Einbaus von Aufputzvorhangschienen. Geeignet für das Hakensystem zur Membranbefestigung.";;https://static.tildacdn.com/stor3666-3866-4361-a130-303037653364/3ed4629c01fa17fda2266199d0ed925b.png;;;;"product_options:[{""title"":""Farbe"",""params"":{""view"":""buttons"",""hasColor"":true,""linkImage"":false}}]";;curtina_x411;;0;0;0;0;;;;;;https://alumineu.de/produkte/harpunenprofile/vorhangschiene/curtina-x411;;;
570978296822;;;;;"Profil CURTINA X411 - weiß matt";;;https://static.tildacdn.com/stor3666-3866-4361-a130-303037653364/3ed4629c01fa17fda2266199d0ed925b.png;44.10;;;"Farbe:weiß matt #ffffff";;KmK1hPPBihH4KDyWNRaPo0;259187621202;0;0;0;0;;;;;;https://alumineu.de/produkte/harpunenprofile/vorhangschiene/curtina-x411?editionuid=570978296822;;;
195208963882;Alumineu;;;"Architektonische lösungen>>>Raumteiler";"Raumteiler DECORRA";;;https://static.tildacdn.com/stor3335-3964-4839-a563-333936376634/1e4551643224f061b6b41e484564e834.webp;;;;"product_options:[{""title"":""Farbe"",""params"":{""view"":""buttons"",""hasColor"":true,""linkImage"":false}},{""title"":""Länge"",""params"":{""view"":""buttons"",""hasColor"":false,""linkImage"":false}}]";;decorra;;0;0;0;0;;;;;;https://alumineu.de/produkte/gestaltung/raumteiler/decorra;;;
452058616072;;;;;"Raumteiler DECORRA - weiß matt - 500 mm";;;https://static.tildacdn.com/stor3335-3964-4839-a563-333936376634/1e4551643224f061b6b41e484564e834.webp;186.79;;;"Farbe:weiß matt #ffffff;Länge:500 mm";;ergHrlZUg2QIND1V8IhSJ2;195208963882;0;0;0;0;;;;;;https://alumineu.de/produkte/gestaltung/raumteiler/decorra?editionuid=452058616072;;;
656755738582;;;;;"Raumteiler DECORRA - schwarz matt - 500 mm";;;https://static.tildacdn.com/stor3335-3964-4839-a563-333936376634/1e4551643224f061b6b41e484564e834.webp;186.79;;;"Farbe:schwarz matt #000000;Länge:500 mm";;Uol4AUi6iIvTMzs54EO9j2;195208963882;0;0;0;0;;;;;;https://alumineu.de/produkte/gestaltung/raumteiler/decorra?editionuid=656755738582;;;
318720664382;;;;;"Raumteiler DECORRA - weiß matt - 1000 mm";;;https://static.tildacdn.com/stor3335-3964-4839-a563-333936376634/1e4551643224f061b6b41e484564e834.webp;337.26;;;"Farbe:weiß matt #ffffff;Länge:1000 mm";;lp4e5bsYjDqziPV39cnuC2;195208963882;0;0;0;0;;;;;;https://alumineu.de/produkte/gestaltung/raumteiler/decorra?editionuid=318720664382;;;
550767352122;;;;;"Raumteiler DECORRA - schwarz matt - 1000 mm";;;https://static.tildacdn.com/stor3335-3964-4839-a563-333936376634/1e4551643224f061b6b41e484564e834.webp;337.26;;;"Farbe:schwarz matt #000000;Länge:1000 mm";;bmi8XCqTjEWJdGyaSuIyc0;195208963882;0;0;0;0;;;;;;https://alumineu.de/produkte/gestaltung/raumteiler/decorra?editionuid=550767352122;;;
190921796692;;;;;"Raumteiler DECORRA - weiß matt - 1500 mm";;;https://static.tildacdn.com/stor3335-3964-4839-a563-333936376634/1e4551643224f061b6b41e484564e834.webp;498.11;;;"Farbe:weiß matt #ffffff;Länge:1500 mm";;1DXQpiEKjE3GouFX6fQLj1;195208963882;0;0;0;0;;;;;;https://alumineu.de/produkte/gestaltung/raumteiler/decorra?editionuid=190921796692;;;
293632136672;;;;;"Raumteiler DECORRA - schwarz matt - 1500 mm";;;https://static.tildacdn.com/stor3335-3964-4839-a563-333936376634/1e4551643224f061b6b41e484564e834.webp;498.11;;;"Farbe:schwarz matt #000000;Länge:1500 mm";;Mi1z6scziBgnL27xWxmwT2;195208963882;0;0;0;0;;;;;;https://alumineu.de/produkte/gestaltung/raumteiler/decorra?editionuid=293632136672;;;
800915154462;Alumineu;;;Lüftung>>>Schlitzdurchlässe;"Lüftung AERROLL";;;https://static.tildacdn.com/stor3563-3564-4133-a335-383930383862/76799e57738bfbd0b159d5573d28b6a2.png;;;;"product_options:[{""title"":""Farbe"",""params"":{""view"":""buttons"",""hasColor"":true,""linkImage"":false}},{""title"":""Länge"",""params"":{""view"":""buttons"",""hasColor"":false,""linkImage"":false}}]";;aerroll;;0;0;0;0;;;;;;https://alumineu.de/produkte/luftung/schlitzdiffusoren/aerroll;;;
525913021272;;;;;"Lüftung AERROLL - schwarz matt - Z007";;;https://static.tildacdn.com/stor3563-3564-4133-a335-383930383862/76799e57738bfbd0b159d5573d28b6a2.png;153.07;;;"Farbe:schwarz matt #000000;Länge:Z007";;KKdTYiB5ilH9EwahKpKah0;800915154462;0;0;0;0;;;;;;https://alumineu.de/produkte/luftung/schlitzdiffusoren/aerroll?editionuid=525913021272;;;
444516450242;;;;;"Lüftung AERROLL - schwarz matt - Z010";;;https://static.tildacdn.com/stor3563-3564-4133-a335-383930383862/76799e57738bfbd0b159d5573d28b6a2.png;194.58;;;"Farbe:schwarz matt #000000;Länge:Z010";;ARWzP670jnmjJZpK5JsEU1;800915154462;0;0;0;0;;;;;;https://alumineu.de/produkte/luftung/schlitzdiffusoren/aerroll?editionuid=444516450242;;;
188056715042;;;;;"Lüftung AERROLL - schwarz matt - Z014";;;https://static.tildacdn.com/stor3563-3564-4133-a335-383930383862/76799e57738bfbd0b159d5573d28b6a2.png;207.55;;;"Farbe:schwarz matt #000000;Länge:Z014";;xP5AwirJg8GaTPI5ZRvbx2;800915154462;0;0;0;0;;;;;;https://alumineu.de/produkte/luftung/schlitzdiffusoren/aerroll?editionuid=188056715042;;;
594323476182;Alumineu;;;Lüftung>>>Schlitzdurchlässe;"Lüftung AEROOOM";;;https://static.tildacdn.com/stor3363-3531-4231-a430-326438373565/1725a8258b244f3f99b07d579d7c46cf.png;;;;"product_options:[{""title"":""Farbe"",""params"":{""view"":""buttons"",""hasColor"":true,""linkImage"":false}},{""title"":""Länge"",""params"":{""view"":""buttons"",""hasColor"":false,""linkImage"":false}}]";;aerooom;;0;0;0;0;;;;;;https://alumineu.de/produkte/luftung/schlitzdiffusoren/aerooom;;;
253482389052;;;;;"Lüftung AEROOOM - schwarz matt - W007";;;https://static.tildacdn.com/stor3363-3531-4231-a430-326438373565/1725a8258b244f3f99b07d579d7c46cf.png;74.72;;;"Farbe:schwarz matt #000000;Länge:W007";;67Bbx0xngULuV9UzemHTF3;594323476182;0;0;0;0;;;;;;https://alumineu.de/produkte/luftung/schlitzdiffusoren/aerooom?editionuid=253482389052;;;
485193723462;;;;;"Lüftung AEROOOM - schwarz matt - W010";;;https://static.tildacdn.com/stor3363-3531-4231-a430-326438373565/1725a8258b244f3f99b07d579d7c46cf.png;93.40;;;"Farbe:schwarz matt #000000;Länge:W010";;jvZowSDbjriTyuZ4gKOP73;594323476182;0;0;0;0;;;;;;https://alumineu.de/produkte/luftung/schlitzdiffusoren/aerooom?editionuid=485193723462;;;
768527011532;;;;;"Lüftung AEROOOM - schwarz matt - W014";;;https://static.tildacdn.com/stor3363-3531-4231-a430-326438373565/1725a8258b244f3f99b07d579d7c46cf.png;103.77;;;"Farbe:schwarz matt #000000;Länge:W014";;QUUROkmnjacZooCUHKa9k1;594323476182;0;0;0;0;;;;;;https://alumineu.de/produkte/luftung/schlitzdiffusoren/aerooom?editionuid=768527011532;;;
441243827582;Alumineu;;;Textilprofile>>>zweistufige;"Profil UNITEXA Z701";;;https://static.tildacdn.com/stor3636-3936-4631-b431-373163663663/6811d8b1d2b10eb71aeea5e37dfe440d.png;;;;"product_options:[{""title"":""Farbe"",""params"":{""view"":""buttons"",""hasColor"":true,""linkImage"":false}},{""title"":""Länge"",""params"":{""view"":""buttons"",""hasColor"":false,""linkImage"":false}}]";;unitexa_z701;;0;0;0;0;;;;;;https://alumineu.de/produkte/textilprofile/zweistufige/unitexa-z701;;;
760724366592;;;;;"Profil UNITEXA Z701 - weiß matt - 2,0 lfd. m";;;https://static.tildacdn.com/stor3636-3936-4631-b431-373163663663/6811d8b1d2b10eb71aeea5e37dfe440d.png;14.01;55;;"Farbe:weiß matt #ffffff;Länge:2,0 lfd. m";;zSQvbSNEiHa6S1KQEwaCY2;441243827582;0;0;0;0;;;;;;https://alumineu.de/produkte/textilprofile/zweistufige/unitexa-z701?editionuid=760724366592;;;
180310209122;;;;;"Profil UNITEXA Z701 - schwarz matt - 2,0 lfd. m";;;https://static.tildacdn.com/stor3636-3936-4631-b431-373163663663/6811d8b1d2b10eb71aeea5e37dfe440d.png;14.01;55;;"Farbe:schwarz matt #000000;Länge:2,0 lfd. m";;SQKcK9vigikWY0Agh6ZSX0;441243827582;0;0;0;0;;;;;;https://alumineu.de/produkte/textilprofile/zweistufige/unitexa-z701?editionuid=180310209122;;;
734960317322;Alumineu;;;Textilprofile>>>schienen;"Profil VOLTIVA Z501";;;https://static.tildacdn.com/stor3733-6162-4833-a166-303063343631/3bcd7360215076eb4f67c471499d22d8.png;;;;"product_options:[{""title"":""Farbe"",""params"":{""view"":""buttons"",""hasColor"":true,""linkImage"":false}},{""title"":""Länge"",""params"":{""view"":""buttons"",""hasColor"":false,""linkImage"":false}}]";;voltiva_z501;;0;0;0;0;;;;;;https://alumineu.de/produkte/textilprofile/schienen/voltiva-z501;;;
869939555972;;;;;"Profil VOLTIVA Z501 - schwarz matt - 2,0 lfd. m";;;https://static.tildacdn.com/stor3733-6162-4833-a166-303063343631/3bcd7360215076eb4f67c471499d22d8.png;31.13;55;;"Farbe:schwarz matt #000000;Länge:2,0 lfd. m";;0WyuTzYWjCQp6Fj0LuztH0;734960317322;0;0;0;0;;;;;;https://alumineu.de/produkte/textilprofile/schienen/voltiva-z501?editionuid=869939555972;;;
937875794502;Alumineu;;;Textilprofile>>>lichtlinie;"Profil LUMNOVA Z008";;;https://static.tildacdn.com/stor6362-3939-4639-a432-396465313835/d46c8a6c15f70ec1edca524f0bc50843.png;;;;"product_options:[{""title"":""Farbe"",""params"":{""view"":""buttons"",""hasColor"":true,""linkImage"":false}},{""title"":""Länge"",""params"":{""view"":""buttons"",""hasColor"":false,""linkImage"":false}}]";;lumnova_z008;;0;0;0;0;;;;;;https://alumineu.de/produkte/textilprofile/lichtlinie/lumnova-z008;;;
123302226882;;;;;"Profil LUMNOVA Z008 - schwarz matt - 2,0 lfd. m";;;https://static.tildacdn.com/stor6362-3939-4639-a432-396465313835/d46c8a6c15f70ec1edca524f0bc50843.png;20.75;55;;"Farbe:schwarz matt #000000;Länge:2,0 lfd. m";;eSviEBM8guhlvQefni07r1;937875794502;0;0;0;0;;;;;;https://alumineu.de/produkte/textilprofile/lichtlinie/lumnova-z008?editionuid=123302226882;;;
335807428592;Alumineu;;;Textilprofile>>>vorhangschiene;"Profil TISSURE Z405";;;https://static.tildacdn.com/stor3866-3164-4264-b331-363064346436/0089ace07e5645e03a99b2a406767fa3.png;;;;"product_options:[{""title"":""Farbe"",""params"":{""view"":""buttons"",""hasColor"":true,""linkImage"":false}},{""title"":""Länge"",""params"":{""view"":""buttons"",""hasColor"":false,""linkImage"":false}}]";;tissure_z405;;0;0;0;0;;;;;;https://alumineu.de/produkte/textilprofile/vorhangschiene/tissure-405;;;
489887635112;;;;;"Profil TISSURE Z405 - schwarz matt - 3,2 lfd. m";;;https://static.tildacdn.com/stor3866-3164-4264-b331-363064346436/0089ace07e5645e03a99b2a406767fa3.png;72.64;55;;"Farbe:schwarz matt #000000;Länge:3,2 lfd. m";;ASFuUxWDgOBWCHN5ODymF1;335807428592;0;0;0;0;;;;;;https://alumineu.de/produkte/textilprofile/vorhangschiene/tissure-405?editionuid=489887635112;;;
456097811942;;;;;"Profil TISSURE Z405 - weiß matt - 3,2 lfd. m";;;https://static.tildacdn.com/stor3866-3164-4264-b331-363064346436/0089ace07e5645e03a99b2a406767fa3.png;72.64;;;"Farbe:weiß matt #ffffff;Länge:3,2 lfd. m";;Zroo3n3djONt0OopEffYs1;335807428592;0;0;0;0;;;;;;https://alumineu.de/produkte/textilprofile/vorhangschiene/tissure-405?editionuid=456097811942;;;
351936237612;Alumineu;;;Textilprofile>>>vorhangschiene;"Profil TISSURE Z401";;;https://static.tildacdn.com/stor6366-6139-4565-b936-616432356236/1354d6aae2d62a9eb1345eb6f7ab36f8.png;;;;"product_options:[{""title"":""Farbe"",""params"":{""view"":""buttons"",""hasColor"":true,""linkImage"":false}},{""title"":""Länge"",""params"":{""view"":""buttons"",""hasColor"":false,""linkImage"":false}}]";;tissure_z401;;0;0;0;0;;;;;;https://alumineu.de/produkte/textilprofile/vorhangschiene/tissure-401;;;
137778443162;;;;;"Profil TISSURE Z401 - schwarz matt - 2,0 lfd. m";;;https://static.tildacdn.com/stor6366-6139-4565-b936-616432356236/1354d6aae2d62a9eb1345eb6f7ab36f8.png;25.94;55;;"Farbe:schwarz matt #000000;Länge:2,0 lfd. m";;hymJQJJTjY-YeQVF1giqT1;351936237612;0;0;0;0;;;;;;https://alumineu.de/produkte/textilprofile/vorhangschiene/tissure-401?editionuid=137778443162;;;
223254819942;;;;;"Profil TISSURE Z401 - weiß matt - 2,0 lfd. m";;;https://static.tildacdn.com/stor6366-6139-4565-b936-616432356236/1354d6aae2d62a9eb1345eb6f7ab36f8.png;25.94;55;;"Farbe:weiß matt #ffffff;Länge:2,0 lfd. m";;1BcJh8vVg8aapGEcAUDrg1;351936237612;0;0;0;0;;;;;;https://alumineu.de/produkte/textilprofile/vorhangschiene/tissure-401?editionuid=223254819942;;;
381804083502;Alumineu;;;Zubehör>>>Vorhanghaken;"Zwischenfeststeller HOOKEND Y704";;;https://static.tildacdn.com/stor3736-3164-4162-b837-663339663763/18b7ddf8fc613abcc60161157491ad61.png;;;;"product_options:[{""title"":""Farbe"",""params"":{""view"":""buttons"",""hasColor"":true,""linkImage"":false}}]";;hookend_y704;;0;0;0;0;;;;;;https://alumineu.de/produkte/zubehor/vorhanghaken/hookend-y704;;;
341091750192;;;;;"Zwischenfeststeller HOOKEND Y704 - weiß matt";;;https://static.tildacdn.com/stor3736-3164-4162-b837-663339663763/18b7ddf8fc613abcc60161157491ad61.png;0.52;52;;"Farbe:weiß matt #ffffff";;ysB7srkLhvaXhUm2B-WED1;381804083502;0;0;0;0;;;;;;https://alumineu.de/produkte/zubehor/vorhanghaken/hookend-y704?editionuid=341091750192;;;
573195426112;;;;;"Zwischenfeststeller HOOKEND Y704 - schwarz matt";;;https://static.tildacdn.com/stor3736-3164-4162-b837-663339663763/18b7ddf8fc613abcc60161157491ad61.png;0.52;0;;"Farbe:schwarz matt #000000";;rTvzIoD8go7VbGrUSWHeb2;381804083502;0;0;0;0;;;;;;https://alumineu.de/produkte/zubehor/vorhanghaken/hookend-y704?editionuid=573195426112;;;
504782410782;Alumineu;;;Zubehör>>>Abdeckungen;"Abdeckung DIFFUSY Y108";;;https://static.tildacdn.com/stor6632-6462-4031-a131-643239343664/c8bd003597ce5ba51819423621be0074.png;;;;"product_options:[{""title"":""Farbe"",""params"":{""view"":""buttons"",""hasColor"":true,""linkImage"":false}}]";;diffusy_y108;;0;0;0;0;;;;;;https://alumineu.de/produkte/zubehor/abdeckungen/diffusy-y108;;;
161257849112;;;;;"Abdeckung DIFFUSY Y108 - milchig";;;https://static.tildacdn.com/stor6632-6462-4031-a131-643239343664/c8bd003597ce5ba51819423621be0074.png;7.78;;;"Farbe:milchig #ffffff";;I8dRSyr4j1PDRW6-je8T00;504782410782;0;0;0;0;;;;;;https://alumineu.de/produkte/zubehor/abdeckungen/diffusy-y108?editionuid=161257849112;;;
801584314922;Alumineu;;;Zubehör>>>Clips;"Clip LOCKIUM Y301";;;https://static.tildacdn.com/stor6631-3133-4364-b932-353034393635/959d492c8c079312cdec5a1ca9aec5e0.png;;;;"product_options:[{""title"":""Farbe"",""params"":{""view"":""buttons"",""hasColor"":true,""linkImage"":false}}]";;lockium_y301;;0;0;0;0;;;;;;https://alumineu.de/produkte/zubehor/clips/lockium-y301;;;
709397386242;;;;;"Clip LOCKIUM Y301 - weiß";;;https://static.tildacdn.com/stor6631-3133-4364-b932-353034393635/959d492c8c079312cdec5a1ca9aec5e0.png;1.56;;;"Farbe:weiß #ffffff";;TssncDOBgvi587XAXxOMF2;801584314922;0;0;0;0;;;;;;https://alumineu.de/produkte/zubehor/clips/lockium-y301?editionuid=709397386242;;;
634642600522;Alumineu;;;Zubehör>>>Verbinder;"Gerader Verbinder JOINTEK Y603";;;https://static.tildacdn.com/stor3537-3764-4633-b738-626435623334/e36f31aeb2f8d8f19bd534362ee25756.png;;;;"product_options:[{""title"":""Farbe"",""params"":{""view"":""buttons"",""hasColor"":true,""linkImage"":false}}]";;jointek_y603;;0;0;0;0;;;;;;https://alumineu.de/produkte/zubehor/verbinder/jointek-y603;;;
880762034842;;;;;"Gerader Verbinder JOINTEK Y603 - roh";;;https://static.tildacdn.com/stor3537-3764-4633-b738-626435623334/e36f31aeb2f8d8f19bd534362ee25756.png;5.19;;;"Farbe:roh #e6e6e6";;68OGLVL0i2Yh2ygfi-iJ00;634642600522;0;0;0;0;;;;;;https://alumineu.de/produkte/zubehor/verbinder/jointek-y603?editionuid=880762034842;;;
949075111892;Alumineu;;;Zubehör>>>Verbinder;"Winkelverbinder JOINTEK Y604";;;https://static.tildacdn.com/stor3531-3938-4665-a164-386663336564/2c593026749e4f8c04e647221a6837a2.png;;;;"product_options:[{""title"":""Farbe"",""params"":{""view"":""buttons"",""hasColor"":true,""linkImage"":false}}]";;jointek_y604;;0;0;0;0;;;;;;https://alumineu.de/produkte/zubehor/verbinder/jointek-y604;;;
311874100442;;;;;"Winkelverbinder JOINTEK Y604 - roh";;;;5.19;;;"Farbe:roh #e6e6e6";;BxeEFynvjXZ-sYop6JbwX1;949075111892;0;0;0;0;;;;;;https://alumineu.de/produkte/zubehor/verbinder/jointek-y604?editionuid=311874100442;;;
453658188782;Alumineu;;;Zubehör>>>Verbinder;"Gerader Verbinder JOINTEK Y605";;;https://static.tildacdn.com/stor6632-6132-4337-b436-383165366538/19a00cbf5b43c2e7e5cd6e26d1c9abe8.jpg;;;;"product_options:[{""title"":""Farbe"",""params"":{""view"":""buttons"",""hasColor"":true,""linkImage"":false}}]";;jointek_y605;;0;0;0;0;;;;;;https://alumineu.de/produkte/zubehor/verbinder/jointek-y605;;;
100613800152;;;;;"Gerader Verbinder JOINTEK Y605 - roh";;;https://static.tildacdn.com/stor6632-6132-4337-b436-383165366538/19a00cbf5b43c2e7e5cd6e26d1c9abe8.jpg;10.38;;;"Farbe:roh #e6e6e6";;3MLLHH2IjgqO47skfI06r2;453658188782;0;0;0;0;;;;;;https://alumineu.de/produkte/zubehor/verbinder/jointek-y605?editionuid=100613800152;;;
967491770452;Alumineu;;;Zubehör>>>Verbinder;"Winkelverbinder JOINTEK Y606";;;https://static.tildacdn.com/stor6131-6365-4532-b066-343265383838/5ef2e031f248ddb9900d169419c58135.jpg;;;;"product_options:[{""title"":""Farbe"",""params"":{""view"":""buttons"",""hasColor"":true,""linkImage"":false}}]";;jointek_y606;;0;0;0;0;;;;;;https://alumineu.de/produkte/zubehor/verbinder/jointek-y606;;;
925512640692;;;;;"Winkelverbinder JOINTEK Y606 - roh";;;https://static.tildacdn.com/stor6131-6365-4532-b066-343265383838/5ef2e031f248ddb9900d169419c58135.jpg;10.38;;;"Farbe:roh #e6e6e6";;PQjsDtuygZ8U2CBSD-yFM3;967491770452;0;0;0;0;;;;;;https://alumineu.de/produkte/zubehor/verbinder/jointek-y606?editionuid=925512640692;;;
188889108812;Alumineu;;;Zubehör>>>Werkzeuge;"Montagespachtel SPATULA Y801";;;https://static.tildacdn.com/stor3336-3761-4439-b434-396263306431/ea23000cb93a78e08e1eb8c354845be5.png;23.09;;;;;LAScFxUfgjRWkQO7x3vPO3;;0;0;0;0;;;;;;https://alumineu.de/produkte/zubehor/werkzeuge/spatula-y801;;;
933069548192;Alumineu;;;Zubehör>>>Werkzeuge;"Montagespachtel SPATULA Y802";;;https://static.tildacdn.com/stor3366-3661-4565-b139-623735383530/884456d86aef0c3b011afeebb3827bb1.png;23.09;;;;;yhUnPSjLg-Bdtn9a16e4K1;;0;0;0;0;;;;;;https://alumineu.de/produkte/zubehor/werkzeuge/spatula-y802;;;
678666813172;Alumineu;;;Zubehör>>>Werkzeuge;"Montagespachtel SPATULA Y803";;;https://static.tildacdn.com/stor6438-3530-4031-b735-633464323136/ed96edd2311aefcaf7640dc368990784.png;23.09;;;;;7EuwsAnyhMnvk1iniWvNZ2;;0;0;0;0;;;;;;https://alumineu.de/produkte/zubehor/werkzeuge/spatula-y803;;;
337643538892;Alumineu;;;Zubehör>>>Werkzeuge;"Montagespachtel SPATULA Y804";;;https://static.tildacdn.com/stor3633-3934-4730-b061-323933373165/2b8d2a1e96c6560fbcabae6c84ab7649.png;54.48;;;;;R2Byo-ePivRzvVzZ6j3813;;0;0;0;0;;;;;;https://alumineu.de/produkte/zubehor/werkzeuge/spatula-y804;;;
369842870012;Alumineu;;;Zubehör>>>Werkzeuge;"Langlochzange PRASEKA Y805";;;https://static.tildacdn.com/stor3064-3632-4163-b536-346636353731/f306bc3eb54d8c4e7e7998a05ed859c4.png;67.45;0;;;;zVHat4UNjWloiFXNPDt4r0;;0;0;0;0;;;;;;https://alumineu.de/produkte/zubehor/werkzeuge/spatula-y805;;;
292716482542;Alumineu;;;Zubehör>>>Vorrichtungen;"Schneidlade STUSLON Y901";;;https://static.tildacdn.com/stor6532-6433-4338-a664-613030653632/9ac8d5d0be06d34b458176b1bded003b.png;9.34;;;;;yhkL5hiDgxPikbdZZ9Fw-2;;0;0;0;0;;;;;;https://alumineu.de/produkte/zubehor/vorrichtungen/stuslon-y901;;;
607629265982;Alumineu;;;Zubehör>>>Vorrichtungen;"Schneidlade STUSLON Y902";;;https://static.tildacdn.com/stor3336-3537-4232-b665-323966333465/9a4e1cb4455e8944ea11cc5d06ee6831.png;9.34;;;;;Ttlz5AqejNP0X23dgdQNF0;;0;0;0;0;;;;;;https://alumineu.de/produkte/zubehor/vorrichtungen/stuslon-y902;;;
522982704862;Alumineu;;;Zubehör>>>Vorrichtungen;"Schneidlade STUSLON Y903";;;https://static.tildacdn.com/stor6433-3839-4164-a465-393531663535/a90b84825b9f0cc6f964f955f0c11fb2.png;9.34;;;;;6BeeaaaDifZDxIxPgfCsB2;;0;0;0;0;;;;;;https://alumineu.de/produkte/zubehor/vorrichtungen/stuslon-y903;;;
650203298572;Alumineu;;;Zubehör>>>Vorrichtungen;"Kunststoffgleitschiene STABILE Y904";;;https://static.tildacdn.com/stor6361-3337-4632-a335-313530353639/34dd7b6c215267f84d1be6398f11f030.png;10.38;;;;;OZHBJ5GwjxX4GRRLp--5I0;;0;0;0;0;;;;;;https://alumineu.de/produkte/zubehor/vorrichtungen/stuslon-y904;;;
916449196532;Alumineu;;;Zubehör>>>Vorrichtungen;"Kunststoffgleitschiene STABILE Y905";;;https://static.tildacdn.com/stor3631-3736-4835-a134-386161313530/e94d21201b583d9bc2556f67f033d27c.png;10.38;;;;;YvBn2CQPjF0bZ9wS2Otu83;;0;0;0;0;;;;;;https://alumineu.de/produkte/zubehor/vorrichtungen/stuslon-y905;;;
671348306322;Alumineu;;;Zubehör>>>Vorrichtungen;"Kunststoffgleitschiene STABILE Y906";;;https://static.tildacdn.com/stor3962-3733-4466-a332-356131613666/342d4ad787334bd80a70f1862346a1b0.png;10.38;;;;;BhYSYrYwjZw4w-mkseFLK1;;0;0;0;0;;;;;;https://alumineu.de/produkte/zubehor/vorrichtungen/stuslon-y906;;;
387450845462;Alumineu;;;Zubehör>>>Vorhanghaken;"Gardinengleiter HOOKARA Y701";;;https://static.tildacdn.com/stor3538-3364-4235-b362-343363393837/ff5227fe857413a3f64cce376230808b.png;;;;"product_options:[{""title"":""Farbe"",""params"":{""view"":""buttons"",""hasColor"":true,""linkImage"":false}}]";;hookara_y701;;0;0;0;0;;;;;;https://alumineu.de/produkte/zubehor/vorhanghaken/hookara-y701;;;
701090752872;;;;;"Gardinengleiter HOOKARA Y701 - weiß matt";;;https://static.tildacdn.com/stor3538-3364-4235-b362-343363393837/ff5227fe857413a3f64cce376230808b.png;4.15;52;;"Farbe:weiß matt #ffffff";;46uEut1Sg0K3ORag6S9WZ0;387450845462;0;0;0;0;;;;;;https://alumineu.de/produkte/zubehor/vorhanghaken/hookara-y701?editionuid=701090752872;;;
142983671902;;;;;"Gardinengleiter HOOKARA Y701 - schwarz matt";;;https://static.tildacdn.com/stor3538-3364-4235-b362-343363393837/ff5227fe857413a3f64cce376230808b.png;4.15;0;;"Farbe:schwarz matt #000000";;mCFJaYpDhGQpcRyrmU8W81;387450845462;0;0;0;0;;;;;;https://alumineu.de/produkte/zubehor/vorhanghaken/hookara-y701?editionuid=142983671902;;;
327668366392;Alumineu;;;Zubehör>>>Vorhanghaken;"Gardinengleiter SLIDENE Y702";;;https://static.tildacdn.com/stor6634-3936-4462-b535-316236623836/8c18e6cf1573a6a6f36a8d4792ae4410.jpg;;;;"product_options:[{""title"":""Farbe"",""params"":{""view"":""buttons"",""hasColor"":true,""linkImage"":false}}]";;slidene_y702;;0;0;0;0;;;;;;https://alumineu.de/produkte/zubehor/vorhanghaken/slidene-y702;;;
600036549062;;;;;"Gardinengleiter SLIDENE Y702 - weiß matt";;;https://static.tildacdn.com/stor6634-3936-4462-b535-316236623836/8c18e6cf1573a6a6f36a8d4792ae4410.jpg;12.45;55;;"Farbe:weiß matt #ffffff";;AxdssG3zilcc0nq8IRQCg0;327668366392;0;0;0;0;;;;;;https://alumineu.de/produkte/zubehor/vorhanghaken/slidene-y702?editionuid=600036549062;;;
173499267522;Alumineu;;;Zubehör>>>Vorhanghaken;"Gardinengleiter SLIDENE Y703";;;https://static.tildacdn.com/stor6238-6236-4065-a666-333437313038/d2253283ad077978925b2957326743d6.png;;;;"product_options:[{""title"":""Farbe"",""params"":{""view"":""buttons"",""hasColor"":true,""linkImage"":false}}]";;slidene_y703;;0;0;0;0;;;;;;https://alumineu.de/produkte/zubehor/vorhanghaken/slidene-y703;;;
649378614012;;;;;"Gardinengleiter SLIDENE Y703 - weiß matt";;;https://static.tildacdn.com/stor6238-6236-4065-a666-333437313038/d2253283ad077978925b2957326743d6.png;0.67;55;;"Farbe:weiß matt #ffffff";;5AoNq6UdhMzzZcpcgTh5m0;173499267522;0;0;0;0;;;;;;https://alumineu.de/produkte/zubehor/vorhanghaken/slidene-y703?editionuid=649378614012;;;
288495294412;;;;;"Gardinengleiter SLIDENE Y703 - schwarz matt";;;https://static.tildacdn.com/stor6238-6236-4065-a666-333437313038/d2253283ad077978925b2957326743d6.png;0.67;55;;"Farbe:schwarz matt #000000";;FJSc0Zp5hm1Mg4SMhSTTh0;173499267522;0;0;0;0;;;;;;https://alumineu.de/produkte/zubehor/vorhanghaken/slidene-y703?editionuid=288495294412;;;
581049790262;Alumineu;;;Zubehör>>>Endkappen;"Endkappe ENDCAPP Y208";;;https://static.tildacdn.com/stor3338-3731-4633-b531-323662363031/803cb870f4b14c2f4e88d77298336750.png;;;;"product_options:[{""title"":""Farbe"",""params"":{""view"":""buttons"",""hasColor"":true,""linkImage"":false}}]";;endcapp_y208;;0;0;0;0;;;;;;https://alumineu.de/produkte/zubehor/endkappen/endcapp-y208;;;
341542099002;;;;;"Endkappe ENDCAPP Y208 - schwarz matt";;;https://static.tildacdn.com/stor3338-3731-4633-b531-323662363031/803cb870f4b14c2f4e88d77298336750.png;5.19;;;"Farbe:schwarz matt #000000";;cs1iWyovjnR0O5ccF07Z40;581049790262;0;0;0;0;;;;;;https://alumineu.de/produkte/zubehor/endkappen/endcapp-y208?editionuid=341542099002;;;
546005313714;;;;;"Endkappe ENDCAPP Y208 - weiß matt";;;https://static.tildacdn.com/stor3338-3731-4633-b531-323662363031/803cb870f4b14c2f4e88d77298336750.png;5.19;;;"Farbe:weiß matt #ffffff";;zk72JAY9i0ugmwAbZomQB0;581049790262;0;0;0;0;;;;;;https://alumineu.de/produkte/zubehor/endkappen/endcapp-y208?editionuid=546005313714;;;
956402035772;Alumineu;;;Zubehör>>>Endkappen;"Endkappe ENDCAPP Y209";;;https://static.tildacdn.com/stor3561-6561-4632-a532-653263303530/0e5443e0967f10910b960a712130256c.png;;;;"product_options:[{""title"":""Farbe"",""params"":{""view"":""buttons"",""hasColor"":true,""linkImage"":false}}]";;endcapp_y209;;0;0;0;0;;;;;;https://alumineu.de/produkte/zubehor/endkappen/endcapp-y209;;;
587453194702;;;;;"Endkappe ENDCAPP Y209 - schwarz matt";;;;12.97;;;"Farbe:schwarz matt #000000";;caaW9qg3jIDvmqBhtmo3R3;956402035772;0;0;0;0;;;;;;https://alumineu.de/produkte/zubehor/endkappen/endcapp-y209?editionuid=587453194702;;;
834163813642;Alumineu;;;Zubehör>>>Endkappen;"Endkappe ENDCAPP Y210";;;https://static.tildacdn.com/stor3435-3565-4265-b330-653637343133/cc373218561373e4fa16c148782d250b.png;;;;"product_options:[{""title"":""Farbe"",""params"":{""view"":""buttons"",""hasColor"":true,""linkImage"":false}}]";;endcapp_y210;;0;0;0;0;;;;;;https://alumineu.de/produkte/zubehor/endkappen/endcapp-y210;;;
851110674492;;;;;"Endkappe ENDCAPP Y210 - schwarz matt";;;https://static.tildacdn.com/stor3435-3565-4265-b330-653637343133/cc373218561373e4fa16c148782d250b.png;14.27;;;"Farbe:schwarz matt #000000";;Ue5JxBS6h-xDmc-T5sYN21;834163813642;0;0;0;0;;;;;;https://alumineu.de/produkte/zubehor/endkappen/endcapp-y210?editionuid=851110674492;;;
348873791644;;;;;"Endkappe ENDCAPP Y210 - weiß matt";;;https://static.tildacdn.com/stor3435-3565-4265-b330-653637343133/cc373218561373e4fa16c148782d250b.png;14.27;;;"Farbe:weiß matt #ffffff";;XfbpuCp4jKYvNsRl05mSV0;834163813642;0;0;0;0;;;;;;https://alumineu.de/produkte/zubehor/endkappen/endcapp-y210?editionuid=348873791644;;;
184431009662;Alumineu;;;Zubehör>>>Endkappen;"Endkappe ENDCAPP Y211";;;https://static.tildacdn.com/stor3532-3361-4735-b633-313439376164/a08a5e274f6fd8462f3aabb7a31b1dce.png;;;;"product_options:[{""title"":""Farbe"",""params"":{""view"":""buttons"",""hasColor"":true,""linkImage"":false}}]";;endcapp_y211;;0;0;0;0;;;;;;https://alumineu.de/produkte/zubehor/endkappen/endcapp-y211;;;
726546645212;;;;;"Endkappe ENDCAPP Y211 - schwarz matt";;;https://static.tildacdn.com/stor3532-3361-4735-b633-313439376164/a08a5e274f6fd8462f3aabb7a31b1dce.png;27.24;;;"Farbe:schwarz matt #000000";;B-1IK5jxibF9dkLSg6OE11;184431009662;0;0;0;0;;;;;;https://alumineu.de/produkte/zubehor/endkappen/endcapp-y211?editionuid=726546645212;;;
653795391564;;;;;"Endkappe ENDCAPP Y211 - weiß matt";;;https://static.tildacdn.com/stor3532-3361-4735-b633-313439376164/a08a5e274f6fd8462f3aabb7a31b1dce.png;27.24;;;"Farbe:weiß matt #ffffff";;w7Y6MOgigz2Y0sizhfBYt3;184431009662;0;0;0;0;;;;;;https://alumineu.de/produkte/zubehor/endkappen/endcapp-y211?editionuid=653795391564;;;
244936071092;Alumineu;;;Zubehör>>>Endkappen;"Endkappe ENDCAPP Y212";;;https://static.tildacdn.com/stor3464-3761-4661-a533-313562626332/0975883fceb3a896d5fb5827a09212b0.png;;;;"product_options:[{""title"":""Farbe"",""params"":{""view"":""buttons"",""hasColor"":true,""linkImage"":false}}]";;endcapp_y212;;0;0;0;0;;;;;;https://alumineu.de/produkte/zubehor/endkappen/endcapp-y212;;;
348606638472;;;;;"Endkappe ENDCAPP Y212 - schwarz matt";;;https://static.tildacdn.com/stor3464-3761-4661-a533-313562626332/0975883fceb3a896d5fb5827a09212b0.png;22.05;;;"Farbe:schwarz matt #000000";;Y7HL3H--ifpDooOZXnkT61;244936071092;0;0;0;0;;;;;;https://alumineu.de/produkte/zubehor/endkappen/endcapp-y212?editionuid=348606638472;;;
377739688724;Alumineu;;;Zubehör>>>Lüftungsreduzierstücke;"Ventilationsreduzierstück AEROOM Y911";;;https://static.tildacdn.com/stor6338-3435-4633-a436-313566303631/33688b3a5e8528a1f75e69ec2cc37d15.png;;;;"product_options:[{""title"":""Farbe"",""params"":{""view"":""buttons"",""hasColor"":true,""linkImage"":false}}]";;aerooom_y911;;0;0;0;0;;;;;;https://alumineu.de/produkte/zubehor/ventilationsreduzierstuck/aerooom-y911;;;
199471199604;;;;;"Ventilationsreduzierstück AEROOM Y911 - weiß";;;https://static.tildacdn.com/stor6338-3435-4633-a436-313566303631/33688b3a5e8528a1f75e69ec2cc37d15.png;15.57;;;"Farbe:weiß #ffffff";;kKSei7ZTjZ4PuyPiq34942;377739688724;0;0;0;0;;;;;;https://alumineu.de/produkte/zubehor/ventilationsreduzierstuck/aerooom-y911?editionuid=199471199604;;;
