"Tilda UID";Brand;SKU;Mark;Category;Title;Description;Text;Photo;Price;Quantity;"Price Old";Editions;Modifications;"External ID";"Parent UID";Weight;Length;Width;Height;Url;Tabs:1
408246751242;;;;"profile cu harpon>>>umbră";"Profil INVISIA X201";"profil patentat INVISIA X201® de perete, distanțier, pentru tavane napinane cu sistem de prindere a pânzei cu harpon.";;https://static.tildacdn.com/stor3565-3861-4536-a563-346434643235/70957155.png;;;;;;invisia_x201;;0;0;0;0;https://alumineu.ro/produse/profile-cu-harpon/umbra/invisia-x201;"text|#|bez vat|#|bez vat-1"
778968775512;;;;;"Profil INVISIA X201 - negru mat";;;https://static.tildacdn.com/stor3565-3861-4536-a563-346434643235/70957155.png;13.78;;;"culoare:negru mat";;oo9OjTbNgZ8SJAWgghj610;408246751242;0;0;0;0;https://alumineu.ro/produse/profile-cu-harpon/umbra/invisia-x201?editionuid=778968775512;
144672586112;;;;"profile cu harpon>>>luminoase";"Profil LIGHTRA X030";"profilul patentat LIGHTRA X030® de separare pentru tavane extensibile cu sistem de fixare tip harpon al pânzei. pentru utilizare la crearea liniilor de lumină.";;https://static.tildacdn.com/stor3637-3962-4539-a565-356436646363/72265808.png;;;;;;lightra_x030;;0;0;0;0;https://alumineu.ro/produse/profile-cu-harpon/luminosi/lightra-x030;
808560176502;;;;;"Profil LIGHTRA X030 - nevopsit";;;https://static.tildacdn.com/stor3637-3962-4539-a565-356436646363/72265808.png;21.20;;;culoare:nevopsit;;Rv6KF1WLiPamjAv2BaZge3;144672586112;0;0;0;0;https://alumineu.ro/produse/profile-cu-harpon/luminosi/lightra-x030?editionuid=808560176502;
456023117542;;;;"profile cu harpon>>>luminoase";"Profil LIGHTRA X015";"profilul patentat LIGHTRA X015® de separare pentru tavane extensibile cu sistem de fixare tip harpon al pânzei. pentru utilizare la crearea liniilor de lumină.";;https://static.tildacdn.com/stor3838-3532-4664-a234-363639376534/89857357.png;;;;;;lightra_x015;;0;0;0;0;https://alumineu.ro/produse/profile-cu-harpon/luminosi/lightra-x015;
935810110972;;;;;"Profil LIGHTRA X015 - nevopsit";;;https://static.tildacdn.com/stor3838-3532-4664-a234-363639376534/89857357.png;15.90;;;culoare:nevopsit;;olHJtrUhhLVDB5FN2Is6G0;456023117542;0;0;0;0;https://alumineu.ro/produse/profile-cu-harpon/luminosi/lightra-x015?editionuid=935810110972;
196701299832;;;;"profile cu harpon>>>luminoase";"Profil LIGHTRA X030 s";"profilul patentat LIGHTRA X030 s® de separare pentru tavane extensibile cu sistem de fixare tip harpon al pânzei. pentru utilizare la crearea liniilor de lumină.";;https://static.tildacdn.com/stor6130-3035-4634-b561-346435646161/65386346.png;;;;;;lightra_x030_s;;0;0;0;0;https://alumineu.ro/produse/profile-cu-harpon/luminosi/lightra-x030-s;
325059620482;;;;;"Profil LIGHTRA X030 s - nevopsit";;;https://static.tildacdn.com/stor6130-3035-4634-b561-346435646161/65386346.png;18.55;;;culoare:nevopsit;;MzeeWUC0gyE9JJJLbz34v3;196701299832;0;0;0;0;https://alumineu.ro/produse/profile-cu-harpon/luminosi/lightra-x030-s?editionuid=325059620482;
156269856802;;;;"profile cu harpon>>>luminoase";"Profil LIGHTRA X050";"profilul patentat LIGHTRA X050® de separare pentru tavane extensibile, cu sistem de prindere cu harpon al pânzei pentru tavane extensibile. utilizat pentru crearea liniilor de lumină.";;https://static.tildacdn.com/stor6436-3837-4938-a633-666335616437/33846174.png;;;;;;lightra_x050;;0;0;0;0;https://alumineu.ro/produse/profile-cu-harpon/luminosi/lightra-x050;
770514350612;;;;;"Profil LIGHTRA X050 - nevopsit";;;https://static.tildacdn.com/stor6436-3837-4938-a633-666335616437/33846174.png;23.86;;;culoare:nevopsit;;wDQZybWWgNkn2Zq49zPi30;156269856802;0;0;0;0;https://alumineu.ro/produse/profile-cu-harpon/luminosi/lightra-x050?editionuid=770514350612;
173117135412;;;;"profile cu harpon>>>cornișe";"Profil CURTINA X402";"profil patentat CURTINA X402® pentru realizarea nișelor ascunse de draperii, cu două șanțuri pentru agățarea perdelelor și draperiilor în tavane napinane cu sistem harpon. cu prindere laterală a pânzei.";;"https://static.tildacdn.com/stor6161-3534-4538-a664-646161303764/42891345.png https://static.tildacdn.com/stor3135-3532-4534-a536-623032643331/27779827.png";;;;;;curtina_x402;;0;0;0;0;https://alumineu.ro/produse/profile-cu-harpon/cornise/curtina-x402;
301964519272;;;;;"Profil CURTINA X402 - alb lucios - 2,2 m.l.";;;https://static.tildacdn.com/stor3135-3532-4534-a536-623032643331/27779827.png;139.95;;;"culoare:alb lucios;lungime:2,2 m.l.";;e9yQf8rDjzi3XjGnnx3Iw3;173117135412;0;0;0;0;https://alumineu.ro/produse/profile-cu-harpon/cornise/curtina-x402?editionuid=301964519272;
956663279972;;;;;"Profil CURTINA X402 - negru mat - 2,2 m.l.";;;https://static.tildacdn.com/stor6161-3534-4538-a664-646161303764/42891345.png;139.95;;;"culoare:negru mat;lungime:2,2 m.l.";;DKTDmwA2icCZL2vSUjXum3;173117135412;0;0;0;0;https://alumineu.ro/produse/profile-cu-harpon/cornise/curtina-x402?editionuid=956663279972;
458830194052;;;;;"Profil CURTINA X402 - alb lucios - 3,2 m.l.";;;https://static.tildacdn.com/stor3135-3532-4534-a536-623032643331/27779827.png;203.57;;;"culoare:alb lucios;lungime:3,2 m.l.";;vdjAWIcdhHNfZhVE150J92;173117135412;0;0;0;0;https://alumineu.ro/produse/profile-cu-harpon/cornise/curtina-x402?editionuid=458830194052;
973723430772;;;;;"Profil CURTINA X402 - negru mat - 3,2 m.l.";;;https://static.tildacdn.com/stor6161-3534-4538-a664-646161303764/42891345.png;203.57;;;"culoare:negru mat;lungime:3,2 m.l.";;eePmEHIghXucCCjWcE2zy3;173117135412;0;0;0;0;https://alumineu.ro/produse/profile-cu-harpon/cornise/curtina-x402?editionuid=973723430772;
333014532202;;;;"profile cu harpon>>>cornișe";"Profil CURTINA X403";"profil patentat CURTINA X403® pentru realizarea nișelor ascunse de draperii, cu trei șanțuri pentru agățarea perdelelor și draperiilor în tavane extensibile cu sistem harpon. cu prindere laterală a pânzei.";;https://static.tildacdn.com/stor6262-3964-4433-a330-363230316365/42449150.png;;;;;;curtina_x403;;0;0;0;0;https://alumineu.ro/produse/profile-cu-harpon/cornise/curtina-x403;
293267787752;;;;;"Profil CURTINA X403 - alb mat - 2,0 m.l.";;;;148.43;;;"culoare:alb mat;lungime:2,0 m.l.";;yUubMVw1hqQAZdBztKRgZ2;333014532202;0;0;0;0;https://alumineu.ro/produse/profile-cu-harpon/cornise/curtina-x403?editionuid=293267787752;
196174289902;;;;;"Profil CURTINA X403 - negru mat - 2,0 m.l.";;;https://static.tildacdn.com/stor6262-3964-4433-a330-363230316365/42449150.png;148.43;;;"culoare:negru mat;lungime:2,0 m.l.";;hSqFGvnTjaggVAymnovmh0;333014532202;0;0;0;0;https://alumineu.ro/produse/profile-cu-harpon/cornise/curtina-x403?editionuid=196174289902;
701472319152;;;;;"Profil CURTINA X403 - alb lucios - 2,2 m.l.";;;;163.28;;;"culoare:alb lucios;lungime:2,2 m.l.";;smfA9ADrg9P4AffHsiprN2;333014532202;0;0;0;0;https://alumineu.ro/produse/profile-cu-harpon/cornise/curtina-x403?editionuid=701472319152;
265935541592;;;;;"Profil CURTINA X403 - negru mat - 2,2 m.l.";;;https://static.tildacdn.com/stor6262-3964-4433-a330-363230316365/42449150.png;163.28;;;"culoare:negru mat;lungime:2,2 m.l.";;Hxf-n56DhLa95Jq8oTmSb3;333014532202;0;0;0;0;https://alumineu.ro/produse/profile-cu-harpon/cornise/curtina-x403?editionuid=265935541592;
131946916342;;;;;"Profil CURTINA X403 - alb mat - 3,2 m.l.";;;;237.49;;;"culoare:alb mat;lungime:3,2 m.l.";;i3hGepcZiU3L8JqEJ2rtV0;333014532202;0;0;0;0;https://alumineu.ro/produse/profile-cu-harpon/cornise/curtina-x403?editionuid=131946916342;
848779219262;;;;;"Profil CURTINA X403 - negru mat - 3,2 m.l.";;;https://static.tildacdn.com/stor6262-3964-4433-a330-363230316365/42449150.png;237.49;;;"culoare:negru mat;lungime:3,2 m.l.";;jx2sQ0lhiTZsQVWNF9X2z0;333014532202;0;0;0;0;https://alumineu.ro/produse/profile-cu-harpon/cornise/curtina-x403?editionuid=848779219262;
822614506962;;;;;"Profil CURTINA X403 - alb lucios - 3,2 m.l.";;;https://static.tildacdn.com/stor6262-3964-4433-a330-363230316365/42449150.png;237.49;;;"culoare:alb lucios;lungime:3,2 m.l.";;34WwfpBUjupvpuPa3EpLr3;333014532202;0;0;0;0;https://alumineu.ro/produse/profile-cu-harpon/cornise/curtina-x403?editionuid=822614506962;
287608978832;;;;"profile cu harpon>>>cornișe";"Profil CURTINA X405";"profil patentat CURTINA X405® pentru realizarea nișelor ascunse de draperii, cu două șanțuri pentru agățarea perdelelor și draperiilor în tavane napinabile cu sistem harpon. iluminat.";;"https://static.tildacdn.com/stor6336-6539-4630-b237-383862633235/82833499.png https://static.tildacdn.com/stor3834-6436-4830-b832-646339373966/47603941.png";;;;;;curtina_x405;;0;0;0;0;https://alumineu.ro/produse/profile-cu-harpon/cornise/curtina-x405;
592438478472;;;;;"Profil CURTINA X405 - alb mat - 2,0 m.l.";;;https://static.tildacdn.com/stor3834-6436-4830-b832-646339373966/47603941.png;159.04;;;"culoare:alb mat;lungime:2,0 m.l.";;zRy2mTY3io-ReCRagT1MI2;287608978832;0;0;0;0;https://alumineu.ro/produse/profile-cu-harpon/cornise/curtina-x405?editionuid=592438478472;
505180922232;;;;;"Profil CURTINA X405 - negru mat - 2,0 m.l.";;;https://static.tildacdn.com/stor6336-6539-4630-b237-383862633235/82833499.png;159.04;;;"culoare:negru mat;lungime:2,0 m.l.";;9YYv8DXkjKpGTTDe3j99Y3;287608978832;0;0;0;0;https://alumineu.ro/produse/profile-cu-harpon/cornise/curtina-x405?editionuid=505180922232;
117525235192;;;;;"Profil CURTINA X405 - alb mat - 2,2 m.l.";;;https://static.tildacdn.com/stor3834-6436-4830-b832-646339373966/47603941.png;174.94;;;"culoare:alb mat;lungime:2,2 m.l.";;M7K8jSGug5rmTO1txLm922;287608978832;0;0;0;0;https://alumineu.ro/produse/profile-cu-harpon/cornise/curtina-x405?editionuid=117525235192;
803744608822;;;;;"Profil CURTINA X405 - negru mat - 2,2 m.l.";;;https://static.tildacdn.com/stor6336-6539-4630-b237-383862633235/82833499.png;174.94;;;"culoare:negru mat;lungime:2,2 m.l.";;Rid7eYeaihDEYyuGmwIm10;287608978832;0;0;0;0;https://alumineu.ro/produse/profile-cu-harpon/cornise/curtina-x405?editionuid=803744608822;
876089740212;;;;;"Profil CURTINA X405 - alb mat - 3,2 m.l.";;;https://static.tildacdn.com/stor3834-6436-4830-b832-646339373966/47603941.png;254.46;;;"culoare:alb mat;lungime:3,2 m.l.";;hRYJaVIahB4Jg-O10ZpbV0;287608978832;0;0;0;0;https://alumineu.ro/produse/profile-cu-harpon/cornise/curtina-x405?editionuid=876089740212;
759586955132;;;;;"Profil CURTINA X405 - negru mat - 3,2 m.l.";;;https://static.tildacdn.com/stor6336-6539-4630-b237-383862633235/82833499.png;254.46;;;"culoare:negru mat;lungime:3,2 m.l.";;QYtmUePthsfmVcpZ7LaHB2;287608978832;0;0;0;0;https://alumineu.ro/produse/profile-cu-harpon/cornise/curtina-x405?editionuid=759586955132;
847012159042;;;;"profile cu harpon>>>umbră LED";"Profil FLOATIA X301";"profil patentat FLOATIA X301® de perete, distanțier, pentru tavane napinane cu sistem de prindere a pânzei cu harpon. cu poliță pentru bandă LED. fără inserții și difuzoare.";;https://static.tildacdn.com/stor3431-3764-4662-b261-396335656162/27080112.png;;;;;;floatia_x301;;0;0;0;0;https://alumineu.ro/produse/profile-cu-harpon/umbra-led/floatia-x301;
747944340262;;;;;"Profil FLOATIA X301 - alb mat";;;https://static.tildacdn.com/stor3431-3764-4662-b261-396335656162/27080112.png;15.90;;;"culoare:alb mat";;jzysdA0nhEDukcRfamitz0;847012159042;0;0;0;0;https://alumineu.ro/produse/profile-cu-harpon/umbra-led/floatia-x301?editionuid=747944340262;
723868210042;;;;"profile cu harpon>>>umbră LED";"Profil FLOATIA X302";"profil patentat FLOATIA X302® de perete, distanțier, pentru tavane napinane cu sistem de prindere a pânzei cu harpon. cu poliță pentru bandă LED și inserție.";;https://static.tildacdn.com/stor3931-3330-4462-a435-366636663133/90638465.png;;;;;;floatia_x302;;0;0;0;0;https://alumineu.ro/produse/profile-cu-harpon/umbra-led/floatia-x302;
860427790322;;;;;"Profil FLOATIA X302 - nevopsit";;;;15.90;;;culoare:nevopsit;;IxT7oD8zhIbrnn2LbGw2D0;723868210042;0;0;0;0;https://alumineu.ro/produse/profile-cu-harpon/umbra-led/floatia-x302?editionuid=860427790322;
267826441912;;;;;"Profil FLOATIA X302 - alb mat";;;;19.61;;;"culoare:alb mat";;Y7mho3jShobDY2hUqkXX83;723868210042;0;0;0;0;https://alumineu.ro/produse/profile-cu-harpon/umbra-led/floatia-x302?editionuid=267826441912;
673141786352;;;;;"Profil FLOATIA X302 - negru mat";;;https://static.tildacdn.com/stor3931-3330-4462-a435-366636663133/90638465.png;19.61;;;"culoare:negru mat";;fxcs1s4Sg4i9usohMYyp11;723868210042;0;0;0;0;https://alumineu.ro/produse/profile-cu-harpon/umbra-led/floatia-x302?editionuid=673141786352;
473336826572;;;;"profile cu harpon>>>umbră";"Profil INVISIA X202";"profil patentat invisia x202® de perete, distanțier, pentru tavane napinane cu sistem de prindere a pânzei cu harpon.";;https://static.tildacdn.com/stor6364-3938-4362-a161-613065333330/51807590.png;;;;;;invisia_x202;;0;0;0;0;https://alumineu.ro/produse/profile-cu-harpon/umbra/invisia-x202;
799765399652;;;;;"Profil INVISIA X202 - negru mat";;;https://static.tildacdn.com/stor6364-3938-4362-a161-613065333330/51807590.png;13.25;;;"culoare:negru mat";;DJNjCqquhcS8YMhhFUUT-3;473336826572;0;0;0;0;https://alumineu.ro/produse/profile-cu-harpon/umbra/invisia-x202?editionuid=799765399652;
159363313312;;;;"profile cu harpon>>>umbră";"Profil INVISIA X205";"profil patentat INVISIA X205® de perete, distanțier, pentru tavane napinane cu sistem de prindere a pânzei cu harpon.";;https://static.tildacdn.com/stor3661-3636-4132-b561-373361633938/90510932.png;;;;;;invisia_x205;;0;0;0;0;https://alumineu.ro/produse/profile-cu-harpon/umbra/invisia-x205;
307017769502;;;;;"Profil INVISIA X205 - negru mat";;;https://static.tildacdn.com/stor3661-3636-4132-b561-373361633938/90510932.png;15.90;;;"culoare:negru mat";;lFPD6yXiiis-LJnoPBaa91;159363313312;0;0;0;0;https://alumineu.ro/produse/profile-cu-harpon/umbra/invisia-x205?editionuid=307017769502;
166924722462;;;;"profile cu harpon>>>umbră";"Profil INVISIA X204";"profil patentat INVISIA X204® separatoare, cu rost de umbră, pentru tavane napinane cu sistem de prindere a pânzei cu harpon. este utilizat pentru tavane napinane înclinate în poduri sau pentru împărțirea suprafeței pânzei în mai multe segmente fără utilizarea unei inserții de separare.";;https://static.tildacdn.com/stor3434-3265-4264-b037-393430303862/13731245.png;;;;;;invisia_x204;;0;0;0;0;https://alumineu.ro/produse/profile-cu-harpon/umbra/invisia-x204;
823128693102;;;;;"Profil INVISIA X204 - negru mat";;;https://static.tildacdn.com/stor3434-3265-4264-b037-393430303862/13731245.png;21.20;;;"culoare:negru mat";;zA59TVMAiMOOTZf15BUvl2;166924722462;0;0;0;0;https://alumineu.ro/produse/profile-cu-harpon/umbra/invisia-x204?editionuid=823128693102;
542484472972;;;;accesorii>>>inserții;"Inserție INSERTA Y015 f";;;https://static.tildacdn.com/stor6133-3135-4865-a562-356530373835/27961086.png;;;;;;inserta_y015_f;;0;0;0;0;https://alumineu.ro/tproduct/542484472972-inserie-inserta-y015-f;
212309594222;;;;;"Inserție INSERTA Y015 f - lăptos";;;https://static.tildacdn.com/stor6133-3135-4865-a562-356530373835/27961086.png;7.95;;;culoare:lăptos;;CWpGaKdlgRQIwS9TWZI6n0;542484472972;0;0;0;0;https://alumineu.ro/tproduct/542484472972-inserie-inserta-y015-f?editionuid=212309594222;
403840388992;;;;accesorii>>>inserții;"Inserție INSERTA Y030";;;https://static.tildacdn.com/stor6338-3032-4365-a632-656464336363/28728852.png;;;;;;inserta_y030;;0;0;0;0;https://alumineu.ro/tproduct/403840388992-inserie-inserta-y030;
419150027512;;;;;"Inserție INSERTA Y030 - lăptos";;;https://static.tildacdn.com/stor6338-3032-4365-a632-656464336363/28728852.png;7.95;;;culoare:lăptos;;MP9kMK6mg9LT--ZPdvSbb1;403840388992;0;0;0;0;https://alumineu.ro/tproduct/403840388992-inserie-inserta-y030?editionuid=419150027512;
677912169582;;;;"profile cu harpon>>>etanși";"Profil CLASSIX X140";;;https://static.tildacdn.com/stor6364-3837-4266-b039-343666393236/62434585.png;;;;;;classix_x140;;0;0;0;0;https://alumineu.ro/tproduct/677912169582-profil-classix-x140;
146115888752;;;;;"Profil CLASSIX X140 - nevopsit";;;https://static.tildacdn.com/stor6364-3837-4266-b039-343666393236/62434585.png;5.17;;;culoare:nevopsit;;V3cnnvOSiRXwOxWDjbAgp3;677912169582;0;0;0;0;https://alumineu.ro/tproduct/677912169582-profil-classix-x140?editionuid=146115888752;
361854489052;;;https://alumineu.pl/produkty/profile-harpunowe/konturowe/contura-x601;"profile cu harpon>>>conturați";"Profil CONTURA X601";"profil patentat CONTURA X601® de perete conturat pentru tavane extensibile cu sistem harpon de prindere a pânzei. cu poliță pentru bandă led pentru iluminare în jos prin pânză. conturul profilului este închis cu inserție de perete.";;https://static.tildacdn.com/stor3036-3130-4830-b964-653335323630/31124283.png;;;;;;contura_x601;;0;0;0;0;https://alumineu.ro/produse/profile-cu-harpon/conturati/contura-x601;
216356537132;;;;;"Profil CONTURA X601 - nevopsit";;;https://static.tildacdn.com/stor3036-3130-4830-b964-653335323630/31124283.png;10.60;;;culoare:nevopsit;;uOmKNKiKhPZzh4UNscvrM3;361854489052;0;0;0;0;https://alumineu.ro/produse/profile-cu-harpon/conturati/contura-x601?editionuid=216356537132;
920141555912;;;;"accesorii>>>elemente de fixare";"Element de fixare ANGLOVA Y401";;;https://static.tildacdn.com/stor6365-3236-4339-a238-356536633432/15655352.png;;;;;;anglova_y401;;0;0;0;0;https://alumineu.ro/tproduct/920141555912-element-de-fixare-anglova-y401;
555776503232;;;;;"Element de fixare ANGLOVA Y401 - nevopsit";;;;2.12;;;culoare:nevopsit;;5Iae0Kl7jHu3J80n7k6Nu3;920141555912;0;0;0;0;https://alumineu.ro/tproduct/920141555912-element-de-fixare-anglova-y401?editionuid=555776503232;
394448842072;;;;accesorii>>>inserții;"Inserție INSERTA Y008";;;https://static.tildacdn.com/stor3330-3764-4432-b434-356565386637/12476944.png;;;;;;inserta_y008;;0;0;0;0;https://alumineu.ro/tproduct/394448842072-inserie-inserta-y008;
698879683832;;;;;"Inserție INSERTA Y008 - lăptos";;;https://static.tildacdn.com/stor3330-3764-4432-b434-356565386637/12476944.png;2.65;;;culoare:lăptos;;5A33vrjxg2INi6FdYvYHV1;394448842072;0;0;0;0;https://alumineu.ro/tproduct/394448842072-inserie-inserta-y008?editionuid=698879683832;
569361295072;;;;;"Inserție INSERTA Y008 - negru";;;https://static.tildacdn.com/stor3330-3764-4432-b434-356565386637/12476944.png;2.65;;;culoare:negru;;Zm1YLzGFjDyJzl5BQ2AZK2;394448842072;0;0;0;0;https://alumineu.ro/tproduct/394448842072-inserie-inserta-y008?editionuid=569361295072;
491476579732;;;;accesorii>>>inserții;"Inserție INSERTA Y015";;;https://static.tildacdn.com/stor3262-3533-4437-a262-646666663033/40254816.png;;;;;;inserta_y015;;0;0;0;0;https://alumineu.ro/tproduct/491476579732-inserie-inserta-y015;
614951245542;;;;;"Inserție INSERTA Y015 - lăptos";;;;4.24;;;culoare:lăptos;;jWf3YVZMj28oz3Vn9Ruwa1;491476579732;0;0;0;0;https://alumineu.ro/tproduct/491476579732-inserie-inserta-y015?editionuid=614951245542;
135491542972;;;;accesorii>>>difuzoare;"Difuzoare DIFFUSY Y114";;;https://static.tildacdn.com/stor3739-3336-4832-a633-346330393834/68287842.png;;;;;;diffusy_y114;;0;0;0;0;https://alumineu.ro/tproduct/135491542972-difuzoare-diffusy-y114;
304306005972;;;;;"Difuzoare DIFFUSY Y114 - lăptos";;;https://static.tildacdn.com/stor3739-3336-4832-a633-346330393834/68287842.png;7.95;;;culoare:lăptos;;SVjKGGnNhIO8Ovbe-z0yF3;135491542972;0;0;0;0;https://alumineu.ro/tproduct/135491542972-difuzoare-diffusy-y114?editionuid=304306005972;
281981378952;;;;accesorii>>>difuzoare;"Difuzoare DIFFUSY Y130";;;"https://static.tildacdn.com/stor3738-6163-4735-b630-393236393437/65289824.png https://static.tildacdn.com/stor3065-3332-4937-b838-356630666435/74285236.png";;;;;;diffusy_y130;;0;0;0;0;https://alumineu.ro/tproduct/281981378952-difuzoare-diffusy-y130;
767414018712;;;;;"Difuzoare DIFFUSY Y130 - lăptos";;;https://static.tildacdn.com/stor3738-6163-4735-b630-393236393437/65289824.png;10.60;;;culoare:lăptos;;5ET97eXngrRKDRbIJ4YhN2;281981378952;0;0;0;0;https://alumineu.ro/tproduct/281981378952-difuzoare-diffusy-y130?editionuid=767414018712;
485436923792;;;;;"Difuzoare DIFFUSY Y130 - negru";;;https://static.tildacdn.com/stor3065-3332-4937-b838-356630666435/74285236.png;13.25;;;culoare:negru;;yfcIPkXYi7hGeHi9sRjg51;281981378952;0;0;0;0;https://alumineu.ro/tproduct/281981378952-difuzoare-diffusy-y130?editionuid=485436923792;
763859363792;;;;accesorii>>>difuzoare;"Difuzoare DIFFUSY Y150";;;https://static.tildacdn.com/stor3661-3637-4263-a466-373466323663/57851038.png;;;;;;diffusy_y150;;0;0;0;0;https://alumineu.ro/tproduct/763859363792-difuzoare-diffusy-y150;
254446403042;;;;;"Difuzoare DIFFUSY Y150 - lăptos";;;https://static.tildacdn.com/stor3661-3637-4263-a466-373466323663/57851038.png;15.90;;;culoare:lăptos;;Z0jQpgcsgfNvDPq3zycpi1;763859363792;0;0;0;0;https://alumineu.ro/tproduct/763859363792-difuzoare-diffusy-y150?editionuid=254446403042;
470344598332;;;;"accesorii>>>capace de capăt";"Capac de capăt ENDCAPP Y205";;;https://static.tildacdn.com/stor6238-6165-4865-b836-656338336132/33cad336a71c2080d29ebd3036a49148.png;;;;;;endcapp_y205;;0;0;0;0;https://alumineu.ro/produse/accesorii/capace-de-capat/endcapp-y205;
810085484922;;;;;"Capac de capăt ENDCAPP Y205 - alb mat";;;https://static.tildacdn.com/stor6238-6165-4865-b836-656338336132/33cad336a71c2080d29ebd3036a49148.png;26.51;;;"culoare:alb mat";;0tjwIdlUikOX0Ujz8iz0g0;470344598332;0;0;0;0;https://alumineu.ro/produse/accesorii/capace-de-capat/endcapp-y205?editionuid=810085484922;
339882443902;;;;;"Capac de capăt ENDCAPP Y205 - negru mat";;;https://static.tildacdn.com/stor6238-6165-4865-b836-656338336132/33cad336a71c2080d29ebd3036a49148.png;26.51;;;"culoare:negru mat";;s3hlPBkThtLs9b-VgS5-72;470344598332;0;0;0;0;https://alumineu.ro/produse/accesorii/capace-de-capat/endcapp-y205?editionuid=339882443902;
273075540082;;;;"accesorii>>>capace de capăt";"Capac de capăt ENDCAPP Y201";;;https://static.tildacdn.com/stor3431-3839-4139-b663-353239316432/4071e0c68210625aa1fed3d6b1d04267.png;;;;;;endcapp_y201;;0;0;0;0;https://alumineu.ro/produse/accesorii/capace-de-capat/endcapp-y201;
676735416342;;;;;"Capac de capăt ENDCAPP Y201 - negru lucios";;;;5.30;;;"culoare:negru lucios";;h5ANH4hyhaQ0ahlbaV9nf3;273075540082;0;0;0;0;https://alumineu.ro/produse/accesorii/capace-de-capat/endcapp-y201?editionuid=676735416342;
153689982452;;;;"accesorii>>>capace de capăt";"Capac de capăt ENDCAPP Y206";;;https://static.tildacdn.com/stor3461-3238-4436-b161-626533616634/e7ee6bfd2e72a17abd783ad83d7a283a.png;;;;;;endcapp_y206;;0;0;0;0;https://alumineu.ro/produse/accesorii/capace-de-capat/endcapp-y206;
154341777782;;;;;"Capac de capăt ENDCAPP Y206 - alb mat";;;https://static.tildacdn.com/stor3461-3238-4436-b161-626533616634/e7ee6bfd2e72a17abd783ad83d7a283a.png;10.60;;;"culoare:alb mat";;tPFY8g6HhI3goBhXwFAdR2;153689982452;0;0;0;0;https://alumineu.ro/produse/accesorii/capace-de-capat/endcapp-y206?editionuid=154341777782;
716456601892;;;;;"Capac de capăt ENDCAPP Y206 - negru mat";;;https://static.tildacdn.com/stor3461-3238-4436-b161-626533616634/e7ee6bfd2e72a17abd783ad83d7a283a.png;10.60;;;"culoare:negru mat";;qbmrWdNBhQrZ9Ppq1rO-N2;153689982452;0;0;0;0;https://alumineu.ro/produse/accesorii/capace-de-capat/endcapp-y206?editionuid=716456601892;
988478381852;;;;"accesorii>>>capace de capăt";"Capac de capăt ENDCAPP Y202";;;https://static.tildacdn.com/stor6431-6234-4365-a164-353031316565/068983dc86c7c006d91e7c0e68ace1fd.png;;;;;;endcapp_y202;;0;0;0;0;https://alumineu.ro/produse/accesorii/capace-de-capat/endcapp-y202;
177330421632;;;;;"Capac de capăt ENDCAPP Y202 - negru lucios";;;;5.30;;;"culoare:negru lucios";;9wJD0JkkglPzVeK5rRpif0;988478381852;0;0;0;0;https://alumineu.ro/produse/accesorii/capace-de-capat/endcapp-y202?editionuid=177330421632;
459945405532;;;;"accesorii>>>capace de capăt";"Capac de capăt ENDCAPP Y207";;;https://static.tildacdn.com/stor3362-3332-4165-a265-653562636563/9b7bcbf390257e54de7e3ea20799dcf5.png;;;;;;endcapp_y207;;0;0;0;0;https://alumineu.ro/produse/accesorii/capace-de-capat/endcapp-y207;
852370180662;;;;;"Capac de capăt ENDCAPP Y207 - negru mat";;;;10.60;;;"culoare:negru mat";;cLEZP2Ssga1osq6fjuzBl3;459945405532;0;0;0;0;https://alumineu.ro/produse/accesorii/capace-de-capat/endcapp-y207?editionuid=852370180662;
250855544632;;;;"accesorii>>>capace de capăt";"Capac de capăt ENDCAPP Y203";;;https://static.tildacdn.com/stor6239-3030-4265-b235-353534393864/5b6645fa5d61e7c1e367a902b7b00bb0.png;;;;;;endcapp_y203;;0;0;0;0;https://alumineu.ro/produse/accesorii/capace-de-capat/endcapp-y203;
126408199142;;;;;"Capac de capăt ENDCAPP Y203 - negru lucios";;;https://static.tildacdn.com/stor6239-3030-4265-b235-353534393864/5b6645fa5d61e7c1e367a902b7b00bb0.png;5.30;;;"culoare:negru lucios";;gjxLSmpZiFX6ORefsKjSS1;250855544632;0;0;0;0;https://alumineu.ro/produse/accesorii/capace-de-capat/endcapp-y203?editionuid=126408199142;
574247086712;;;;"accesorii>>>capace de capăt";"Capac de capăt ENDCAPP Y204";;;https://static.tildacdn.com/stor3738-6333-4630-b663-376439363133/6b41b99353f603ed86c0d4b7bd491dc3.png;;;;;;endcapp_y204;;0;0;0;0;https://alumineu.ro/produse/accesorii/capace-de-capat/endcapp-y204;
111263757932;;;;;"Capac de capăt ENDCAPP Y204 - negru lucios";;;https://static.tildacdn.com/stor3738-6333-4630-b663-376439363133/6b41b99353f603ed86c0d4b7bd491dc3.png;5.30;;;"culoare:negru lucios";;mY3nP58iiQbbhe6E8ifuq2;574247086712;0;0;0;0;https://alumineu.ro/produse/accesorii/capace-de-capat/endcapp-y204?editionuid=111263757932;
731234795962;;;;"profile cu harpon>>>cornișe";"Profil CURTINA X406";"cornis patentat CURTINA X406® cu două șanțuri pentru agățarea draperiilor și perdelelor. Pentru sistem de prindere a pânzei cu harpon.";;https://static.tildacdn.com/stor3266-3136-4335-b761-666233616636/30182184.png;;;;;;curtina_x406;;0;0;0;0;https://alumineu.ro/produse/profile-cu-harpon/cornise/curtina-x406;
321461814172;;;;;"Profil CURTINA X406 - alb mat - 3,2 m.l.";;;https://static.tildacdn.com/stor3266-3136-4335-b761-666233616636/30182184.png;84.82;;;"culoare:alb mat;lungime:3,2 m.l.";;vdRmfjJniS9p1gOygMbDs0;731234795962;0;0;0;0;https://alumineu.ro/produse/profile-cu-harpon/cornise/curtina-x406?editionuid=321461814172;
598458446862;;;;;"Profil CURTINA X406 - negru mat - 3,2 m.l.";;;https://static.tildacdn.com/stor3266-3136-4335-b761-666233616636/30182184.png;84.82;;;"culoare:negru mat;lungime:3,2 m.l.";;08Gs75cLiwndvRDfwZZkQ2;731234795962;0;0;0;0;https://alumineu.ro/produse/profile-cu-harpon/cornise/curtina-x406?editionuid=598458446862;
437903368922;;;;"profile cu harpon>>>cornișe";"Profil CURTINA X407";"cornis patentat CURTINA X407® cu un șanț pentru agățarea draperiilor și perdelelor. Pentru sistem de prindere a pânzei cu harpon.";;https://static.tildacdn.com/stor3332-3965-4231-a461-643535363133/41215857.png;;;;;;curtina_x407;;0;0;0;0;https://alumineu.ro/produse/profile-cu-harpon/cornise/curtina-x407;
384805841032;;;;;"Profil CURTINA X407 - alb mat - 2,0 m.l.";;;https://static.tildacdn.com/stor3332-3965-4231-a461-643535363133/41215857.png;29.69;;;"culoare:alb mat;lungime:2,0 m.l.";;cJyPtbDhhRAmihZrojWDn0;437903368922;0;0;0;0;https://alumineu.ro/produse/profile-cu-harpon/cornise/curtina-x407?editionuid=384805841032;
255274699252;;;;;"Profil CURTINA X407 - negru mat - 2,0 m.l.";;;https://static.tildacdn.com/stor3332-3965-4231-a461-643535363133/41215857.png;29.69;;;"culoare:negru mat;lungime:2,0 m.l.";;gtIKBLtJghv4WzA42yxPP1;437903368922;0;0;0;0;https://alumineu.ro/produse/profile-cu-harpon/cornise/curtina-x407?editionuid=255274699252;
860229210372;;;;"profile cu harpon>>>umbră";"Profil INVISIA X206";"profil patentat INVISIA X206® de tavan, distanțier, pentru tavane napinane cu sistem de prindere a pânzei cu harpon.";;https://static.tildacdn.com/stor3835-3266-4466-b235-353134356539/77956926.png;;;;;;invisia_x206;;0;0;0;0;https://alumineu.ro/produse/profile-cu-harpon/umbra/invisia-x206;
336484823622;;;;;"Profil INVISIA X206 - negru mat";;;https://static.tildacdn.com/stor3835-3266-4466-b235-353134356539/77956926.png;21.20;;;"culoare:negru mat";;EGXmtijjgeQdvXQSqdLGi3;860229210372;0;0;0;0;https://alumineu.ro/produse/profile-cu-harpon/umbra/invisia-x206?editionuid=336484823622;
578289099072;;;;"profile cu harpon>>>umbră";"Profil INVISIA X207";"profil patentat INVISIA X207® de tavan, distanțier, pentru ventilație în tavane napinane cu sistem de prindere a pânzei cu harpon.";;https://static.tildacdn.com/stor3339-6237-4235-b131-346431643731/31474637.png;;;;;;invisia_x207;;0;0;0;0;https://alumineu.ro/produse/profile-cu-harpon/umbra/invisia-x207;
479831501182;;;;;"Profil INVISIA X207 - negru mat";;;https://static.tildacdn.com/stor3339-6237-4235-b131-346431643731/31474637.png;31.81;;;"culoare:negru mat";;YZTju3ikgOF1-Sj6ktK6e2;578289099072;0;0;0;0;https://alumineu.ro/produse/profile-cu-harpon/umbra/invisia-x207?editionuid=479831501182;
150169575472;;;;"profile cu harpon>>>umbră";"Profil INVISIA X208";"profil patentat INVISIA X208® de tavan, distanțier, pentru tavane napinane cu sistem de prindere a pânzei cu harpon. Pentru ocolirea pereților complicați.";;https://static.tildacdn.com/stor3139-3639-4039-b463-346665613532/78688767.png;;;;;;invisia_x208;;0;0;0;0;https://alumineu.ro/produse/profile-cu-harpon/umbra/invisia-x208;
994668282432;;;;;"Profil INVISIA X208 - negru mat";;;;15.90;;;"culoare:negru mat";;eyVbkQihgGQtYR5EF0P4w0;150169575472;0;0;0;0;https://alumineu.ro/produse/profile-cu-harpon/umbra/invisia-x208?editionuid=994668282432;
288954167352;;;;"profile cu harpon>>>umbră";"Profil INVISIA X209";"profil patentat INVISIA X209® distanțier pentru tavane napinane cu sistem de prindere a pânzei cu harpon. Pentru ocolirea scărilor și luminatoarelor.";;https://static.tildacdn.com/stor3566-6236-4637-b937-393866626230/56260877.png;;;;;;invisia_x209;;0;0;0;0;https://alumineu.ro/produse/profile-cu-harpon/umbra/invisia-x209;
462428431762;;;;;"Profil INVISIA X209 - alb mat";;;https://static.tildacdn.com/stor3566-6236-4637-b937-393866626230/56260877.png;31.81;;;"culoare:alb mat";;cTT1GGAZj76alVXu4vaAe1;288954167352;0;0;0;0;https://alumineu.ro/produse/profile-cu-harpon/umbra/invisia-x209?editionuid=462428431762;
425076540332;;;;;"Profil INVISIA X209 - negru mat";;;https://static.tildacdn.com/stor3566-6236-4637-b937-393866626230/56260877.png;31.81;;;"culoare:negru mat";;EeRJkcybhq5xX9vhB-xzv3;288954167352;0;0;0;0;https://alumineu.ro/produse/profile-cu-harpon/umbra/invisia-x209?editionuid=425076540332;
864047075712;;;;"profile cu harpon>>>umbră LED";"Profil FLOATIA X303";"profil patentat FLOATIA X303® de tavan, distanțier, pentru tavane napinane cu sistem de prindere a pânzei cu harpon. cu poliță pentru bandă led și inserție.";;https://static.tildacdn.com/stor6364-3233-4336-a330-346635653239/26118892.png;;;;;;floatia_x303;;0;0;0;0;https://alumineu.ro/produse/profile-cu-harpon/umbra-led/floatia-x303;
832357855822;;;;;"Profil FLOATIA X303 - alb mat";;;;23.86;;;"culoare:alb mat";;xO7PAABriJTHSKVNGiuYl3;864047075712;0;0;0;0;https://alumineu.ro/produse/profile-cu-harpon/umbra-led/floatia-x303?editionuid=832357855822;
906636968422;;;;;"Profil FLOATIA X303 - negru mat";;;https://static.tildacdn.com/stor6364-3233-4336-a330-346635653239/26118892.png;23.86;;;"culoare:negru mat";;MyI2v2JMhnRtUrh6H58nz0;864047075712;0;0;0;0;https://alumineu.ro/produse/profile-cu-harpon/umbra-led/floatia-x303?editionuid=906636968422;
542737993872;;;;"profile cu harpon>>>dublu nivel";"Profil STRATOS X701";"profil patentat STRATOS X701® pentru tavane extensibile pe două niveluri, cu sistem harpon de prindere a pânzei. fără iluminare.";;https://static.tildacdn.com/stor3733-6632-4936-b834-386632393765/87572748.png;;;;;;stratos_x701;;0;0;0;0;https://alumineu.ro/produse/profile-cu-harpon/dublu-nivel/stratos-x701;
938257585092;;;;;"Profil STRATOS X701 - nevopsit";;;https://static.tildacdn.com/stor3733-6632-4936-b834-386632393765/87572748.png;37.11;;;culoare:nevopsit;;mCMAr4yQhDaPX-LNJ5RD73;542737993872;0;0;0;0;https://alumineu.ro/produse/profile-cu-harpon/dublu-nivel/stratos-x701?editionuid=938257585092;
180714057592;;;;"profile cu harpon>>>etanși";"Profil CLASSIX X130";;;https://static.tildacdn.com/stor3065-6435-4264-a632-663130373939/86516483.png;;;;;;classix_x130;;0;0;0;0;https://alumineu.ro/tproduct/180714057592-profil-classix-x130;
351656730772;;;;;"Profil CLASSIX X130 - nevopsit";;;https://static.tildacdn.com/stor3065-6435-4264-a632-663130373939/86516483.png;3.98;;;culoare:nevopsit;;lxFpGXGnhGh-TPEwCLiEt2;180714057592;0;0;0;0;https://alumineu.ro/tproduct/180714057592-profil-classix-x130?editionuid=351656730772;
593233210852;;;;"profile cu harpon>>>etanși";"Profil CLASSIX X101";;;https://static.tildacdn.com/stor6266-6636-4931-a463-303537373565/72309046.png;;;;;;classix_x101;;0;0;0;0;https://alumineu.ro/tproduct/593233210852-profil-classix-x101;
380588718002;;;;;"Profil CLASSIX X101 - nevopsit";;;https://static.tildacdn.com/stor6266-6636-4931-a463-303537373565/72309046.png;15.90;;;culoare:nevopsit;;rtBsri0AgIfzRs45xlYEo3;593233210852;0;0;0;0;https://alumineu.ro/tproduct/593233210852-profil-classix-x101?editionuid=380588718002;
576662810612;;;;"profile cu harpon>>>dublu nivel";"Profil STRATOS X704";"profil patentat STRATOS X704® pentru plafoane extensibile cu sistem de fixare a membranei de tip harpon. pentru realizarea construcțiilor și a nișelor.";;https://static.tildacdn.com/stor3537-3638-4161-b338-373733636161/69167924.png;;;;;;stratos_x704;;0;0;0;0;https://alumineu.ro/produse/profile-cu-harpon/dublu-nivel/stratos-x704;
374541289962;;;;;"Profil STRATOS X704 - alb mat";;;https://static.tildacdn.com/stor3537-3638-4161-b338-373733636161/69167924.png;31.81;;;"culoare:alb mat";;TTCe8rd4gfNWGALqZZ6XQ1;576662810612;0;0;0;0;https://alumineu.ro/produse/profile-cu-harpon/dublu-nivel/stratos-x704?editionuid=374541289962;
988216812582;;;;;"Profil STRATOS X704 - negru mat";;;https://static.tildacdn.com/stor3537-3638-4161-b338-373733636161/69167924.png;31.81;;;"culoare:negru mat";;5rGDU6PghnaCaAB4hbK363;576662810612;0;0;0;0;https://alumineu.ro/produse/profile-cu-harpon/dublu-nivel/stratos-x704?editionuid=988216812582;
513642533402;;;;"profile cu harpon>>>dublu nivel";"Profil STRATOS X703";"profil patentat STRATOS X703® pentru tavane extensibile cu sistem harpon de prindere a pânzei. Pentru realizarea structurilor, nișelor și ocolirea pereților complicati. cu poliță pentru bandă led.";;https://static.tildacdn.com/stor3539-3430-4436-a235-656131336235/64410682.png;;;;;;stratos_x703;;0;0;0;0;https://alumineu.ro/produse/profile-cu-harpon/dublu-nivel/stratos-x703;
658333943602;;;;;"Profil STRATOS X703 - nevopsit";;;https://static.tildacdn.com/stor3539-3430-4436-a235-656131336235/64410682.png;26.51;;;culoare:nevopsit;;9DTMhoqug8m-s5umlvoUH2;513642533402;0;0;0;0;https://alumineu.ro/produse/profile-cu-harpon/dublu-nivel/stratos-x703?editionuid=658333943602;
511268989722;;;;"profile cu harpon>>>dublu nivel";"Profil STRATOS X702";"profil patentat STRATOS X702® pentru tavane extensibile pe două niveluri, cu sistem harpon de prindere a pânzei. cu poliță pentru bandă LED și inserție.";;https://static.tildacdn.com/stor3164-3263-4663-b034-653039393232/18530707.png;;;;;;stratos_x702;;0;0;0;0;https://alumineu.ro/produse/profile-cu-harpon/dublu-nivel/stratos-x702;
169849761712;;;;;"Profil STRATOS X702 - nevopsit";;;https://static.tildacdn.com/stor3164-3263-4663-b034-653039393232/18530707.png;37.11;;;culoare:nevopsit;;A8KXwZGog4GTrG3uTcqe72;511268989722;0;0;0;0;https://alumineu.ro/produse/profile-cu-harpon/dublu-nivel/stratos-x702?editionuid=169849761712;
494525948182;;;;accesorii>>>alte;"Profil BANDURA X801";;;https://static.tildacdn.com/stor3732-6432-4539-b966-663461663932/17894692.png;;;;;;bandura_x801;;0;0;0;0;https://alumineu.ro/tproduct/494525948182-profil-bandura-x801;
606839674372;;;;;"Profil BANDURA X801 - nevopsit";;;https://static.tildacdn.com/stor3732-6432-4539-b966-663461663932/17894692.png;4.24;;;culoare:nevopsit;;Ld9AkcuQi0qA19EQUN-hA0;494525948182;0;0;0;0;https://alumineu.ro/tproduct/494525948182-profil-bandura-x801?editionuid=606839674372;
217942369232;;;;accesorii>>>cârlige;"Cârlige HOOKARA Y701";;;https://static.tildacdn.com/stor6264-3361-4963-a466-636130306630/93266bd2fa29130e2fcedcbed354c778.png;;;;;;hookara_y701;;0;0;0;0;https://alumineu.ro/produse/accesorii/carlige/hookara-y701;
560023745642;;;;;"Cârlige HOOKARA Y701 - alb";;;;21.20;43;;culoare:alb;;46uEut1Sg0K3ORag6S9WZ0;217942369232;0;0;0;0;https://alumineu.ro/produse/accesorii/carlige/hookara-y701?editionuid=560023745642;
607699718622;;;;;"Cârlige HOOKARA Y701 - negru";;;;10.60;0;;culoare:negru;;mCFJaYpDhGQpcRyrmU8W81;217942369232;0;0;0;0;https://alumineu.ro/produse/accesorii/carlige/hookara-y701?editionuid=607699718622;
178020715732;;;;accesorii>>>cârlige;"Opritor HOOKEND Y704";;;https://static.tildacdn.com/stor3434-3931-4937-b465-386465393335/adf983d00a26d6772357d0d938182c21.png;;;;;;hookend_y704;;0;0;0;0;https://alumineu.ro/produse/accesorii/opritoare/hookend-y704;
525005778822;;;;;"Opritor HOOKEND Y704 - alb";;;;2.65;23;;culoare:alb;;ysB7srkLhvaXhUm2B-WED1;178020715732;0;0;0;0;https://alumineu.ro/produse/accesorii/opritoare/hookend-y704?editionuid=525005778822;
424894777382;;;;;"Opritor HOOKEND Y704 - negru";;;;2.65;0;;culoare:negru;;rTvzIoD8go7VbGrUSWHeb2;178020715732;0;0;0;0;https://alumineu.ro/produse/accesorii/opritoare/hookend-y704?editionuid=424894777382;
749903659052;;;;amenajări>>>despărțitoare;"Despărțitor DECORRA";;;https://static.tildacdn.com/stor3138-3834-4638-a533-633634366632/aec74dbc672b8656795c289b9eacf319.png;;;;;;decorra;;0;0;0;0;https://alumineu.ro/tproduct/749903659052-despritor-decorra;
458412720982;;;;;"Despărțitor DECORRA - 500 mm - alb mat";;;;954.22;23;;"lungime:500 mm;culoare:alb mat";;ergHrlZUg2QIND1V8IhSJ2;749903659052;0;0;0;0;https://alumineu.ro/tproduct/749903659052-despritor-decorra?editionuid=458412720982;
944063163902;;;;;"Despărțitor DECORRA - 500 mm - negru mat";;;;954.22;23;;"lungime:500 mm;culoare:negru mat";;Uol4AUi6iIvTMzs54EO9j2;749903659052;0;0;0;0;https://alumineu.ro/tproduct/749903659052-despritor-decorra?editionuid=944063163902;
955812821282;;;;;"Despărțitor DECORRA - 1000 mm - alb mat";;;;1722.89;32;;"lungime:1000 mm;culoare:alb mat";;lp4e5bsYjDqziPV39cnuC2;749903659052;0;0;0;0;https://alumineu.ro/tproduct/749903659052-despritor-decorra?editionuid=955812821282;
321097006522;;;;;"Despărțitor DECORRA - 1000 mm - negru mat";;;;1722.89;33;;"lungime:1000 mm;culoare:negru mat";;bmi8XCqTjEWJdGyaSuIyc0;749903659052;0;0;0;0;https://alumineu.ro/tproduct/749903659052-despritor-decorra?editionuid=321097006522;
783208794242;;;;;"Despărțitor DECORRA - 1500 mm - alb mat";;;;2544.58;23;;"lungime:1500 mm;culoare:alb mat";;1DXQpiEKjE3GouFX6fQLj1;749903659052;0;0;0;0;https://alumineu.ro/tproduct/749903659052-despritor-decorra?editionuid=783208794242;
379781585392;;;;;"Despărțitor DECORRA - 1500 mm - negru mat";;;;2544.58;20;;"lungime:1500 mm;culoare:negru mat";;Mi1z6scziBgnL27xWxmwT2;749903659052;0;0;0;0;https://alumineu.ro/tproduct/749903659052-despritor-decorra?editionuid=379781585392;
641806196652;;;;"ventilație>>>difuzoare cu fante";"Ventilație AEROOOM";;;https://static.tildacdn.com/stor6431-3636-4137-a232-313761663865/d3ce48344503ac89c5f1fe9008b05a07.png;;;;;;aerooom;;0;0;0;0;https://alumineu.ro/produse/ventilatie/difuzoare-cu-fante/aerooom;
706260013052;;;;;"Ventilație AEROOOM - 0.7 m - negru mat";;;;381.69;18;;"lungime:0.7 m;culoare:negru mat";;67Bbx0xngULuV9UzemHTF3;641806196652;0;0;0;0;https://alumineu.ro/produse/ventilatie/difuzoare-cu-fante/aerooom?editionuid=706260013052;
803109027452;;;;;"Ventilație AEROOOM - 1 m - negru mat";;;;477.11;18;;"lungime:1 m;culoare:negru mat";;jvZowSDbjriTyuZ4gKOP73;641806196652;0;0;0;0;https://alumineu.ro/produse/ventilatie/difuzoare-cu-fante/aerooom?editionuid=803109027452;
486882816912;;;;;"Ventilație AEROOOM - 1.4 m - negru mat";;;;530.12;18;;"lungime:1.4 m;culoare:negru mat";;QUUROkmnjacZooCUHKa9k1;641806196652;0;0;0;0;https://alumineu.ro/produse/ventilatie/difuzoare-cu-fante/aerooom?editionuid=486882816912;
136496325732;;;;accesorii>>>difuzoare;"Difuzoare DIFFUSY Y134";;;https://static.tildacdn.com/stor3661-3637-4263-a466-373466323663/57851038.png;;;;;;diffusy_y134;;0;0;0;0;https://alumineu.ro/tproduct/136496325732-difuzoare-diffusy-y134;
759332458082;;;;;"Difuzoare DIFFUSY Y134 - lăptos";;;https://static.tildacdn.com/stor3661-3637-4263-a466-373466323663/57851038.png;13.25;;;culoare:lăptos;;OKOeFss5i43IMv6ZjYcRM3;136496325732;0;0;0;0;https://alumineu.ro/tproduct/136496325732-difuzoare-diffusy-y134?editionuid=759332458082;
598027277642;;;;"ventilație>>>difuzoare cu fante";"Ventilație AERROLL";;;https://static.tildacdn.com/stor6133-3239-4362-a164-313332383964/0ffc71065cbc6276439f04f9b1da140a.png;;;;;;aerroll_z;;0;0;0;0;https://alumineu.ro/produse/ventilatie/difuzoare-cu-fante/aerroll;
524475509742;;;;;"Ventilație AERROLL - Z007 - negru mat";;;;781.93;18;;"lungime:Z007;culoare:negru mat";;KKdTYiB5ilH9EwahKpKah0;598027277642;0;0;0;0;https://alumineu.ro/produse/ventilatie/difuzoare-cu-fante/aerroll?editionuid=524475509742;
766815740002;;;;;"Ventilație AERROLL - Z010 - negru mat";;;;993.98;18;;"lungime:Z010;culoare:negru mat";;ARWzP670jnmjJZpK5JsEU1;598027277642;0;0;0;0;https://alumineu.ro/produse/ventilatie/difuzoare-cu-fante/aerroll?editionuid=766815740002;
409179818542;;;;;"Ventilație AERROLL - Z014 - negru mat";;;;1060.24;18;;"lungime:Z014;culoare:negru mat";;xP5AwirJg8GaTPI5ZRvbx2;598027277642;0;0;0;0;https://alumineu.ro/produse/ventilatie/difuzoare-cu-fante/aerroll?editionuid=409179818542;
101987312642;;;;"profile cu clemă>>>cornișe";"Profil TISSURE Z405";"profil patentat TISSURE Z405® pentru realizarea nișelor ascunse pentru draperii cu două caneluri pentru agățarea perdelelor și draperiilor în tavanele extensibile din țesătură, iluminat.";;"https://static.tildacdn.com/stor6262-3964-4433-a330-363230316365/42449150.png https://static.tildacdn.com/stor6364-3265-4462-b063-643231393863/56824560.png";;;;;;tissure_z405;;0;0;0;0;https://alumineu.ro/produse/profile-cu-clema/cornise/tissure-z405;
481044407772;;;;;"Profil TISSURE Z405 - alb mat - 3,2 m.l.";;;https://static.tildacdn.com/stor6364-3265-4462-b063-643231393863/56824560.png;371.08;;;"culoare:alb mat;lungime:3,2 m.l.";;Zroo3n3djONt0OopEffYs1;101987312642;0;0;0;0;https://alumineu.ro/produse/profile-cu-clema/cornise/tissure-z405?editionuid=481044407772;
322544497102;;;;;"Profil TISSURE Z405 - negru mat - 3,2 m.l.";;;https://static.tildacdn.com/stor6262-3964-4433-a330-363230316365/42449150.png;371.08;;;"culoare:negru mat;lungime:3,2 m.l.";;ASFuUxWDgOBWCHN5ODymF1;101987312642;0;0;0;0;https://alumineu.ro/produse/profile-cu-clema/cornise/tissure-z405?editionuid=322544497102;
788646348982;;;;"profile cu clemă>>>dublu nivel";"Profil UNITEXA Z701";"profil patentat UNITEXA Z701® pentru realizarea nișelor de tavan și a corpurilor de iluminat în tavanele extensibile din țesătură.";;"https://static.tildacdn.com/stor6262-3964-4433-a330-363230316365/42449150.png https://static.tildacdn.com/stor6364-3265-4462-b063-643231393863/56824560.png";;;;;;unitexa_z701;;0;0;0;0;https://alumineu.ro/produse/profile-cu-clema/dublu-nivel/unitexa-z701;
142075302762;;;;;"Profil UNITEXA Z701 - alb mat - 2,0 m.l.";;;https://static.tildacdn.com/stor6364-3265-4462-b063-643231393863/56824560.png;71.57;;;"culoare:alb mat;lungime:2,0 m.l.";;SQKcK9vigikWY0Agh6ZSX0;788646348982;0;0;0;0;https://alumineu.ro/produse/profile-cu-clema/dublu-nivel/unitexa-z701?editionuid=142075302762;
904775031772;;;;;"Profil UNITEXA Z701 - negru mat - 2,0 m.l.";;;https://static.tildacdn.com/stor6262-3964-4433-a330-363230316365/42449150.png;71.57;;;"culoare:negru mat;lungime:2,0 m.l.";;zSQvbSNEiHa6S1KQEwaCY2;788646348982;0;0;0;0;https://alumineu.ro/produse/profile-cu-clema/dublu-nivel/unitexa-z701?editionuid=904775031772;
558739558982;;;;"profile cu clemă>>>luminoase";"Profil LUMNOVA Z008";"profil patentat LUMNOVA Z008® pentru crearea liniilor de lumină în tavanele extensibile din țesătură.";;https://static.tildacdn.com/stor3161-3863-4366-a466-666366666439/29601077.png;;;;;;lumnova_z008;;0;0;0;0;https://alumineu.ro/produse/profile-cu-clema/luminosi/lumnova-z008;
951728721442;;;;;"Profil LUMNOVA Z008 - negru mat - 2,0 m.l.";;;;106.02;;;"culoare:negru mat;lungime:2,0 m.l.";;eSviEBM8guhlvQefni07r1;558739558982;0;0;0;0;https://alumineu.ro/produse/profile-cu-clema/luminosi/lumnova-z008?editionuid=951728721442;
738971679242;;;;"profile cu clemă>>>cornișe";"Profil TISSURE Z401";"profil patentat TISSURE Z401® cu un singur canal pentru agățarea draperiilor și perdelelor în tavanele extensibile din țesătură.";;https://static.tildacdn.com/stor6262-3964-4433-a330-363230316365/42449150.png;;;;;;tissure_z401;;0;0;0;0;https://alumineu.ro/produse/profile-cu-clema/cornise/tissure-z401;
821983628842;;;;;"Profil TISSURE Z401 - alb mat - 2,0 m.l.";;;;132.53;;;"culoare:alb mat;lungime:2,0 m.l.";;1BcJh8vVg8aapGEcAUDrg1;738971679242;0;0;0;0;https://alumineu.ro/produse/profile-cu-clema/cornise/tissure-z401?editionuid=821983628842;
982705395482;;;;;"Profil TISSURE Z401 - negru mat - 2,0 m.l.";;;https://static.tildacdn.com/stor6262-3964-4433-a330-363230316365/42449150.png;132.53;;;"culoare:negru mat;lungime:2,0 m.l.";;hymJQJJTjY-YeQVF1giqT1;738971679242;0;0;0;0;https://alumineu.ro/produse/profile-cu-clema/cornise/tissure-z401?editionuid=982705395482;
187580245912;;;;"profile cu harpon>>>luminoase";"Profil LAMPLIX X930";"profil universal LAMPLIX X930 pentru realizarea liniilor luminoase și a corpurilor de iluminat aplicate, suspendate și încastrate.";;https://static.tildacdn.com/stor6361-3464-4730-b034-363066303337/88693751.png;;;;;;lamplix_x930;;0;0;0;0;https://alumineu.ro/produse/profile-cu-harpon/luminosi/lamplix-x930;
268577551862;;;;;"Profil LAMPLIX X930 - nevopsit";;;;26.51;;;culoare:nevopsit;;63SkQfPpjSYcEKuuMh-YG2;187580245912;0;0;0;0;https://alumineu.ro/produse/profile-cu-harpon/luminosi/lamplix-x930?editionuid=268577551862;
775734410552;;;;"profile cu harpon>>>luminoase";"Profil LAMPLIX X950";"profil universal LAMPLIX X950 pentru realizarea liniilor luminoase și a corpurilor de iluminat aplicate, suspendate și încastrate.";;https://static.tildacdn.com/stor3664-3563-4537-b138-643538303239/64803439.png;;;;;;lamplix_x950;;0;0;0;0;https://alumineu.ro/produse/profile-cu-harpon/luminosi/lamplix-x950;
427347716442;;;;;"Profil LAMPLIX X950 - nevopsit";;;;39.76;;;culoare:nevopsit;;Xo7o90pXhmhKf1FmlwptL2;775734410552;0;0;0;0;https://alumineu.ro/produse/profile-cu-harpon/luminosi/lamplix-x950?editionuid=427347716442;
136449452752;;;;"profile cu clemă>>>șină";"Profil VOLTIVA Z501";"profil patentat VOLTIVA Z501® pentru tavane extensibile din țesătură. În profilul VOLTIVA Z501® se montează iluminatul pe șină.";;https://static.tildacdn.com/stor3364-3566-4163-a262-383438663932/44794231.png;;;;;;voltiva_z501;;0;0;0;0;https://alumineu.ro/produse/profile-cu-clema/sina/voltiva-z501;
333574672972;;;;;"Profil VOLTIVA Z501 - negru mat";;;https://static.tildacdn.com/stor3364-3566-4163-a262-383438663932/44794231.png;251.81;;;"culoare:negru mat";;0WyuTzYWjCQp6Fj0LuztH0;136449452752;0;0;0;0;https://alumineu.ro/produse/profile-cu-clema/sina/voltiva-z501?editionuid=333574672972;
343236625502;;;;"profile cu harpon>>>cornișe";"Profil CURTINA X405 M";"profil patentat CURTINA X405 M® pentru realizarea nișelor ascunse de draperii, cu două șanțuri pentru agățarea perdelelor și draperiilor în tavane napinabile cu sistem harpon. iluminat.";;https://static.tildacdn.com/stor6336-6539-4630-b237-383862633235/82833499.png;;;;;;curtina_x405_m;;0;0;0;0;https://alumineu.ro/produse/profile-cu-harpon/cornise/curtina-x405-m;
164516627472;;;;;"Profil CURTINA X405 M - alb mat - 2,2 m.l.";;;;331.33;;;"culoare:alb mat;lungime:2,2 m.l.";;iSRbWSLtitojIsPO0sI9x2;343236625502;0;0;0;0;https://alumineu.ro/produse/profile-cu-harpon/cornise/curtina-x405-m?editionuid=164516627472;
718659662222;;;;;"Profil CURTINA X405 M - negru mat - 2,2 m.l.";;;;331.33;;;"culoare:negru mat;lungime:2,2 m.l.";;gA28ToLCggK3W8YPSsFkT1;343236625502;0;0;0;0;https://alumineu.ro/produse/profile-cu-harpon/cornise/curtina-x405-m?editionuid=718659662222;
339864126142;;;;;"Profil CURTINA X405 M - alb mat - 3,2 m.l.";;;;477.11;;;"culoare:alb mat;lungime:3,2 m.l.";;CkVvKhJbiGhhK2anvHdB33;343236625502;0;0;0;0;https://alumineu.ro/produse/profile-cu-harpon/cornise/curtina-x405-m?editionuid=339864126142;
802797533272;;;;;"Profil CURTINA X405 M - negru mat - 3,2 m.l.";;;;477.11;;;"culoare:negru mat;lungime:3,2 m.l.";;PIsjk6JZiDyyFLIyu2lyU0;343236625502;0;0;0;0;https://alumineu.ro/produse/profile-cu-harpon/cornise/curtina-x405-m?editionuid=802797533272;
968581961292;;;;"profile cu harpon>>>umbră LED";"Profil FLOATIA X304";"profil patentat FLOATIA X304® de tavan, distanțier, pentru tavane napinane cu sistem de prindere a pânzei cu harpon. cu poliță pentru bandă led și inserție.";;https://static.tildacdn.com/stor3761-6161-4465-a163-306333353936/53125697.png;;;;;;floatia_x304;;0;0;0;0;https://alumineu.ro/produse/profile-cu-harpon/umbra-led/floatia-x304;
346589621152;;;;;"Profil FLOATIA X304 - negru mat";;;https://static.tildacdn.com/stor3761-6161-4465-a163-306333353936/53125697.png;71.57;;;"culoare:negru mat";;OGuLhFuVjSlwHsBusU5Sf1;968581961292;0;0;0;0;https://alumineu.ro/produse/profile-cu-harpon/umbra-led/floatia-x304?editionuid=346589621152;
727520234412;;;;"profile cu harpon>>>cornișe";"Profil СURTINA X408";"profil patentat CURTINA X408® pentru realizarea nișelor drepte pentru draperii cu iluminare, cu posibilitatea montării ulterioare a cornișelor aplicate. destinat sistemului de prindere a membranei tip harpon.";;https://static.tildacdn.com/stor6233-3162-4332-a637-343430343962/86606358.png;;;;;;curtina_x408;;0;0;0;0;https://alumineu.ro/produse/profile-cu-harpon/cornise/curtina-x408;
250535359432;;;;;"Profil СURTINA X408 - nevopsit - 2,0 m.l.";;;https://static.tildacdn.com/stor6233-3162-4332-a637-343430343962/86606358.png;139.16;;;"culoare:nevopsit;lungime:2,0 m.l.";;FWceQ5ETivN6fBl0i-tWJ2;727520234412;0;0;0;0;https://alumineu.ro/produse/profile-cu-harpon/cornise/curtina-x408?editionuid=250535359432;
406408166412;;;;"profile cu harpon>>>cornișe";"Profil СURTINA X409";"profil patentat CURTINA X409® pentru realizarea nișelor drepte pentru draperii cu iluminare, cu posibilitatea montării ulterioare a cornișelor aplicate. destinat sistemului de prindere a membranei tip harpon.";;https://static.tildacdn.com/stor6364-3361-4734-b837-393765333733/65650818.png;;;;;;curtina_x409;;0;0;0;0;https://alumineu.ro/produse/profile-cu-harpon/cornise/curtina-x409;
566926447962;;;;;"Profil СURTINA X409 - nevopsit - 2,0 m.l.";;;https://static.tildacdn.com/stor6364-3361-4734-b837-393765333733/65650818.png;178.92;;;"culoare:nevopsit;lungime:2,0 m.l.";;LhsJi728gSt1-qEKriOWU2;406408166412;0;0;0;0;https://alumineu.ro/produse/profile-cu-harpon/cornise/curtina-x409?editionuid=566926447962;
774722272712;;;;"profile cu harpon>>>cornișe";"Profil СURTINA X410";"profil patentat CURTINA X410® pentru realizarea nișelor drepte pentru draperii cu iluminare, cu posibilitatea montării ulterioare a cornișelor aplicate. destinat sistemului de prindere a membranei tip harpon.";;https://static.tildacdn.com/stor3266-3835-4239-a365-326333313766/86962021.png;;;;;;curtina_x410;;0;0;0;0;https://alumineu.ro/produse/profile-cu-harpon/cornise/curtina-x410;
612166377572;;;;;"Profil СURTINA X410 - alb mat - 2,0 m.l.";;;https://static.tildacdn.com/stor3266-3835-4239-a365-326333313766/86962021.png;159.04;;;"culoare:alb mat;lungime:2,0 m.l.";;JLVFDRdrgtcM9IORQDzXv0;774722272712;0;0;0;0;https://alumineu.ro/produse/profile-cu-harpon/cornise/curtina-x410?editionuid=612166377572;
103807104462;;;;"profile cu harpon>>>cornișe";"Profil СURTINA X411";"profil patentat CURTINA X411® pentru realizarea nișelor drepte pentru draperii cu iluminare, cu posibilitatea montării ulterioare a cornișelor aplicate. destinat sistemului de prindere a membranei tip harpon.";;https://static.tildacdn.com/stor3937-3039-4264-a131-326137656637/60176346.png;;;;;;curtina_x411;;0;0;0;0;https://alumineu.ro/produse/profile-cu-harpon/cornise/curtina-x411;
832085323322;;;;;"Profil СURTINA X411 - alb mat - 2,0 m.l.";;;https://static.tildacdn.com/stor3937-3039-4264-a131-326137656637/60176346.png;225.30;;;"culoare:alb mat;lungime:2,0 m.l.";;KmK1hPPBihH4KDyWNRaPo0;103807104462;0;0;0;0;https://alumineu.ro/produse/profile-cu-harpon/cornise/curtina-x411?editionuid=832085323322;
902059193332;;;;"profile cu harpon>>>cornișe";"Profil CURTINA X404";"profil patentat CURTINA X404® pentru realizarea nișelor ascunse de draperii, cu trei șanțuri pentru montarea perdelelor și draperiilor. Pentru sistemul de prindere cu harpon, cu introducerea pânzei de jos.";;https://static.tildacdn.com/stor3363-3933-4634-a165-303932343562/78141218.png;;;;;;curtina_x404;;0;0;0;0;https://alumineu.ro/produse/profile-cu-harpon/cornise/curtina-x404;
364738696702;;;;;"Profil CURTINA X404 - alb lucios - 2,2 m.l.";;;;145.78;;;"culoare:alb lucios;lungime:2,2 m.l.";;ryMNNy0Vjq1ciFgP2gUaK3;902059193332;0;0;0;0;https://alumineu.ro/produse/profile-cu-harpon/cornise/curtina-x404?editionuid=364738696702;
808768864562;;;;;"Profil CURTINA X404 - alb lucios - 3,2 m.l.";;;;212.05;;;"culoare:alb lucios;lungime:3,2 m.l.";;6UZy5OEYgiU2cDd92z2R00;902059193332;0;0;0;0;https://alumineu.ro/produse/profile-cu-harpon/cornise/curtina-x404?editionuid=808768864562;
524679377792;;;;accesorii>>>cârlige;"Glisoare SLIDENE Y702";;;https://static.tildacdn.com/stor3938-6631-4538-b238-353236306564/7833059122ebbf6c4b4c97fd7e7b1139.png;;;;;;slidene_y702;;0;0;0;0;https://alumineu.ro/produse/accesorii/carlige/slidene-y702;
344794172552;;;;;"Glisoare SLIDENE Y702 - alb";;;;63.61;;;culoare:alb;;AxdssG3zilcc0nq8IRQCg0;524679377792;0;0;0;0;https://alumineu.ro/produse/accesorii/carlige/slidene-y702?editionuid=344794172552;
110026731232;;;;"profile cu harpon>>>cornișe";"Despartitoare DECORRA";;;https://static.tildacdn.com/stor3466-3631-4135-b664-356537626564/05f03ef72e3b11be17ac5299b49a87a1.png;;;;;;decorra;;0;0;0;0;https://alumineu.ro/produse/amenajari/despartitoare/decorra;
678751664762;;;;;"Despartitoare DECORRA - alb mat - 500 mm";;;;159.04;22;;"culoare:alb mat;lungime:500 mm";;ergHrlZUg2QIND1V8IhSJ2;110026731232;0;0;0;0;https://alumineu.ro/produse/amenajari/despartitoare/decorra?editionuid=678751664762;
751910279162;;;;;"Despartitoare DECORRA - negru mat - 500 mm";;;;159.04;22;;"culoare:negru mat;lungime:500 mm";;Uol4AUi6iIvTMzs54EO9j2;110026731232;0;0;0;0;https://alumineu.ro/produse/amenajari/despartitoare/decorra?editionuid=751910279162;
779087168242;;;;;"Despartitoare DECORRA - alb mat - 1000 mm";;;;174.94;23;;"culoare:alb mat;lungime:1000 mm";;lp4e5bsYjDqziPV39cnuC2;110026731232;0;0;0;0;https://alumineu.ro/produse/amenajari/despartitoare/decorra?editionuid=779087168242;
481940235692;;;;;"Despartitoare DECORRA - negru mat - 1000 mm";;;;174.94;23;;"culoare:negru mat;lungime:1000 mm";;bmi8XCqTjEWJdGyaSuIyc0;110026731232;0;0;0;0;https://alumineu.ro/produse/amenajari/despartitoare/decorra?editionuid=481940235692;
367218931862;;;;;"Despartitoare DECORRA - alb mat - 1500 mm";;;;254.46;22;;"culoare:alb mat;lungime:1500 mm";;1DXQpiEKjE3GouFX6fQLj1;110026731232;0;0;0;0;https://alumineu.ro/produse/amenajari/despartitoare/decorra?editionuid=367218931862;
818397774272;;;;;"Despartitoare DECORRA - negru mat - 1500 mm";;;;254.46;22;;"culoare:negru mat;lungime:1500 mm";;Mi1z6scziBgnL27xWxmwT2;110026731232;0;0;0;0;https://alumineu.ro/produse/amenajari/despartitoare/decorra?editionuid=818397774272;
991996900272;;;;"accesorii>>>capace de capăt";"Capac de capăt ENDCAPP Y212";;;https://static.tildacdn.com/stor6231-3635-4864-b738-636330386235/78ef50fb0fe0e706ff0419e7f0c938ec.png;;;;;;endcapp_y212;;0;0;0;0;https://alumineu.ro/produse/accesorii/capace-de-capat/endcapp-y212;
516561021822;;;;;"Capac de capăt ENDCAPP Y212 - negru mat";;;;112.65;;;"culoare:negru mat";;Y7HL3H--ifpDooOZXnkT61;991996900272;0;0;0;0;https://alumineu.ro/produse/accesorii/capace-de-capat/endcapp-y212?editionuid=516561021822;
988708166582;;;;"accesorii>>>capace de capăt";"Capac de capăt ENDCAPP Y211";;;https://static.tildacdn.com/stor6531-3231-4535-a366-613635623439/a396c645e867ed66ea13deccce9bd694.png;;;;;;endcapp_y211;;0;0;0;0;https://alumineu.ro/produse/accesorii/capace-de-capat/endcapp-y211;
290783598622;;;;;"Capac de capăt ENDCAPP Y211 - negru mat";;;;139.16;;;"culoare:negru mat";;B-1IK5jxibF9dkLSg6OE11;988708166582;0;0;0;0;https://alumineu.ro/produse/accesorii/capace-de-capat/endcapp-y211?editionuid=290783598622;
218311436652;;;;;"Capac de capăt ENDCAPP Y211 - alb mat";;;;139.16;;;"culoare:alb mat";;w7Y6MOgigz2Y0sizhfBYt3;988708166582;0;0;0;0;https://alumineu.ro/produse/accesorii/capace-de-capat/endcapp-y211?editionuid=218311436652;
184311871092;;;;"accesorii>>>capace de capăt";"Capac de capăt ENDCAPP Y210";;;https://static.tildacdn.com/stor3436-3164-4064-b066-383734656165/f8cb64501fc888b5be1de27f28a4e569.png;;;;;;endcapp_y210;;0;0;0;0;https://alumineu.ro/produse/accesorii/capace-de-capat/endcapp-y210;
542532211642;;;;;"Capac de capăt ENDCAPP Y210 - negru mat";;;;72.89;;;"culoare:negru mat";;Ue5JxBS6h-xDmc-T5sYN21;184311871092;0;0;0;0;https://alumineu.ro/produse/accesorii/capace-de-capat/endcapp-y210?editionuid=542532211642;
112268938532;;;;;"Capac de capăt ENDCAPP Y210 - alb mat";;;;72.89;;;"culoare:alb mat";;XfbpuCp4jKYvNsRl05mSV0;184311871092;0;0;0;0;https://alumineu.ro/produse/accesorii/capace-de-capat/endcapp-y210?editionuid=112268938532;
162687017992;;;;"accesorii>>>capace de capăt";"Capac de capăt ENDCAPP Y209";;;https://static.tildacdn.com/stor3233-3364-4562-b533-353064386464/36f333e3e72f5974b69acbf01fb82ae7.png;;;;;;endcapp_y209;;0;0;0;0;https://alumineu.ro/produse/accesorii/capace-de-capat/endcapp-y209;
471189498522;;;;;"Capac de capăt ENDCAPP Y209 - negru mat";;;;66.27;;;"culoare:negru mat";;caaW9qg3jIDvmqBhtmo3R3;162687017992;0;0;0;0;https://alumineu.ro/produse/accesorii/capace-de-capat/endcapp-y209?editionuid=471189498522;
719964470052;;;;"accesorii>>>capace de capăt";"Capac de capăt ENDCAPP Y208";;;https://static.tildacdn.com/stor6330-3563-4336-a433-646265356235/025164a38cd853e9b21fe96c6df42a6d.png;;;;;;endcapp_y208;;0;0;0;0;https://alumineu.ro/produse/accesorii/capace-de-capat/endcapp-y208;
646001084042;;;;;"Capac de capăt ENDCAPP Y208 - negru mat";;;;26.51;;;"culoare:negru mat";;cs1iWyovjnR0O5ccF07Z40;719964470052;0;0;0;0;https://alumineu.ro/produse/accesorii/capace-de-capat/endcapp-y208?editionuid=646001084042;
593269097464;;;;;"Capac de capăt ENDCAPP Y208 - alb mat";;;;26.51;;;"culoare:alb mat";;zk72JAY9i0ugmwAbZomQB0;719964470052;0;0;0;0;https://alumineu.ro/produse/accesorii/capace-de-capat/endcapp-y208?editionuid=593269097464;
233877357182;;;;accesorii>>>unelte;"Perforator PRASEKA Y805";;;https://static.tildacdn.com/stor3330-6530-4666-b764-306635353137/698554684b6101be6e9731de0e507714.png;344.58;;;;;zVHat4UNjWloiFXNPDt4r0;;0;0;0;0;https://alumineu.ro/produse/accesorii/unelte/spatula-y805;
375909434282;;;;accesorii>>>unelte;"Spatulă de montaj SPATULA Y801";;;https://static.tildacdn.com/stor3166-3065-4163-b737-616633663566/5cfa7b6059c371cc612d47e8fa59ec78.png;117.95;;;;;LAScFxUfgjRWkQO7x3vPO3;;0;0;0;0;https://alumineu.ro/produse/accesorii/unelte/spatula-y801;
997533462662;;;;accesorii>>>unelte;"Spatulă de montaj SPATULA Y802";;;https://static.tildacdn.com/stor3735-3365-4737-a439-326662303235/6b4986c5bf9011e6bf5d431c262491df.png;117.95;;;;;yhUnPSjLg-Bdtn9a16e4K1;;0;0;0;0;https://alumineu.ro/produse/accesorii/unelte/spatula-y802;
238799531662;;;;accesorii>>>unelte;"Spatulă de montaj SPATULA Y803";;;https://static.tildacdn.com/stor3231-6661-4435-b665-376564316165/4c4c3f1f8259ec16902aeed5ac9e5305.png;117.95;;;;;7EuwsAnyhMnvk1iniWvNZ2;;0;0;0;0;https://alumineu.ro/produse/accesorii/unelte/spatula-y803;
704761650372;;;;accesorii>>>unelte;"Spatulă de montaj SPATULA Y804";;;https://static.tildacdn.com/stor6437-3936-4662-b638-373037393065/d6f942f3acc3cb95348c550435e7685e.png;278.31;;;;;R2Byo-ePivRzvVzZ6j3813;;0;0;0;0;https://alumineu.ro/produse/accesorii/unelte/spatula-y804;
759123109062;;;;accesorii>>>difuzoare;"Difuzoare DIFFUSY Y108";;;https://static.tildacdn.com/stor3736-3166-4337-b034-623337313831/674a3e8ec0d993edd90fe730d529073a.png;;;;;;diffusy_y108;;0;0;0;0;https://alumineu.ro/produse/accesorii/difuzoare/diffusy-y108;
589002421432;;;;;"Difuzoare DIFFUSY Y108 - lăptos";;;https://static.tildacdn.com/stor3736-3166-4337-b034-623337313831/674a3e8ec0d993edd90fe730d529073a.png;39.76;;;culoare:lăptos;;I8dRSyr4j1PDRW6-je8T00;759123109062;0;0;0;0;https://alumineu.ro/produse/accesorii/difuzoare/diffusy-y108?editionuid=589002421432;
224433066892;;;;accesorii>>>cleme;"Clemă LOCKIUM Y301";;;https://static.tildacdn.com/stor6232-3163-4237-a436-646264656263/ed0c4f434312b07656fe7a4790ef890d.png;;;;;;lockium_y301;;0;0;0;0;https://alumineu.ro/produse/accesorii/cleme/lockium-y301;
953956018222;;;;;"Clemă LOCKIUM Y301 - alb";;;;7.95;;;culoare:alb;;TssncDOBgvi587XAXxOMF2;224433066892;0;0;0;0;https://alumineu.ro/produse/accesorii/cleme/lockium-y301?editionuid=953956018222;
728227599362;;;;accesorii>>>cârlige;"Glisoare SLIDENE Y703";;;https://static.tildacdn.com/stor6265-3932-4630-b065-343131646135/c2438311c0de4caf3ba7013ba2a42473.png;;;;;;slidene_y703;;0;0;0;0;https://alumineu.ro/produse/accesorii/carlige/slidene-y703;
791811575892;;;;;"Glisoare SLIDENE Y703 - alb";;;;3.45;;;culoare:alb;;5AoNq6UdhMzzZcpcgTh5m0;728227599362;0;0;0;0;https://alumineu.ro/produse/accesorii/carlige/slidene-y703?editionuid=791811575892;
761580362334;;;;;"Glisoare SLIDENE Y703 - negru";;;;3.45;;;culoare:negru;;FJSc0Zp5hm1Mg4SMhSTTh0;728227599362;0;0;0;0;https://alumineu.ro/produse/accesorii/carlige/slidene-y703?editionuid=761580362334;
684632729312;;;;accesorii>>>conectori;"Conector drept JOINTEK Y603";;;https://static.tildacdn.com/stor3136-6339-4262-b266-353731643664/79bc6d4a2276f958971a171bf744ac94.png;26.51;43;;;;68OGLVL0i2Yh2ygfi-iJ00;;0;0;0;0;https://alumineu.ro/produse/accesorii/conectori/jointek-y604;
321528310182;;;;accesorii>>>conectori;"Conector unghiular JOINTEK Y604";;;https://static.tildacdn.com/stor6135-3232-4235-a234-353633336539/1dc4fcca6f857e19e20927fc5095aa9d.png;26.51;43;;;;BxeEFynvjXZ-sYop6JbwX1;;0;0;0;0;https://alumineu.ro/produse/accesorii/conectori/jointek-y604;
156120593182;;;;accesorii>>>conectori;"Conector drept JOINTEK Y605";;;https://static.tildacdn.com/stor6365-3539-4436-b639-373430333733/b0ae5cf4f8b069d901d520a80e9d8623.png;53.01;44;;;;3MLLHH2IjgqO47skfI06r2;;0;0;0;0;https://alumineu.ro/produse/accesorii/conectori/jointek-y605;
581065369422;;;;accesorii>>>conectori;"Conector unghiular JOINTEK Y606";;;https://static.tildacdn.com/stor6365-3539-4436-b639-373430333733/b0ae5cf4f8b069d901d520a80e9d8623.png;53.01;41;;;;PQjsDtuygZ8U2CBSD-yFM3;;0;0;0;0;https://alumineu.ro/produse/accesorii/conectori/jointek-y606;
842658632652;;;;accesorii>>>dizpozitive;"Unelte STUSLON Y901";;;https://static.tildacdn.com/stor3430-6130-4732-b136-306530363438/90a27d200f1339899fb17fdfe24d4f3b.png;9.34;22;;;;yhkL5hiDgxPikbdZZ9Fw-2;;0;0;0;0;https://alumineu.ro/produse/accesorii/dizpozitive/stuslon-y901;
525532182322;;;;accesorii>>>dizpozitive;"Unelte STUSLON Y902";;;https://static.tildacdn.com/stor3730-6264-4536-b963-326464353131/b7bc3250bf7dfb3c6570280c94627138.png;10.60;22;;;;Ttlz5AqejNP0X23dgdQNF0;;0;0;0;0;https://alumineu.ro/produse/accesorii/dizpozitive/stuslon-y902;
435557381252;;;;accesorii>>>dizpozitive;"Unelte STUSLON Y903";;;https://static.tildacdn.com/stor3865-3631-4038-b639-383239396465/2604fb4f185f962d0a25311183aa2fec.png;9.28;22;;;;6BeeaaaDifZDxIxPgfCsB2;;0;0;0;0;https://alumineu.ro/produse/accesorii/dizpozitive/stuslon-y903;
962303061392;;;;accesorii>>>dizpozitive;"Unelte STABILE Y904";;;https://static.tildacdn.com/stor6665-3537-4962-b637-313437633939/4df173bf876573dd90fd7bca107fceb3.png;53.01;22;;;;OZHBJ5GwjxX4GRRLp--5I0;;0;0;0;0;https://alumineu.ro/produse/accesorii/dizpozitive/stuslon-y904;
494782532492;;;;accesorii>>>dizpozitive;"Unelte STABILE Y906";;;https://static.tildacdn.com/stor3864-6236-4665-b462-613039633062/6c45b567d1a8ed26b716e567d37ad0fa.png;53.01;22;;;;BhYSYrYwjZw4w-mkseFLK1;;0;0;0;0;https://alumineu.ro/produse/accesorii/dizpozitive/stuslon-y906;
410560733142;;;;accesorii>>>dizpozitive;"Unelte STABILE Y905";;;https://static.tildacdn.com/stor3933-3337-4231-a564-303630613839/7fe340a16e3bb6156b9b1b8894d4ecb5.png;53.01;22;;;;YvBn2CQPjF0bZ9wS2Otu83;;0;0;0;0;https://alumineu.ro/produse/accesorii/dizpozitive/stuslon-y905;
890113641954;;;;"accesorii>>>reducții de ventilație";"Reducție de ventilație AEROOOM Y911";;;https://static.tildacdn.com/stor3739-3939-4134-a639-396164633538/ce7f1749d31e6a9520ec3d87d6e535b7.png;;;;;;aerooom_y911;;0;0;0;0;https://alumineu.ro/produse/accesorii/reduciepentruventilaie/aeroom-y911;
886581746454;;;;;"Reducție de ventilație AEROOOM Y911";;;https://static.tildacdn.com/stor3739-3939-4134-a639-396164633538/ce7f1749d31e6a9520ec3d87d6e535b7.png;3.98;;;culoare:;;kKSei7ZTjZ4PuyPiq34942;890113641954;0;0;0;0;https://alumineu.ro/produse/accesorii/reduciepentruventilaie/aeroom-y911?editionuid=886581746454;
