Название фида,Идентификатор фида,Идентификатор клиента,Время загрузки
"PRODUCTS SOURCE 1","407644852","5785188396","22 мая 2026 г., 09:25 CEST"

Идентификатор,Номер строки,Сообщение,Тип,Значения,Название товара
,,"Слишком мало субатрибутов для product detail",Ошибка,&quot;Ячейка=R2&quot;,
,,"Слишком мало субатрибутов для product detail",Ошибка,&quot;Ячейка=R2&quot;,
,,"Слишком мало субатрибутов для product detail",Ошибка,&quot;Ячейка=R2&quot;,
,,"Слишком много субатрибутов для product detail",Ошибка,&quot;Ячейка=R2&quot;,
,,"Слишком мало субатрибутов для product detail",Ошибка,&quot;Ячейка=R3&quot;,
,,"Слишком мало субатрибутов для product detail",Ошибка,&quot;Ячейка=R4&quot;,
,,"Слишком мало субатрибутов для product detail",Ошибка,&quot;Ячейка=R5&quot;,
,,"Слишком мало субатрибутов для product detail",Ошибка,&quot;Ячейка=R6&quot;,
,,"Слишком мало субатрибутов для product detail",Ошибка,&quot;Ячейка=R7&quot;,
,,"Слишком мало субатрибутов для product detail",Ошибка,&quot;Ячейка=R8&quot;,
,,"Слишком мало субатрибутов для product detail",Ошибка,&quot;Ячейка=R9&quot;,
,,"Слишком мало субатрибутов для product detail",Ошибка,&quot;Ячейка=R10&quot;,
,,"Слишком мало субатрибутов для product detail",Ошибка,&quot;Ячейка=R11&quot;,
,,"Слишком мало субатрибутов для product detail",Ошибка,&quot;Ячейка=R12&quot;,
,,"Слишком мало субатрибутов для product detail",Ошибка,&quot;Ячейка=R13&quot;,
,,"Слишком мало субатрибутов для product detail",Ошибка,&quot;Ячейка=R14&quot;,
,,"Слишком мало субатрибутов для product detail",Ошибка,&quot;Ячейка=R15&quot;,
,,"Слишком мало субатрибутов для product detail",Ошибка,&quot;Ячейка=R16&quot;,
,,"Слишком мало субатрибутов для product detail",Ошибка,&quot;Ячейка=R17&quot;,
,,"Слишком мало субатрибутов для product detail",Ошибка,&quot;Ячейка=R18&quot;,
,,"Слишком мало субатрибутов для product detail",Ошибка,&quot;Ячейка=R19&quot;,
,,"Слишком мало субатрибутов для product detail",Ошибка,&quot;Ячейка=R20&quot;,
,,"Слишком мало субатрибутов для product detail",Ошибка,&quot;Ячейка=R21&quot;,
,,"Слишком мало субатрибутов для product detail",Ошибка,&quot;Ячейка=R22&quot;,
,,"Слишком мало субатрибутов для product detail",Ошибка,&quot;Ячейка=R23&quot;,
,,"Слишком мало субатрибутов для product detail",Ошибка,&quot;Ячейка=R24&quot;,
,,"Слишком мало субатрибутов для product detail",Ошибка,&quot;Ячейка=R25&quot;,
,,"Слишком мало субатрибутов для product detail",Ошибка,&quot;Ячейка=R26&quot;,
,,"Слишком мало субатрибутов для product detail",Ошибка,&quot;Ячейка=R27&quot;,
,,"Слишком мало субатрибутов для product detail",Ошибка,&quot;Ячейка=R28&quot;,
,,"Слишком мало субатрибутов для product detail",Ошибка,&quot;Ячейка=R29&quot;,
,,"Слишком мало субатрибутов для product detail",Ошибка,&quot;Ячейка=R30&quot;,
,,"Слишком мало субатрибутов для product detail",Ошибка,&quot;Ячейка=R31&quot;,
,,"Слишком мало субатрибутов для product detail",Ошибка,&quot;Ячейка=R32&quot;,
,,"Слишком мало субатрибутов для product detail",Ошибка,&quot;Ячейка=R33&quot;,
,,"Слишком мало субатрибутов для product detail",Ошибка,&quot;Ячейка=R34&quot;,
,,"Слишком мало субатрибутов для product detail",Ошибка,&quot;Ячейка=R35&quot;,
,,"Слишком мало субатрибутов для product detail",Ошибка,&quot;Ячейка=R36&quot;,
,,"Слишком мало субатрибутов для product detail",Ошибка,&quot;Ячейка=R37&quot;,
,,"Слишком мало субатрибутов для product detail",Ошибка,&quot;Ячейка=R38&quot;,
,,"Слишком мало субатрибутов для product detail",Ошибка,&quot;Ячейка=R39&quot;,
,,"Слишком мало субатрибутов для product detail",Ошибка,&quot;Ячейка=R40&quot;,
,,"Слишком мало субатрибутов для product detail",Ошибка,&quot;Ячейка=R41&quot;,
,,"Слишком мало субатрибутов для product detail",Ошибка,&quot;Ячейка=R42&quot;,
,,"Слишком мало субатрибутов для product detail",Ошибка,&quot;Ячейка=R43&quot;,
,,"Слишком мало субатрибутов для product detail",Ошибка,&quot;Ячейка=R44&quot;,
,,"Слишком мало субатрибутов для product detail",Ошибка,&quot;Ячейка=R45&quot;,
,,"Слишком мало субатрибутов для product detail",Ошибка,&quot;Ячейка=R46&quot;,
,,"Слишком мало субатрибутов для product detail",Ошибка,&quot;Ячейка=R47&quot;,
,,"Слишком мало субатрибутов для product detail",Ошибка,&quot;Ячейка=R48&quot;,
,,"Слишком мало субатрибутов для product detail",Ошибка,&quot;Ячейка=R49&quot;,
,,"Слишком мало субатрибутов для product detail",Ошибка,&quot;Ячейка=R50&quot;,
,,"Слишком мало субатрибутов для product detail",Ошибка,&quot;Ячейка=R51&quot;,
,,"Слишком мало субатрибутов для product detail",Ошибка,&quot;Ячейка=R52&quot;,
,,"Слишком мало субатрибутов для product detail",Ошибка,&quot;Ячейка=R53&quot;,
,,"Слишком мало субатрибутов для product detail",Ошибка,&quot;Ячейка=R54&quot;,
,,"Слишком мало субатрибутов для product detail",Ошибка,&quot;Ячейка=R55&quot;,
,,"Слишком мало субатрибутов для product detail",Ошибка,&quot;Ячейка=R56&quot;,
,,"Слишком мало субатрибутов для product detail",Ошибка,&quot;Ячейка=R57&quot;,
,,"Слишком мало субатрибутов для product detail",Ошибка,&quot;Ячейка=R58&quot;,
,,"Слишком мало субатрибутов для product detail",Ошибка,&quot;Ячейка=R59&quot;,
,,"Слишком мало субатрибутов для product detail",Ошибка,&quot;Ячейка=R60&quot;,
,,"Слишком мало субатрибутов для product detail",Ошибка,&quot;Ячейка=R61&quot;,
,,"Слишком мало субатрибутов для product detail",Ошибка,&quot;Ячейка=R62&quot;,
,,"Слишком мало субатрибутов для product detail",Ошибка,&quot;Ячейка=R63&quot;,
,,"Слишком мало субатрибутов для product detail",Ошибка,&quot;Ячейка=R64&quot;,
,,"Слишком мало субатрибутов для product detail",Ошибка,&quot;Ячейка=R65&quot;,
,,"Слишком мало субатрибутов для product detail",Ошибка,&quot;Ячейка=R66&quot;,
,,"Слишком мало субатрибутов для product detail",Ошибка,&quot;Ячейка=R67&quot;,
,,"Слишком мало субатрибутов для product detail",Ошибка,&quot;Ячейка=R68&quot;,
,,"Слишком мало субатрибутов для product detail",Ошибка,&quot;Ячейка=R69&quot;,
,,"Слишком мало субатрибутов для product detail",Ошибка,&quot;Ячейка=R70&quot;,
,,"Слишком мало субатрибутов для product detail",Ошибка,&quot;Ячейка=R71&quot;,
,,"Слишком мало субатрибутов для product detail",Ошибка,&quot;Ячейка=R72&quot;,
,,"Слишком мало субатрибутов для product detail",Ошибка,&quot;Ячейка=R73&quot;,
,,"Слишком мало субатрибутов для product detail",Ошибка,&quot;Ячейка=R74&quot;,
,,"Слишком мало субатрибутов для product detail",Ошибка,&quot;Ячейка=R75&quot;,
,,"Слишком мало субатрибутов для product detail",Ошибка,&quot;Ячейка=R76&quot;,
,,"Слишком мало субатрибутов для product detail",Ошибка,&quot;Ячейка=R77&quot;,
,,"Слишком мало субатрибутов для product detail",Ошибка,&quot;Ячейка=R78&quot;,
,,"Слишком мало субатрибутов для product detail",Ошибка,&quot;Ячейка=R79&quot;,
,,"Слишком мало субатрибутов для product detail",Ошибка,&quot;Ячейка=R80&quot;,
,,"Слишком мало субатрибутов для product detail",Ошибка,&quot;Ячейка=R81&quot;,
,,"Слишком мало субатрибутов для product detail",Ошибка,&quot;Ячейка=R82&quot;,
,,"Слишком мало субатрибутов для product detail",Ошибка,&quot;Ячейка=R83&quot;,
,,"Слишком мало субатрибутов для product detail",Ошибка,&quot;Ячейка=R84&quot;,
,,"Слишком мало субатрибутов для product detail",Ошибка,&quot;Ячейка=R85&quot;,
,,"Слишком мало субатрибутов для product detail",Ошибка,&quot;Ячейка=R86&quot;,
,,"Слишком мало субатрибутов для product detail",Ошибка,&quot;Ячейка=R87&quot;,
,,"Слишком мало субатрибутов для product detail",Ошибка,&quot;Ячейка=R88&quot;,
,,"Слишком мало субатрибутов для product detail",Ошибка,&quot;Ячейка=R89&quot;,
,,"Слишком мало субатрибутов для product detail",Ошибка,&quot;Ячейка=R90&quot;,
,,"Слишком мало субатрибутов для product detail",Ошибка,&quot;Ячейка=R91&quot;,
,,"Слишком мало субатрибутов для product detail",Ошибка,&quot;Ячейка=R92&quot;,
,,"Слишком мало субатрибутов для product detail",Ошибка,&quot;Ячейка=R93&quot;,
,,"Слишком мало субатрибутов для product detail",Ошибка,&quot;Ячейка=R94&quot;,
,,"Слишком мало субатрибутов для product detail",Ошибка,&quot;Ячейка=R95&quot;,
,,"Слишком мало субатрибутов для product detail",Ошибка,&quot;Ячейка=R96&quot;,
,,"Слишком мало субатрибутов для product detail",Ошибка,&quot;Ячейка=R97&quot;,
,,"Слишком мало субатрибутов для product detail",Ошибка,&quot;Ячейка=R98&quot;,
,,"Слишком мало субатрибутов для product detail",Ошибка,&quot;Ячейка=R99&quot;,
,,"Слишком мало субатрибутов для product detail",Ошибка,&quot;Ячейка=R100&quot;,
,,"Слишком мало субатрибутов для product detail",Ошибка,&quot;Ячейка=R101&quot;,
,,"Слишком мало субатрибутов для product detail",Ошибка,&quot;Ячейка=R102&quot;,
,,"Слишком мало субатрибутов для product detail",Ошибка,&quot;Ячейка=R103&quot;,
,,"Слишком мало субатрибутов для product detail",Ошибка,&quot;Ячейка=R104&quot;,
,,"Слишком мало субатрибутов для product detail",Ошибка,&quot;Ячейка=R105&quot;,
,,"Слишком мало субатрибутов для product detail",Ошибка,&quot;Ячейка=R106&quot;,
,,"Слишком мало субатрибутов для product detail",Ошибка,&quot;Ячейка=R107&quot;,
,,"Слишком мало субатрибутов для product detail",Ошибка,&quot;Ячейка=R108&quot;,
,,"Слишком мало субатрибутов для product detail",Ошибка,&quot;Ячейка=R109&quot;,
,,"Слишком мало субатрибутов для product detail",Ошибка,&quot;Ячейка=R110&quot;,
,,"Слишком мало субатрибутов для product detail",Ошибка,&quot;Ячейка=R111&quot;,
,,"Слишком мало субатрибутов для product detail",Ошибка,&quot;Ячейка=R112&quot;,
,,"Слишком мало субатрибутов для product detail",Ошибка,&quot;Ячейка=R113&quot;,
,,"Слишком мало субатрибутов для product detail",Ошибка,&quot;Ячейка=R114&quot;,
,,"Слишком мало субатрибутов для product detail",Ошибка,&quot;Ячейка=R115&quot;,
,,"Слишком мало субатрибутов для product detail",Ошибка,&quot;Ячейка=R116&quot;,
,,"Слишком мало субатрибутов для product detail",Ошибка,&quot;Ячейка=R117&quot;,
,,"Слишком мало субатрибутов для product detail",Ошибка,&quot;Ячейка=R118&quot;,
,,"Слишком мало субатрибутов для product detail",Ошибка,&quot;Ячейка=R119&quot;,
,,"Слишком мало субатрибутов для product detail",Ошибка,&quot;Ячейка=R120&quot;,
,,"Слишком мало субатрибутов для product detail",Ошибка,&quot;Ячейка=R121&quot;,
,,"Слишком мало субатрибутов для product detail",Ошибка,&quot;Ячейка=R122&quot;,
,,"Слишком мало субатрибутов для product detail",Ошибка,&quot;Ячейка=R123&quot;,
,,"Слишком мало субатрибутов для product detail",Ошибка,&quot;Ячейка=R124&quot;,
,,"Слишком мало субатрибутов для product detail",Ошибка,&quot;Ячейка=R125&quot;,
,,"Слишком мало субатрибутов для product detail",Ошибка,&quot;Ячейка=R126&quot;,
,,"Слишком мало субатрибутов для product detail",Ошибка,&quot;Ячейка=R127&quot;,
,,"Слишком мало субатрибутов для product detail",Ошибка,&quot;Ячейка=R128&quot;,
,,"Слишком мало субатрибутов для product detail",Ошибка,&quot;Ячейка=R129&quot;,
,,"Слишком мало субатрибутов для product detail",Ошибка,&quot;Ячейка=R130&quot;,
,,"Слишком мало субатрибутов для product detail",Ошибка,&quot;Ячейка=R131&quot;,
,,"Слишком мало субатрибутов для product detail",Ошибка,&quot;Ячейка=R132&quot;,
,,"Слишком мало субатрибутов для product detail",Ошибка,&quot;Ячейка=R133&quot;,
,,"Слишком мало субатрибутов для product detail",Ошибка,&quot;Ячейка=R134&quot;,
,,"Слишком мало субатрибутов для product detail",Ошибка,&quot;Ячейка=R135&quot;,
,,"Слишком мало субатрибутов для product detail",Ошибка,&quot;Ячейка=R136&quot;,
,,"Слишком мало субатрибутов для product detail",Ошибка,&quot;Ячейка=R137&quot;,
,,"Слишком мало субатрибутов для product detail",Ошибка,&quot;Ячейка=R138&quot;,
,,"Слишком мало субатрибутов для product detail",Ошибка,&quot;Ячейка=R139&quot;,
